Initialized native services in: /Users/aria/.gradle/native
Initialized jansi services in: /Users/aria/.gradle/native
The client will now receive all logging from the daemon (pid: 45275). The daemon log file: /Users/aria/.gradle/daemon/8.14/daemon-45275.out.log
Starting 2nd build in daemon [uptime: 1 mins 28.802 secs, performance: 98%, GC rate: 0.00/s, heap usage: 0% of 29.5 GiB]
Using 24 worker leases.
Now considering [/Users/aria/zaedalus/kotlin, /Users/aria/zaedalus/kotlin/repo/gradle-build-conventions/nodejs-configuration/build/tmp/generatePrecompiledScriptPluginAccessors/accessors1473293816878993587, /Users/aria/zaedalus/kotlin/repo/gradle-build-conventions/generators/build/tmp/generatePrecompiledScriptPluginAccessors/accessors5004382965487182818, /Users/aria/zaedalus/kotlin/repo/gradle-build-conventions/binaryen-configuration/build/tmp/generatePrecompiledScriptPluginAccessors/accessors16128206310748086852, /Users/aria/zaedalus/kotlin/repo/gradle-build-conventions/asm-deprecating-transformer/build/tmp/generatePrecompiledScriptPluginAccessors/accessors10851871414788444274, /Users/aria/zaedalus/kotlin/repo/gradle-build-conventions/buildsrc-compat/build/tmp/generatePrecompiledScriptPluginAccessors/accessors12675676451363569377, /Users/aria/zaedalus/kotlin/repo/gradle-build-conventions/buildsrc-compat/build/tmp/generatePrecompiledScriptPluginAccessors/accessors7155722662052032675, /Users/aria/zaedalus/kotlin/repo/gradle-build-conventions/gradle-plugins-documentation/build/tmp/generatePrecompiledScriptPluginAccessors/accessors6454669376307781242, /Users/aria/zaedalus/kotlin/repo/gradle-build-conventions/buildsrc-compat/build/tmp/generatePrecompiledScriptPluginAccessors/accessors17622515398227208583, /Users/aria/zaedalus/kotlin/repo/gradle-build-conventions/gradle-plugins-documentation/build/tmp/generatePrecompiledScriptPluginAccessors/accessors10443717309664746606, /Users/aria/zaedalus/kotlin/repo/gradle-build-conventions/gradle-plugins-common/build/tmp/generatePrecompiledScriptPluginAccessors/accessors4478910599511036135, /Users/aria/zaedalus/kotlin/repo/gradle-build-conventions/gradle-plugins-common/build/tmp/generatePrecompiledScriptPluginAccessors/accessors8076971845876343956, /Users/aria/zaedalus/kotlin/repo/gradle-build-conventions/gradle-plugins-common/build/tmp/generatePrecompiledScriptPluginAccessors/accessors7922675634331586470, /Users/aria/zaedalus/kotlin/repo/gradle-build-conventions/project-tests-convention/build/tmp/generatePrecompiledScriptPluginAccessors/accessors10014766120815573463, /Users/aria/zaedalus/kotlin/repo/gradle-build-conventions/android-sdk-provisioner/build/tmp/generatePrecompiledScriptPluginAccessors/accessors11094092547323385969, /Users/aria/zaedalus/kotlin/repo/gradle-build-conventions/d8-configuration/build/tmp/generatePrecompiledScriptPluginAccessors/accessors11041418633437131836, /Users/aria/zaedalus/wit-parser-kotlin, /Users/aria/zaedalus/kotlin/wit/gradle-plugin, /Users/aria/zaedalus/kotlin/repo/gradle-build-conventions, /Users/aria/zaedalus/kotlin/repo/gradle-settings-conventions] as hierarchies to watch
Now considering [/Users/aria/zaedalus/kotlin/repo/gradle-build-conventions, /Users/aria/zaedalus/kotlin, /Users/aria/zaedalus/kotlin/repo/gradle-build-conventions/nodejs-configuration/build/tmp/generatePrecompiledScriptPluginAccessors/accessors1473293816878993587, /Users/aria/zaedalus/kotlin/repo/gradle-build-conventions/generators/build/tmp/generatePrecompiledScriptPluginAccessors/accessors5004382965487182818, /Users/aria/zaedalus/kotlin/repo/gradle-build-conventions/binaryen-configuration/build/tmp/generatePrecompiledScriptPluginAccessors/accessors16128206310748086852, /Users/aria/zaedalus/kotlin/repo/gradle-build-conventions/asm-deprecating-transformer/build/tmp/generatePrecompiledScriptPluginAccessors/accessors10851871414788444274, /Users/aria/zaedalus/kotlin/repo/gradle-build-conventions/buildsrc-compat/build/tmp/generatePrecompiledScriptPluginAccessors/accessors12675676451363569377, /Users/aria/zaedalus/kotlin/repo/gradle-build-conventions/buildsrc-compat/build/tmp/generatePrecompiledScriptPluginAccessors/accessors7155722662052032675, /Users/aria/zaedalus/kotlin/repo/gradle-build-conventions/gradle-plugins-documentation/build/tmp/generatePrecompiledScriptPluginAccessors/accessors6454669376307781242, /Users/aria/zaedalus/kotlin/repo/gradle-build-conventions/buildsrc-compat/build/tmp/generatePrecompiledScriptPluginAccessors/accessors17622515398227208583, /Users/aria/zaedalus/kotlin/repo/gradle-build-conventions/gradle-plugins-documentation/build/tmp/generatePrecompiledScriptPluginAccessors/accessors10443717309664746606, /Users/aria/zaedalus/kotlin/repo/gradle-build-conventions/gradle-plugins-common/build/tmp/generatePrecompiledScriptPluginAccessors/accessors4478910599511036135, /Users/aria/zaedalus/kotlin/repo/gradle-build-conventions/gradle-plugins-common/build/tmp/generatePrecompiledScriptPluginAccessors/accessors8076971845876343956, /Users/aria/zaedalus/kotlin/repo/gradle-build-conventions/gradle-plugins-common/build/tmp/generatePrecompiledScriptPluginAccessors/accessors7922675634331586470, /Users/aria/zaedalus/kotlin/repo/gradle-build-conventions/project-tests-convention/build/tmp/generatePrecompiledScriptPluginAccessors/accessors10014766120815573463, /Users/aria/zaedalus/kotlin/repo/gradle-build-conventions/android-sdk-provisioner/build/tmp/generatePrecompiledScriptPluginAccessors/accessors11094092547323385969, /Users/aria/zaedalus/kotlin/repo/gradle-build-conventions/d8-configuration/build/tmp/generatePrecompiledScriptPluginAccessors/accessors11041418633437131836, /Users/aria/zaedalus/wit-parser-kotlin, /Users/aria/zaedalus/kotlin/wit/gradle-plugin, /Users/aria/zaedalus/kotlin/repo/gradle-settings-conventions] as hierarchies to watch
Now considering [/Users/aria/zaedalus/kotlin/wit/gradle-plugin, /Users/aria/zaedalus/kotlin/repo/gradle-build-conventions, /Users/aria/zaedalus/kotlin, /Users/aria/zaedalus/kotlin/repo/gradle-build-conventions/nodejs-configuration/build/tmp/generatePrecompiledScriptPluginAccessors/accessors1473293816878993587, /Users/aria/zaedalus/kotlin/repo/gradle-build-conventions/generators/build/tmp/generatePrecompiledScriptPluginAccessors/accessors5004382965487182818, /Users/aria/zaedalus/kotlin/repo/gradle-build-conventions/binaryen-configuration/build/tmp/generatePrecompiledScriptPluginAccessors/accessors16128206310748086852, /Users/aria/zaedalus/kotlin/repo/gradle-build-conventions/asm-deprecating-transformer/build/tmp/generatePrecompiledScriptPluginAccessors/accessors10851871414788444274, /Users/aria/zaedalus/kotlin/repo/gradle-build-conventions/buildsrc-compat/build/tmp/generatePrecompiledScriptPluginAccessors/accessors12675676451363569377, /Users/aria/zaedalus/kotlin/repo/gradle-build-conventions/buildsrc-compat/build/tmp/generatePrecompiledScriptPluginAccessors/accessors7155722662052032675, /Users/aria/zaedalus/kotlin/repo/gradle-build-conventions/gradle-plugins-documentation/build/tmp/generatePrecompiledScriptPluginAccessors/accessors6454669376307781242, /Users/aria/zaedalus/kotlin/repo/gradle-build-conventions/buildsrc-compat/build/tmp/generatePrecompiledScriptPluginAccessors/accessors17622515398227208583, /Users/aria/zaedalus/kotlin/repo/gradle-build-conventions/gradle-plugins-documentation/build/tmp/generatePrecompiledScriptPluginAccessors/accessors10443717309664746606, /Users/aria/zaedalus/kotlin/repo/gradle-build-conventions/gradle-plugins-common/build/tmp/generatePrecompiledScriptPluginAccessors/accessors4478910599511036135, /Users/aria/zaedalus/kotlin/repo/gradle-build-conventions/gradle-plugins-common/build/tmp/generatePrecompiledScriptPluginAccessors/accessors8076971845876343956, /Users/aria/zaedalus/kotlin/repo/gradle-build-conventions/gradle-plugins-common/build/tmp/generatePrecompiledScriptPluginAccessors/accessors7922675634331586470, /Users/aria/zaedalus/kotlin/repo/gradle-build-conventions/project-tests-convention/build/tmp/generatePrecompiledScriptPluginAccessors/accessors10014766120815573463, /Users/aria/zaedalus/kotlin/repo/gradle-build-conventions/android-sdk-provisioner/build/tmp/generatePrecompiledScriptPluginAccessors/accessors11094092547323385969, /Users/aria/zaedalus/kotlin/repo/gradle-build-conventions/d8-configuration/build/tmp/generatePrecompiledScriptPluginAccessors/accessors11041418633437131836, /Users/aria/zaedalus/wit-parser-kotlin, /Users/aria/zaedalus/kotlin/repo/gradle-settings-conventions] as hierarchies to watch
Now considering [/Users/aria/zaedalus/kotlin/repo/gradle-settings-conventions, /Users/aria/zaedalus/kotlin/wit/gradle-plugin, /Users/aria/zaedalus/kotlin/repo/gradle-build-conventions, /Users/aria/zaedalus/kotlin, /Users/aria/zaedalus/kotlin/repo/gradle-build-conventions/nodejs-configuration/build/tmp/generatePrecompiledScriptPluginAccessors/accessors1473293816878993587, /Users/aria/zaedalus/kotlin/repo/gradle-build-conventions/generators/build/tmp/generatePrecompiledScriptPluginAccessors/accessors5004382965487182818, /Users/aria/zaedalus/kotlin/repo/gradle-build-conventions/binaryen-configuration/build/tmp/generatePrecompiledScriptPluginAccessors/accessors16128206310748086852, /Users/aria/zaedalus/kotlin/repo/gradle-build-conventions/asm-deprecating-transformer/build/tmp/generatePrecompiledScriptPluginAccessors/accessors10851871414788444274, /Users/aria/zaedalus/kotlin/repo/gradle-build-conventions/buildsrc-compat/build/tmp/generatePrecompiledScriptPluginAccessors/accessors12675676451363569377, /Users/aria/zaedalus/kotlin/repo/gradle-build-conventions/buildsrc-compat/build/tmp/generatePrecompiledScriptPluginAccessors/accessors7155722662052032675, /Users/aria/zaedalus/kotlin/repo/gradle-build-conventions/gradle-plugins-documentation/build/tmp/generatePrecompiledScriptPluginAccessors/accessors6454669376307781242, /Users/aria/zaedalus/kotlin/repo/gradle-build-conventions/buildsrc-compat/build/tmp/generatePrecompiledScriptPluginAccessors/accessors17622515398227208583, /Users/aria/zaedalus/kotlin/repo/gradle-build-conventions/gradle-plugins-documentation/build/tmp/generatePrecompiledScriptPluginAccessors/accessors10443717309664746606, /Users/aria/zaedalus/kotlin/repo/gradle-build-conventions/gradle-plugins-common/build/tmp/generatePrecompiledScriptPluginAccessors/accessors4478910599511036135, /Users/aria/zaedalus/kotlin/repo/gradle-build-conventions/gradle-plugins-common/build/tmp/generatePrecompiledScriptPluginAccessors/accessors8076971845876343956, /Users/aria/zaedalus/kotlin/repo/gradle-build-conventions/gradle-plugins-common/build/tmp/generatePrecompiledScriptPluginAccessors/accessors7922675634331586470, /Users/aria/zaedalus/kotlin/repo/gradle-build-conventions/project-tests-convention/build/tmp/generatePrecompiledScriptPluginAccessors/accessors10014766120815573463, /Users/aria/zaedalus/kotlin/repo/gradle-build-conventions/android-sdk-provisioner/build/tmp/generatePrecompiledScriptPluginAccessors/accessors11094092547323385969, /Users/aria/zaedalus/kotlin/repo/gradle-build-conventions/d8-configuration/build/tmp/generatePrecompiledScriptPluginAccessors/accessors11041418633437131836, /Users/aria/zaedalus/wit-parser-kotlin] as hierarchies to watch
Now considering [/Users/aria/zaedalus/wit-parser-kotlin, /Users/aria/zaedalus/kotlin/repo/gradle-settings-conventions, /Users/aria/zaedalus/kotlin/wit/gradle-plugin, /Users/aria/zaedalus/kotlin/repo/gradle-build-conventions, /Users/aria/zaedalus/kotlin, /Users/aria/zaedalus/kotlin/repo/gradle-build-conventions/nodejs-configuration/build/tmp/generatePrecompiledScriptPluginAccessors/accessors1473293816878993587, /Users/aria/zaedalus/kotlin/repo/gradle-build-conventions/generators/build/tmp/generatePrecompiledScriptPluginAccessors/accessors5004382965487182818, /Users/aria/zaedalus/kotlin/repo/gradle-build-conventions/binaryen-configuration/build/tmp/generatePrecompiledScriptPluginAccessors/accessors16128206310748086852, /Users/aria/zaedalus/kotlin/repo/gradle-build-conventions/asm-deprecating-transformer/build/tmp/generatePrecompiledScriptPluginAccessors/accessors10851871414788444274, /Users/aria/zaedalus/kotlin/repo/gradle-build-conventions/buildsrc-compat/build/tmp/generatePrecompiledScriptPluginAccessors/accessors12675676451363569377, /Users/aria/zaedalus/kotlin/repo/gradle-build-conventions/buildsrc-compat/build/tmp/generatePrecompiledScriptPluginAccessors/accessors7155722662052032675, /Users/aria/zaedalus/kotlin/repo/gradle-build-conventions/gradle-plugins-documentation/build/tmp/generatePrecompiledScriptPluginAccessors/accessors6454669376307781242, /Users/aria/zaedalus/kotlin/repo/gradle-build-conventions/buildsrc-compat/build/tmp/generatePrecompiledScriptPluginAccessors/accessors17622515398227208583, /Users/aria/zaedalus/kotlin/repo/gradle-build-conventions/gradle-plugins-documentation/build/tmp/generatePrecompiledScriptPluginAccessors/accessors10443717309664746606, /Users/aria/zaedalus/kotlin/repo/gradle-build-conventions/gradle-plugins-common/build/tmp/generatePrecompiledScriptPluginAccessors/accessors4478910599511036135, /Users/aria/zaedalus/kotlin/repo/gradle-build-conventions/gradle-plugins-common/build/tmp/generatePrecompiledScriptPluginAccessors/accessors8076971845876343956, /Users/aria/zaedalus/kotlin/repo/gradle-build-conventions/gradle-plugins-common/build/tmp/generatePrecompiledScriptPluginAccessors/accessors7922675634331586470, /Users/aria/zaedalus/kotlin/repo/gradle-build-conventions/project-tests-convention/build/tmp/generatePrecompiledScriptPluginAccessors/accessors10014766120815573463, /Users/aria/zaedalus/kotlin/repo/gradle-build-conventions/android-sdk-provisioner/build/tmp/generatePrecompiledScriptPluginAccessors/accessors11094092547323385969, /Users/aria/zaedalus/kotlin/repo/gradle-build-conventions/d8-configuration/build/tmp/generatePrecompiledScriptPluginAccessors/accessors11041418633437131836] as hierarchies to watch
Calculating task graph as configuration cache cannot be reused because an input to task ':gradle-build-conventions:project-tests-convention:generatePrecompiledScriptPluginAccessors' has changed.
Now considering [/Users/aria/zaedalus/kotlin, /Users/aria/zaedalus/wit-parser-kotlin, /Users/aria/zaedalus/kotlin/repo/gradle-settings-conventions, /Users/aria/zaedalus/kotlin/wit/gradle-plugin, /Users/aria/zaedalus/kotlin/repo/gradle-build-conventions, /Users/aria/zaedalus/kotlin/repo/gradle-build-conventions/nodejs-configuration/build/tmp/generatePrecompiledScriptPluginAccessors/accessors1473293816878993587, /Users/aria/zaedalus/kotlin/repo/gradle-build-conventions/generators/build/tmp/generatePrecompiledScriptPluginAccessors/accessors5004382965487182818, /Users/aria/zaedalus/kotlin/repo/gradle-build-conventions/binaryen-configuration/build/tmp/generatePrecompiledScriptPluginAccessors/accessors16128206310748086852, /Users/aria/zaedalus/kotlin/repo/gradle-build-conventions/asm-deprecating-transformer/build/tmp/generatePrecompiledScriptPluginAccessors/accessors10851871414788444274, /Users/aria/zaedalus/kotlin/repo/gradle-build-conventions/buildsrc-compat/build/tmp/generatePrecompiledScriptPluginAccessors/accessors12675676451363569377, /Users/aria/zaedalus/kotlin/repo/gradle-build-conventions/buildsrc-compat/build/tmp/generatePrecompiledScriptPluginAccessors/accessors7155722662052032675, /Users/aria/zaedalus/kotlin/repo/gradle-build-conventions/gradle-plugins-documentation/build/tmp/generatePrecompiledScriptPluginAccessors/accessors6454669376307781242, /Users/aria/zaedalus/kotlin/repo/gradle-build-conventions/buildsrc-compat/build/tmp/generatePrecompiledScriptPluginAccessors/accessors17622515398227208583, /Users/aria/zaedalus/kotlin/repo/gradle-build-conventions/gradle-plugins-documentation/build/tmp/generatePrecompiledScriptPluginAccessors/accessors10443717309664746606, /Users/aria/zaedalus/kotlin/repo/gradle-build-conventions/gradle-plugins-common/build/tmp/generatePrecompiledScriptPluginAccessors/accessors4478910599511036135, /Users/aria/zaedalus/kotlin/repo/gradle-build-conventions/gradle-plugins-common/build/tmp/generatePrecompiledScriptPluginAccessors/accessors8076971845876343956, /Users/aria/zaedalus/kotlin/repo/gradle-build-conventions/gradle-plugins-common/build/tmp/generatePrecompiledScriptPluginAccessors/accessors7922675634331586470, /Users/aria/zaedalus/kotlin/repo/gradle-build-conventions/project-tests-convention/build/tmp/generatePrecompiledScriptPluginAccessors/accessors10014766120815573463, /Users/aria/zaedalus/kotlin/repo/gradle-build-conventions/android-sdk-provisioner/build/tmp/generatePrecompiledScriptPluginAccessors/accessors11094092547323385969, /Users/aria/zaedalus/kotlin/repo/gradle-build-conventions/d8-configuration/build/tmp/generatePrecompiledScriptPluginAccessors/accessors11041418633437131836] as hierarchies to watch
Watching the file system is configured to be enabled
File system watching is active
Starting Build
Now considering [/Users/aria/zaedalus/kotlin/repo/gradle-settings-conventions, /Users/aria/zaedalus/kotlin, /Users/aria/zaedalus/wit-parser-kotlin, /Users/aria/zaedalus/kotlin/wit/gradle-plugin, /Users/aria/zaedalus/kotlin/repo/gradle-build-conventions, /Users/aria/zaedalus/kotlin/repo/gradle-build-conventions/nodejs-configuration/build/tmp/generatePrecompiledScriptPluginAccessors/accessors1473293816878993587, /Users/aria/zaedalus/kotlin/repo/gradle-build-conventions/generators/build/tmp/generatePrecompiledScriptPluginAccessors/accessors5004382965487182818, /Users/aria/zaedalus/kotlin/repo/gradle-build-conventions/binaryen-configuration/build/tmp/generatePrecompiledScriptPluginAccessors/accessors16128206310748086852, /Users/aria/zaedalus/kotlin/repo/gradle-build-conventions/asm-deprecating-transformer/build/tmp/generatePrecompiledScriptPluginAccessors/accessors10851871414788444274, /Users/aria/zaedalus/kotlin/repo/gradle-build-conventions/buildsrc-compat/build/tmp/generatePrecompiledScriptPluginAccessors/accessors12675676451363569377, /Users/aria/zaedalus/kotlin/repo/gradle-build-conventions/buildsrc-compat/build/tmp/generatePrecompiledScriptPluginAccessors/accessors7155722662052032675, /Users/aria/zaedalus/kotlin/repo/gradle-build-conventions/gradle-plugins-documentation/build/tmp/generatePrecompiledScriptPluginAccessors/accessors6454669376307781242, /Users/aria/zaedalus/kotlin/repo/gradle-build-conventions/buildsrc-compat/build/tmp/generatePrecompiledScriptPluginAccessors/accessors17622515398227208583, /Users/aria/zaedalus/kotlin/repo/gradle-build-conventions/gradle-plugins-documentation/build/tmp/generatePrecompiledScriptPluginAccessors/accessors10443717309664746606, /Users/aria/zaedalus/kotlin/repo/gradle-build-conventions/gradle-plugins-common/build/tmp/generatePrecompiledScriptPluginAccessors/accessors4478910599511036135, /Users/aria/zaedalus/kotlin/repo/gradle-build-conventions/gradle-plugins-common/build/tmp/generatePrecompiledScriptPluginAccessors/accessors8076971845876343956, /Users/aria/zaedalus/kotlin/repo/gradle-build-conventions/gradle-plugins-common/build/tmp/generatePrecompiledScriptPluginAccessors/accessors7922675634331586470, /Users/aria/zaedalus/kotlin/repo/gradle-build-conventions/project-tests-convention/build/tmp/generatePrecompiledScriptPluginAccessors/accessors10014766120815573463, /Users/aria/zaedalus/kotlin/repo/gradle-build-conventions/android-sdk-provisioner/build/tmp/generatePrecompiledScriptPluginAccessors/accessors11094092547323385969, /Users/aria/zaedalus/kotlin/repo/gradle-build-conventions/d8-configuration/build/tmp/generatePrecompiledScriptPluginAccessors/accessors11041418633437131836] as hierarchies to watch
Redirecting repositories for settings in /Users/aria/zaedalus/kotlin/repo/gradle-settings-conventions
Resolved plugin [id: 'org.gradle.toolchains.foojay-resolver-convention', version: '0.9.0']
Resolved plugin [id: 'com.gradle.develocity', version: '3.19.2']
Using local directory build cache for build ':gradle-settings-conventions' (location = /Users/aria/.gradle/caches/build-cache-1, remove unused entries = after 7 days).
Now considering [/Users/aria/zaedalus/kotlin/repo/gradle-build-conventions, /Users/aria/zaedalus/kotlin/repo/gradle-settings-conventions, /Users/aria/zaedalus/kotlin, /Users/aria/zaedalus/wit-parser-kotlin, /Users/aria/zaedalus/kotlin/wit/gradle-plugin, /Users/aria/zaedalus/kotlin/repo/gradle-build-conventions/nodejs-configuration/build/tmp/generatePrecompiledScriptPluginAccessors/accessors1473293816878993587, /Users/aria/zaedalus/kotlin/repo/gradle-build-conventions/generators/build/tmp/generatePrecompiledScriptPluginAccessors/accessors5004382965487182818, /Users/aria/zaedalus/kotlin/repo/gradle-build-conventions/binaryen-configuration/build/tmp/generatePrecompiledScriptPluginAccessors/accessors16128206310748086852, /Users/aria/zaedalus/kotlin/repo/gradle-build-conventions/asm-deprecating-transformer/build/tmp/generatePrecompiledScriptPluginAccessors/accessors10851871414788444274, /Users/aria/zaedalus/kotlin/repo/gradle-build-conventions/buildsrc-compat/build/tmp/generatePrecompiledScriptPluginAccessors/accessors12675676451363569377, /Users/aria/zaedalus/kotlin/repo/gradle-build-conventions/buildsrc-compat/build/tmp/generatePrecompiledScriptPluginAccessors/accessors7155722662052032675, /Users/aria/zaedalus/kotlin/repo/gradle-build-conventions/gradle-plugins-documentation/build/tmp/generatePrecompiledScriptPluginAccessors/accessors6454669376307781242, /Users/aria/zaedalus/kotlin/repo/gradle-build-conventions/buildsrc-compat/build/tmp/generatePrecompiledScriptPluginAccessors/accessors17622515398227208583, /Users/aria/zaedalus/kotlin/repo/gradle-build-conventions/gradle-plugins-documentation/build/tmp/generatePrecompiledScriptPluginAccessors/accessors10443717309664746606, /Users/aria/zaedalus/kotlin/repo/gradle-build-conventions/gradle-plugins-common/build/tmp/generatePrecompiledScriptPluginAccessors/accessors4478910599511036135, /Users/aria/zaedalus/kotlin/repo/gradle-build-conventions/gradle-plugins-common/build/tmp/generatePrecompiledScriptPluginAccessors/accessors8076971845876343956, /Users/aria/zaedalus/kotlin/repo/gradle-build-conventions/gradle-plugins-common/build/tmp/generatePrecompiledScriptPluginAccessors/accessors7922675634331586470, /Users/aria/zaedalus/kotlin/repo/gradle-build-conventions/project-tests-convention/build/tmp/generatePrecompiledScriptPluginAccessors/accessors10014766120815573463, /Users/aria/zaedalus/kotlin/repo/gradle-build-conventions/android-sdk-provisioner/build/tmp/generatePrecompiledScriptPluginAccessors/accessors11094092547323385969, /Users/aria/zaedalus/kotlin/repo/gradle-build-conventions/d8-configuration/build/tmp/generatePrecompiledScriptPluginAccessors/accessors11041418633437131836] as hierarchies to watch

> Configure project :gradle-settings-conventions
Redirecting Kotlin/Native compiler download url
Using Kotlin Space bootstrap version 2.3.0-dev-10303 from https://redirector.kotlinlang.org/maven/bootstrap
Evaluating project ':gradle-settings-conventions' using build file '/Users/aria/zaedalus/kotlin/repo/gradle-settings-conventions/build.gradle.kts'.
Resolved plugin [id: 'org.jetbrains.kotlin.jvm', version: '2.3.0-dev-10303', apply: false]

> Configure project :gradle-settings-conventions:cache-redirector
Redirecting Kotlin/Native compiler download url
Using Kotlin Space bootstrap version 2.3.0-dev-10303 from https://redirector.kotlinlang.org/maven/bootstrap
Evaluating project ':gradle-settings-conventions:cache-redirector' using build file '/Users/aria/zaedalus/kotlin/repo/gradle-settings-conventions/cache-redirector/build.gradle.kts'.
Resolved plugin [id: 'org.gradle.kotlin.kotlin-dsl', version: '5.2.0']
Resolved plugin [id: 'org.jetbrains.kotlin.jvm', version: '2.3.0-dev-10303']
Build a8d4e5e3-b355-4bb7-83bb-b5a2d499190e is started
Using Kotlin Gradle Plugin gradle813 variant
kotlin scripting plugin: created the scripting discovery configuration: kotlinScriptDef
kotlin scripting plugin: created the scripting discovery configuration: testKotlinScriptDef
WARNING: Unsupported Kotlin plugin version.
The `embedded-kotlin` and `kotlin-dsl` plugins rely on features of Kotlin `2.0.21` that might work differently than in the requested version `2.3.0-dev-10303`.
file or directory '/Users/aria/zaedalus/kotlin/repo/gradle-settings-conventions/cache-redirector/src/main/java', not found

> Configure project :gradle-settings-conventions:develocity
Redirecting Kotlin/Native compiler download url
Using Kotlin Space bootstrap version 2.3.0-dev-10303 from https://redirector.kotlinlang.org/maven/bootstrap
Evaluating project ':gradle-settings-conventions:develocity' using build file '/Users/aria/zaedalus/kotlin/repo/gradle-settings-conventions/develocity/build.gradle.kts'.
Resolved plugin [id: 'org.gradle.kotlin.kotlin-dsl', version: '5.2.0']
Resolved plugin [id: 'org.jetbrains.kotlin.jvm', version: '2.3.0-dev-10303']
Using Kotlin Gradle Plugin gradle813 variant
kotlin scripting plugin: created the scripting discovery configuration: kotlinScriptDef
kotlin scripting plugin: created the scripting discovery configuration: testKotlinScriptDef
WARNING: Unsupported Kotlin plugin version.
The `embedded-kotlin` and `kotlin-dsl` plugins rely on features of Kotlin `2.0.21` that might work differently than in the requested version `2.3.0-dev-10303`.
file or directory '/Users/aria/zaedalus/kotlin/repo/gradle-settings-conventions/develocity/src/main/java', not found

> Configure project :gradle-settings-conventions:internal-gradle-setup
Redirecting Kotlin/Native compiler download url
Using Kotlin Space bootstrap version 2.3.0-dev-10303 from https://redirector.kotlinlang.org/maven/bootstrap
Evaluating project ':gradle-settings-conventions:internal-gradle-setup' using build file '/Users/aria/zaedalus/kotlin/repo/gradle-settings-conventions/internal-gradle-setup/build.gradle.kts'.
Resolved plugin [id: 'org.gradle.kotlin.kotlin-dsl', version: '5.2.0']
Resolved plugin [id: 'org.jetbrains.kotlin.jvm', version: '2.3.0-dev-10303']
Resolved plugin [id: 'org.jetbrains.kotlin.plugin.serialization', version: '2.3.0-dev-10303']
Variant Selection Exception: org.gradle.internal.component.resolution.failure.exception.VariantSelectionByAttributesException caused by Resolution Failure: org.gradle.internal.component.resolution.failure.type.NoVariantsWithMatchingCapabilitiesFailure
Variant Selection Exception: org.gradle.internal.component.resolution.failure.exception.VariantSelectionByAttributesException caused by Resolution Failure: org.gradle.internal.component.resolution.failure.type.NoVariantsWithMatchingCapabilitiesFailure
Using Kotlin Gradle Plugin gradle813 variant
kotlin scripting plugin: created the scripting discovery configuration: kotlinScriptDef
kotlin scripting plugin: created the scripting discovery configuration: testKotlinScriptDef
WARNING: Unsupported Kotlin plugin version.
The `embedded-kotlin` and `kotlin-dsl` plugins rely on features of Kotlin `2.0.21` that might work differently than in the requested version `2.3.0-dev-10303`.
file or directory '/Users/aria/zaedalus/kotlin/repo/gradle-settings-conventions/internal-gradle-setup/src/main/java', not found

> Configure project :gradle-settings-conventions:jvm-toolchain-provisioning
Redirecting Kotlin/Native compiler download url
Using Kotlin Space bootstrap version 2.3.0-dev-10303 from https://redirector.kotlinlang.org/maven/bootstrap
Evaluating project ':gradle-settings-conventions:jvm-toolchain-provisioning' using build file '/Users/aria/zaedalus/kotlin/repo/gradle-settings-conventions/jvm-toolchain-provisioning/build.gradle.kts'.
Resolved plugin [id: 'org.gradle.kotlin.kotlin-dsl', version: '5.2.0']
Resolved plugin [id: 'org.jetbrains.kotlin.jvm', version: '2.3.0-dev-10303']
Using Kotlin Gradle Plugin gradle813 variant
kotlin scripting plugin: created the scripting discovery configuration: kotlinScriptDef
kotlin scripting plugin: created the scripting discovery configuration: testKotlinScriptDef
WARNING: Unsupported Kotlin plugin version.
The `embedded-kotlin` and `kotlin-dsl` plugins rely on features of Kotlin `2.0.21` that might work differently than in the requested version `2.3.0-dev-10303`.
file or directory '/Users/aria/zaedalus/kotlin/repo/gradle-settings-conventions/jvm-toolchain-provisioning/src/main/java', not found

> Configure project :gradle-settings-conventions:kotlin-bootstrap
Redirecting Kotlin/Native compiler download url
Using Kotlin Space bootstrap version 2.3.0-dev-10303 from https://redirector.kotlinlang.org/maven/bootstrap
Evaluating project ':gradle-settings-conventions:kotlin-bootstrap' using build file '/Users/aria/zaedalus/kotlin/repo/gradle-settings-conventions/kotlin-bootstrap/build.gradle.kts'.
Resolved plugin [id: 'org.gradle.kotlin.kotlin-dsl', version: '5.2.0']
Resolved plugin [id: 'org.jetbrains.kotlin.jvm', version: '2.3.0-dev-10303']
Using Kotlin Gradle Plugin gradle813 variant
kotlin scripting plugin: created the scripting discovery configuration: kotlinScriptDef
kotlin scripting plugin: created the scripting discovery configuration: testKotlinScriptDef
WARNING: Unsupported Kotlin plugin version.
The `embedded-kotlin` and `kotlin-dsl` plugins rely on features of Kotlin `2.0.21` that might work differently than in the requested version `2.3.0-dev-10303`.
file or directory '/Users/aria/zaedalus/kotlin/repo/gradle-settings-conventions/kotlin-bootstrap/src/main/java', not found

> Configure project :gradle-settings-conventions:kotlin-daemon-config
Redirecting Kotlin/Native compiler download url
Using Kotlin Space bootstrap version 2.3.0-dev-10303 from https://redirector.kotlinlang.org/maven/bootstrap
Evaluating project ':gradle-settings-conventions:kotlin-daemon-config' using build file '/Users/aria/zaedalus/kotlin/repo/gradle-settings-conventions/kotlin-daemon-config/build.gradle.kts'.
Resolved plugin [id: 'org.gradle.kotlin.kotlin-dsl', version: '5.2.0']
Resolved plugin [id: 'org.jetbrains.kotlin.jvm', version: '2.3.0-dev-10303']
Using Kotlin Gradle Plugin gradle813 variant
kotlin scripting plugin: created the scripting discovery configuration: kotlinScriptDef
kotlin scripting plugin: created the scripting discovery configuration: testKotlinScriptDef
WARNING: Unsupported Kotlin plugin version.
The `embedded-kotlin` and `kotlin-dsl` plugins rely on features of Kotlin `2.0.21` that might work differently than in the requested version `2.3.0-dev-10303`.
file or directory '/Users/aria/zaedalus/kotlin/repo/gradle-settings-conventions/kotlin-daemon-config/src/main/java', not found
Resolved plugin [id: 'kotlin-bootstrap']
Resolved plugin [id: 'develocity']
Resolved plugin [id: 'jvm-toolchain-provisioning']
Resolved plugin [id: 'kotlin-daemon-config']
Resolved plugin [id: 'cache-redirector']
Starting process 'command '/usr/libexec/java_home''. Working directory: /Users/aria/.gradle/daemon/8.14 Command: /usr/libexec/java_home -V
Successfully started process 'command '/usr/libexec/java_home''
Resolve mutations for :gradle-settings-conventions:kotlin-bootstrap:checkKotlinGradlePluginConfigurationErrors (Thread[#848,Execution worker,5,main]) started.
Resolve mutations for :gradle-settings-conventions:develocity:checkKotlinGradlePluginConfigurationErrors (Thread[#850,Execution worker Thread 3,5,main]) started.
destroyer locations for task group 0 (Thread[#851,Execution worker Thread 4,5,main]) started.
Resolve mutations for :gradle-settings-conventions:jvm-toolchain-provisioning:checkKotlinGradlePluginConfigurationErrors (Thread[#849,Execution worker Thread 2,5,main]) started.
destroyer locations for task group 1 (Thread[#851,Execution worker Thread 4,5,main]) started.
Resolve mutations for :gradle-settings-conventions:kotlin-daemon-config:checkKotlinGradlePluginConfigurationErrors (Thread[#852,Execution worker Thread 5,5,main]) started.
Resolve mutations for :gradle-settings-conventions:cache-redirector:checkKotlinGradlePluginConfigurationErrors (Thread[#853,Execution worker Thread 6,5,main]) started.
:gradle-settings-conventions:develocity:checkKotlinGradlePluginConfigurationErrors (Thread[#850,Execution worker Thread 3,5,main]) started.
destroyer locations for task group 2 (Thread[#851,Execution worker Thread 4,5,main]) started.
:gradle-settings-conventions:jvm-toolchain-provisioning:checkKotlinGradlePluginConfigurationErrors (Thread[#849,Execution worker Thread 2,5,main]) started.
:gradle-settings-conventions:kotlin-bootstrap:checkKotlinGradlePluginConfigurationErrors (Thread[#848,Execution worker,5,main]) started.
:gradle-settings-conventions:kotlin-daemon-config:checkKotlinGradlePluginConfigurationErrors (Thread[#851,Execution worker Thread 4,5,main]) started.
:gradle-settings-conventions:cache-redirector:checkKotlinGradlePluginConfigurationErrors (Thread[#857,Execution worker Thread 10,5,main]) started.
destroyer locations for task group 3 (Thread[#852,Execution worker Thread 5,5,main]) started.

> Task :gradle-settings-conventions:develocity:checkKotlinGradlePluginConfigurationErrors SKIPPED
Skipping task ':gradle-settings-conventions:develocity:checkKotlinGradlePluginConfigurationErrors' as task onlyIf 'errorDiagnostics are present' is false.

> Task :gradle-settings-conventions:cache-redirector:checkKotlinGradlePluginConfigurationErrors SKIPPED
Skipping task ':gradle-settings-conventions:cache-redirector:checkKotlinGradlePluginConfigurationErrors' as task onlyIf 'errorDiagnostics are present' is false.
Resolve mutations for :gradle-settings-conventions:cache-redirector:generateExternalPluginSpecBuilders (Thread[#857,Execution worker Thread 10,5,main]) started.
Resolve mutations for :gradle-settings-conventions:develocity:generateExternalPluginSpecBuilders (Thread[#850,Execution worker Thread 3,5,main]) started.

> Task :gradle-settings-conventions:kotlin-daemon-config:checkKotlinGradlePluginConfigurationErrors SKIPPED
Skipping task ':gradle-settings-conventions:kotlin-daemon-config:checkKotlinGradlePluginConfigurationErrors' as task onlyIf 'errorDiagnostics are present' is false.

> Task :gradle-settings-conventions:kotlin-bootstrap:checkKotlinGradlePluginConfigurationErrors SKIPPED
Skipping task ':gradle-settings-conventions:kotlin-bootstrap:checkKotlinGradlePluginConfigurationErrors' as task onlyIf 'errorDiagnostics are present' is false.

> Task :gradle-settings-conventions:jvm-toolchain-provisioning:checkKotlinGradlePluginConfigurationErrors SKIPPED
Skipping task ':gradle-settings-conventions:jvm-toolchain-provisioning:checkKotlinGradlePluginConfigurationErrors' as task onlyIf 'errorDiagnostics are present' is false.
Resolve mutations for :gradle-settings-conventions:kotlin-bootstrap:generateExternalPluginSpecBuilders (Thread[#848,Execution worker,5,main]) started.
Resolve mutations for :gradle-settings-conventions:jvm-toolchain-provisioning:generateExternalPluginSpecBuilders (Thread[#860,Execution worker Thread 12,5,main]) started.
:gradle-settings-conventions:cache-redirector:generateExternalPluginSpecBuilders (Thread[#870,Execution worker Thread 22,5,main]) started.
:gradle-settings-conventions:kotlin-bootstrap:generateExternalPluginSpecBuilders (Thread[#848,Execution worker,5,main]) started.
:gradle-settings-conventions:jvm-toolchain-provisioning:generateExternalPluginSpecBuilders (Thread[#860,Execution worker Thread 12,5,main]) started.
:gradle-settings-conventions:develocity:generateExternalPluginSpecBuilders (Thread[#850,Execution worker Thread 3,5,main]) started.
Resolve mutations for :gradle-settings-conventions:kotlin-daemon-config:generateExternalPluginSpecBuilders (Thread[#851,Execution worker Thread 4,5,main]) started.
:gradle-settings-conventions:kotlin-daemon-config:generateExternalPluginSpecBuilders (Thread[#851,Execution worker Thread 4,5,main]) started.

> Task :gradle-settings-conventions:cache-redirector:generateExternalPluginSpecBuilders UP-TO-DATE
Build cache key for task ':gradle-settings-conventions:cache-redirector:generateExternalPluginSpecBuilders' is cbeae2e9145c9426f60ecd529072ffce
Skipping task ':gradle-settings-conventions:cache-redirector:generateExternalPluginSpecBuilders' as it is up-to-date.

> Task :gradle-settings-conventions:develocity:generateExternalPluginSpecBuilders UP-TO-DATE
Build cache key for task ':gradle-settings-conventions:develocity:generateExternalPluginSpecBuilders' is 288b1ace3a08b14799381423f651192d
Skipping task ':gradle-settings-conventions:develocity:generateExternalPluginSpecBuilders' as it is up-to-date.

> Task :gradle-settings-conventions:kotlin-daemon-config:generateExternalPluginSpecBuilders UP-TO-DATE
Build cache key for task ':gradle-settings-conventions:kotlin-daemon-config:generateExternalPluginSpecBuilders' is cbeae2e9145c9426f60ecd529072ffce
Skipping task ':gradle-settings-conventions:kotlin-daemon-config:generateExternalPluginSpecBuilders' as it is up-to-date.

> Task :gradle-settings-conventions:kotlin-bootstrap:generateExternalPluginSpecBuilders UP-TO-DATE
Build cache key for task ':gradle-settings-conventions:kotlin-bootstrap:generateExternalPluginSpecBuilders' is cbeae2e9145c9426f60ecd529072ffce
Skipping task ':gradle-settings-conventions:kotlin-bootstrap:generateExternalPluginSpecBuilders' as it is up-to-date.

> Task :gradle-settings-conventions:jvm-toolchain-provisioning:generateExternalPluginSpecBuilders UP-TO-DATE
Build cache key for task ':gradle-settings-conventions:jvm-toolchain-provisioning:generateExternalPluginSpecBuilders' is eef481c71069d7b72ce298bb3d620249
Skipping task ':gradle-settings-conventions:jvm-toolchain-provisioning:generateExternalPluginSpecBuilders' as it is up-to-date.
Resolve mutations for :gradle-settings-conventions:kotlin-daemon-config:extractPrecompiledScriptPluginPlugins (Thread[#851,Execution worker Thread 4,5,main]) started.
Resolve mutations for :gradle-settings-conventions:cache-redirector:extractPrecompiledScriptPluginPlugins (Thread[#856,Execution worker Thread 9,5,main]) started.
Resolve mutations for :gradle-settings-conventions:jvm-toolchain-provisioning:extractPrecompiledScriptPluginPlugins (Thread[#860,Execution worker Thread 12,5,main]) started.
Resolve mutations for :gradle-settings-conventions:kotlin-bootstrap:extractPrecompiledScriptPluginPlugins (Thread[#848,Execution worker,5,main]) started.
:gradle-settings-conventions:kotlin-daemon-config:extractPrecompiledScriptPluginPlugins (Thread[#851,Execution worker Thread 4,5,main]) started.
:gradle-settings-conventions:cache-redirector:extractPrecompiledScriptPluginPlugins (Thread[#856,Execution worker Thread 9,5,main]) started.
:gradle-settings-conventions:kotlin-bootstrap:extractPrecompiledScriptPluginPlugins (Thread[#848,Execution worker,5,main]) started.
Resolve mutations for :gradle-settings-conventions:develocity:extractPrecompiledScriptPluginPlugins (Thread[#855,Execution worker Thread 8,5,main]) started.
:gradle-settings-conventions:develocity:extractPrecompiledScriptPluginPlugins (Thread[#855,Execution worker Thread 8,5,main]) started.
:gradle-settings-conventions:jvm-toolchain-provisioning:extractPrecompiledScriptPluginPlugins (Thread[#849,Execution worker Thread 2,5,main]) started.

> Task :gradle-settings-conventions:kotlin-daemon-config:extractPrecompiledScriptPluginPlugins UP-TO-DATE
Build cache key for task ':gradle-settings-conventions:kotlin-daemon-config:extractPrecompiledScriptPluginPlugins' is 3faef242a3eb6c58fa515f440e29a176
Skipping task ':gradle-settings-conventions:kotlin-daemon-config:extractPrecompiledScriptPluginPlugins' as it is up-to-date.
Resolve mutations for :gradle-settings-conventions:kotlin-daemon-config:compilePluginsBlocks (Thread[#851,Execution worker Thread 4,5,main]) started.

> Task :gradle-settings-conventions:cache-redirector:extractPrecompiledScriptPluginPlugins UP-TO-DATE
Build cache key for task ':gradle-settings-conventions:cache-redirector:extractPrecompiledScriptPluginPlugins' is c94597e41e3bc3196ad35a3ec7266168
Skipping task ':gradle-settings-conventions:cache-redirector:extractPrecompiledScriptPluginPlugins' as it is up-to-date.

> Task :gradle-settings-conventions:develocity:extractPrecompiledScriptPluginPlugins UP-TO-DATE
Build cache key for task ':gradle-settings-conventions:develocity:extractPrecompiledScriptPluginPlugins' is 00618f3af75e159f5c281611371b5c9c
Skipping task ':gradle-settings-conventions:develocity:extractPrecompiledScriptPluginPlugins' as it is up-to-date.
Resolve mutations for :gradle-settings-conventions:cache-redirector:compilePluginsBlocks (Thread[#856,Execution worker Thread 9,5,main]) started.

> Task :gradle-settings-conventions:kotlin-bootstrap:extractPrecompiledScriptPluginPlugins UP-TO-DATE
Build cache key for task ':gradle-settings-conventions:kotlin-bootstrap:extractPrecompiledScriptPluginPlugins' is 6677d55d4f2e8b64e9c2c461258928fe
Skipping task ':gradle-settings-conventions:kotlin-bootstrap:extractPrecompiledScriptPluginPlugins' as it is up-to-date.
Resolve mutations for :gradle-settings-conventions:develocity:compilePluginsBlocks (Thread[#855,Execution worker Thread 8,5,main]) started.

> Task :gradle-settings-conventions:jvm-toolchain-provisioning:extractPrecompiledScriptPluginPlugins UP-TO-DATE
Build cache key for task ':gradle-settings-conventions:jvm-toolchain-provisioning:extractPrecompiledScriptPluginPlugins' is 812bbcefe8ec4ebd8102454b2ebb9ac5
Skipping task ':gradle-settings-conventions:jvm-toolchain-provisioning:extractPrecompiledScriptPluginPlugins' as it is up-to-date.
Resolve mutations for :gradle-settings-conventions:kotlin-bootstrap:compilePluginsBlocks (Thread[#848,Execution worker,5,main]) started.
:gradle-settings-conventions:kotlin-daemon-config:compilePluginsBlocks (Thread[#851,Execution worker Thread 4,5,main]) started.
:gradle-settings-conventions:cache-redirector:compilePluginsBlocks (Thread[#856,Execution worker Thread 9,5,main]) started.
:gradle-settings-conventions:kotlin-bootstrap:compilePluginsBlocks (Thread[#848,Execution worker,5,main]) started.
:gradle-settings-conventions:develocity:compilePluginsBlocks (Thread[#855,Execution worker Thread 8,5,main]) started.
Resolve mutations for :gradle-settings-conventions:jvm-toolchain-provisioning:compilePluginsBlocks (Thread[#849,Execution worker Thread 2,5,main]) started.
:gradle-settings-conventions:jvm-toolchain-provisioning:compilePluginsBlocks (Thread[#849,Execution worker Thread 2,5,main]) started.

> Task :gradle-settings-conventions:kotlin-daemon-config:compilePluginsBlocks UP-TO-DATE
Custom actions are attached to task ':gradle-settings-conventions:kotlin-daemon-config:compilePluginsBlocks'.
Build cache key for task ':gradle-settings-conventions:kotlin-daemon-config:compilePluginsBlocks' is 9ec662d88ea21f44a7b7b4d3e853864c
Skipping task ':gradle-settings-conventions:kotlin-daemon-config:compilePluginsBlocks' as it is up-to-date.

> Task :gradle-settings-conventions:develocity:compilePluginsBlocks UP-TO-DATE
Custom actions are attached to task ':gradle-settings-conventions:develocity:compilePluginsBlocks'.
Build cache key for task ':gradle-settings-conventions:develocity:compilePluginsBlocks' is e8a287679554b0a616f6a8f11c8f37ae
Skipping task ':gradle-settings-conventions:develocity:compilePluginsBlocks' as it is up-to-date.

> Task :gradle-settings-conventions:cache-redirector:compilePluginsBlocks UP-TO-DATE
Custom actions are attached to task ':gradle-settings-conventions:cache-redirector:compilePluginsBlocks'.
Build cache key for task ':gradle-settings-conventions:cache-redirector:compilePluginsBlocks' is 9ec662d88ea21f44a7b7b4d3e853864c
Skipping task ':gradle-settings-conventions:cache-redirector:compilePluginsBlocks' as it is up-to-date.
Resolve mutations for :gradle-settings-conventions:kotlin-daemon-config:generatePrecompiledScriptPluginAccessors (Thread[#851,Execution worker Thread 4,5,main]) started.

> Task :gradle-settings-conventions:kotlin-bootstrap:compilePluginsBlocks UP-TO-DATE
Custom actions are attached to task ':gradle-settings-conventions:kotlin-bootstrap:compilePluginsBlocks'.
Build cache key for task ':gradle-settings-conventions:kotlin-bootstrap:compilePluginsBlocks' is 9ec662d88ea21f44a7b7b4d3e853864c
Skipping task ':gradle-settings-conventions:kotlin-bootstrap:compilePluginsBlocks' as it is up-to-date.

> Task :gradle-settings-conventions:jvm-toolchain-provisioning:compilePluginsBlocks UP-TO-DATE
Custom actions are attached to task ':gradle-settings-conventions:jvm-toolchain-provisioning:compilePluginsBlocks'.
Build cache key for task ':gradle-settings-conventions:jvm-toolchain-provisioning:compilePluginsBlocks' is 12704b5b830b9d904e862fca1931924e
Skipping task ':gradle-settings-conventions:jvm-toolchain-provisioning:compilePluginsBlocks' as it is up-to-date.
Resolve mutations for :gradle-settings-conventions:cache-redirector:generatePrecompiledScriptPluginAccessors (Thread[#856,Execution worker Thread 9,5,main]) started.
Resolve mutations for :gradle-settings-conventions:develocity:generatePrecompiledScriptPluginAccessors (Thread[#855,Execution worker Thread 8,5,main]) started.
:gradle-settings-conventions:cache-redirector:generatePrecompiledScriptPluginAccessors (Thread[#856,Execution worker Thread 9,5,main]) started.
:gradle-settings-conventions:develocity:generatePrecompiledScriptPluginAccessors (Thread[#855,Execution worker Thread 8,5,main]) started.
:gradle-settings-conventions:kotlin-daemon-config:generatePrecompiledScriptPluginAccessors (Thread[#851,Execution worker Thread 4,5,main]) started.
Resolve mutations for :gradle-settings-conventions:jvm-toolchain-provisioning:generatePrecompiledScriptPluginAccessors (Thread[#849,Execution worker Thread 2,5,main]) started.
Resolve mutations for :gradle-settings-conventions:kotlin-bootstrap:generatePrecompiledScriptPluginAccessors (Thread[#848,Execution worker,5,main]) started.
:gradle-settings-conventions:jvm-toolchain-provisioning:generatePrecompiledScriptPluginAccessors (Thread[#849,Execution worker Thread 2,5,main]) started.
:gradle-settings-conventions:kotlin-bootstrap:generatePrecompiledScriptPluginAccessors (Thread[#848,Execution worker,5,main]) started.

> Task :gradle-settings-conventions:kotlin-daemon-config:generatePrecompiledScriptPluginAccessors UP-TO-DATE
Build cache key for task ':gradle-settings-conventions:kotlin-daemon-config:generatePrecompiledScriptPluginAccessors' is eafd80b70fe7844329c622155e1efa9d
Skipping task ':gradle-settings-conventions:kotlin-daemon-config:generatePrecompiledScriptPluginAccessors' as it is up-to-date.
Resolve mutations for :gradle-settings-conventions:kotlin-daemon-config:generateScriptPluginAdapters (Thread[#851,Execution worker Thread 4,5,main]) started.

> Task :gradle-settings-conventions:jvm-toolchain-provisioning:generatePrecompiledScriptPluginAccessors UP-TO-DATE
Build cache key for task ':gradle-settings-conventions:jvm-toolchain-provisioning:generatePrecompiledScriptPluginAccessors' is 16ed51170e7ce7c8e7dc6efdb41234b9
Skipping task ':gradle-settings-conventions:jvm-toolchain-provisioning:generatePrecompiledScriptPluginAccessors' as it is up-to-date.

> Task :gradle-settings-conventions:kotlin-bootstrap:generatePrecompiledScriptPluginAccessors UP-TO-DATE
Build cache key for task ':gradle-settings-conventions:kotlin-bootstrap:generatePrecompiledScriptPluginAccessors' is 9bf72b2c83d0aa145d03263024cefe01
Skipping task ':gradle-settings-conventions:kotlin-bootstrap:generatePrecompiledScriptPluginAccessors' as it is up-to-date.
Resolve mutations for :gradle-settings-conventions:jvm-toolchain-provisioning:generateScriptPluginAdapters (Thread[#849,Execution worker Thread 2,5,main]) started.
:gradle-settings-conventions:kotlin-daemon-config:generateScriptPluginAdapters (Thread[#851,Execution worker Thread 4,5,main]) started.
:gradle-settings-conventions:jvm-toolchain-provisioning:generateScriptPluginAdapters (Thread[#849,Execution worker Thread 2,5,main]) started.

> Task :gradle-settings-conventions:cache-redirector:generatePrecompiledScriptPluginAccessors UP-TO-DATE
Build cache key for task ':gradle-settings-conventions:cache-redirector:generatePrecompiledScriptPluginAccessors' is b3371d15dc08fb157825e068d78f208c
Skipping task ':gradle-settings-conventions:cache-redirector:generatePrecompiledScriptPluginAccessors' as it is up-to-date.
Resolve mutations for :gradle-settings-conventions:cache-redirector:generateScriptPluginAdapters (Thread[#856,Execution worker Thread 9,5,main]) started.
:gradle-settings-conventions:cache-redirector:generateScriptPluginAdapters (Thread[#856,Execution worker Thread 9,5,main]) started.
Resolve mutations for :gradle-settings-conventions:kotlin-bootstrap:generateScriptPluginAdapters (Thread[#848,Execution worker,5,main]) started.
:gradle-settings-conventions:kotlin-bootstrap:generateScriptPluginAdapters (Thread[#863,Execution worker Thread 15,5,main]) started.

> Task :gradle-settings-conventions:jvm-toolchain-provisioning:generateScriptPluginAdapters UP-TO-DATE
Build cache key for task ':gradle-settings-conventions:jvm-toolchain-provisioning:generateScriptPluginAdapters' is 87753ff615b9848721293526fd1c3152
Skipping task ':gradle-settings-conventions:jvm-toolchain-provisioning:generateScriptPluginAdapters' as it is up-to-date.

> Task :gradle-settings-conventions:develocity:generatePrecompiledScriptPluginAccessors UP-TO-DATE
Build cache key for task ':gradle-settings-conventions:develocity:generatePrecompiledScriptPluginAccessors' is 33f99e96bf1a35cd243c564106887a74
Skipping task ':gradle-settings-conventions:develocity:generatePrecompiledScriptPluginAccessors' as it is up-to-date.
Resolve mutations for :gradle-settings-conventions:jvm-toolchain-provisioning:compileKotlin (Thread[#849,Execution worker Thread 2,5,main]) started.
Resolve mutations for :gradle-settings-conventions:develocity:generateScriptPluginAdapters (Thread[#855,Execution worker Thread 8,5,main]) started.

> Task :gradle-settings-conventions:kotlin-daemon-config:generateScriptPluginAdapters UP-TO-DATE
Build cache key for task ':gradle-settings-conventions:kotlin-daemon-config:generateScriptPluginAdapters' is aa7cd3295c0a1818f3458212246952d6
Skipping task ':gradle-settings-conventions:kotlin-daemon-config:generateScriptPluginAdapters' as it is up-to-date.
Resolve mutations for :gradle-settings-conventions:kotlin-daemon-config:compileKotlin (Thread[#851,Execution worker Thread 4,5,main]) started.

> Task :gradle-settings-conventions:cache-redirector:generateScriptPluginAdapters UP-TO-DATE
Build cache key for task ':gradle-settings-conventions:cache-redirector:generateScriptPluginAdapters' is ca14bcff5026c212b19f3019f400f88d
Skipping task ':gradle-settings-conventions:cache-redirector:generateScriptPluginAdapters' as it is up-to-date.
:gradle-settings-conventions:jvm-toolchain-provisioning:compileKotlin (Thread[#849,Execution worker Thread 2,5,main]) started.

> Task :gradle-settings-conventions:kotlin-bootstrap:generateScriptPluginAdapters UP-TO-DATE
Build cache key for task ':gradle-settings-conventions:kotlin-bootstrap:generateScriptPluginAdapters' is 0d403c486e58428cb61d047fdbeaf501
Skipping task ':gradle-settings-conventions:kotlin-bootstrap:generateScriptPluginAdapters' as it is up-to-date.
Resolve mutations for :gradle-settings-conventions:cache-redirector:compileKotlin (Thread[#859,Execution worker Thread 11,5,main]) started.
Resolve mutations for :gradle-settings-conventions:kotlin-bootstrap:compileKotlin (Thread[#863,Execution worker Thread 15,5,main]) started.
:gradle-settings-conventions:kotlin-daemon-config:compileKotlin (Thread[#851,Execution worker Thread 4,5,main]) started.
:gradle-settings-conventions:develocity:generateScriptPluginAdapters (Thread[#855,Execution worker Thread 8,5,main]) started.
:gradle-settings-conventions:cache-redirector:compileKotlin (Thread[#859,Execution worker Thread 11,5,main]) started.
:gradle-settings-conventions:kotlin-bootstrap:compileKotlin (Thread[#863,Execution worker Thread 15,5,main]) started.

> Task :gradle-settings-conventions:develocity:generateScriptPluginAdapters UP-TO-DATE
Build cache key for task ':gradle-settings-conventions:develocity:generateScriptPluginAdapters' is 1e8cb2315373debbe7009e797132058c
Skipping task ':gradle-settings-conventions:develocity:generateScriptPluginAdapters' as it is up-to-date.
Resolve mutations for :gradle-settings-conventions:develocity:compileKotlin (Thread[#855,Execution worker Thread 8,5,main]) started.
:gradle-settings-conventions:develocity:compileKotlin (Thread[#855,Execution worker Thread 8,5,main]) started.

> Task :gradle-settings-conventions:kotlin-daemon-config:compileKotlin UP-TO-DATE
Custom actions are attached to task ':gradle-settings-conventions:kotlin-daemon-config:compileKotlin'.
Build cache key for task ':gradle-settings-conventions:kotlin-daemon-config:compileKotlin' is dd946c5c88bf6df61d709aed721e2147
Skipping task ':gradle-settings-conventions:kotlin-daemon-config:compileKotlin' as it is up-to-date.
Resolve mutations for :gradle-settings-conventions:kotlin-daemon-config:compileJava (Thread[#851,Execution worker Thread 4,5,main]) started.
:gradle-settings-conventions:kotlin-daemon-config:compileJava (Thread[#851,Execution worker Thread 4,5,main]) started.

> Task :gradle-settings-conventions:jvm-toolchain-provisioning:compileKotlin UP-TO-DATE
Custom actions are attached to task ':gradle-settings-conventions:jvm-toolchain-provisioning:compileKotlin'.
Build cache key for task ':gradle-settings-conventions:jvm-toolchain-provisioning:compileKotlin' is fc6d2b38725200d8c8759180d8920257
Skipping task ':gradle-settings-conventions:jvm-toolchain-provisioning:compileKotlin' as it is up-to-date.

> Task :gradle-settings-conventions:kotlin-daemon-config:compileJava NO-SOURCE
Skipping task ':gradle-settings-conventions:kotlin-daemon-config:compileJava' as it has no source files and no previous output files.
Resolve mutations for :gradle-settings-conventions:jvm-toolchain-provisioning:compileJava (Thread[#849,Execution worker Thread 2,5,main]) started.
:gradle-settings-conventions:jvm-toolchain-provisioning:compileJava (Thread[#849,Execution worker Thread 2,5,main]) started.

> Task :gradle-settings-conventions:kotlin-bootstrap:compileKotlin UP-TO-DATE
Custom actions are attached to task ':gradle-settings-conventions:kotlin-bootstrap:compileKotlin'.
Build cache key for task ':gradle-settings-conventions:kotlin-bootstrap:compileKotlin' is 5654d0d0371aa0bb2c67dffeecdf1f03
Skipping task ':gradle-settings-conventions:kotlin-bootstrap:compileKotlin' as it is up-to-date.
Resolve mutations for :gradle-settings-conventions:kotlin-daemon-config:pluginDescriptors (Thread[#851,Execution worker Thread 4,5,main]) started.
Resolve mutations for :gradle-settings-conventions:kotlin-bootstrap:compileJava (Thread[#863,Execution worker Thread 15,5,main]) started.
:gradle-settings-conventions:kotlin-daemon-config:pluginDescriptors (Thread[#851,Execution worker Thread 4,5,main]) started.

> Task :gradle-settings-conventions:cache-redirector:compileKotlin UP-TO-DATE
Custom actions are attached to task ':gradle-settings-conventions:cache-redirector:compileKotlin'.
Build cache key for task ':gradle-settings-conventions:cache-redirector:compileKotlin' is 7204bc53d5e3f2d4b2c27c3a3d8c6cd2
Skipping task ':gradle-settings-conventions:cache-redirector:compileKotlin' as it is up-to-date.
:gradle-settings-conventions:kotlin-bootstrap:compileJava (Thread[#859,Execution worker Thread 11,5,main]) started.
Resolve mutations for :gradle-settings-conventions:cache-redirector:compileJava (Thread[#868,Execution worker Thread 20,5,main]) started.

> Task :gradle-settings-conventions:jvm-toolchain-provisioning:compileJava NO-SOURCE
Skipping task ':gradle-settings-conventions:jvm-toolchain-provisioning:compileJava' as it has no source files and no previous output files.
Resolve mutations for :gradle-settings-conventions:jvm-toolchain-provisioning:pluginDescriptors (Thread[#849,Execution worker Thread 2,5,main]) started.

> Task :gradle-settings-conventions:develocity:compileKotlin UP-TO-DATE
Custom actions are attached to task ':gradle-settings-conventions:develocity:compileKotlin'.
Build cache key for task ':gradle-settings-conventions:develocity:compileKotlin' is 2b7f7f1a40e1a31fe85192fa18f71249
Skipping task ':gradle-settings-conventions:develocity:compileKotlin' as it is up-to-date.

> Task :gradle-settings-conventions:kotlin-daemon-config:pluginDescriptors UP-TO-DATE
Caching disabled for task ':gradle-settings-conventions:kotlin-daemon-config:pluginDescriptors' because:
  Not worth caching
Skipping task ':gradle-settings-conventions:kotlin-daemon-config:pluginDescriptors' as it is up-to-date.
:gradle-settings-conventions:jvm-toolchain-provisioning:pluginDescriptors (Thread[#849,Execution worker Thread 2,5,main]) started.
Resolve mutations for :gradle-settings-conventions:kotlin-daemon-config:processResources (Thread[#851,Execution worker Thread 4,5,main]) started.

> Task :gradle-settings-conventions:kotlin-bootstrap:compileJava NO-SOURCE
Skipping task ':gradle-settings-conventions:kotlin-bootstrap:compileJava' as it has no source files and no previous output files.
:gradle-settings-conventions:kotlin-daemon-config:processResources (Thread[#851,Execution worker Thread 4,5,main]) started.
Resolve mutations for :gradle-settings-conventions:develocity:compileJava (Thread[#855,Execution worker Thread 8,5,main]) started.
:gradle-settings-conventions:cache-redirector:compileJava (Thread[#868,Execution worker Thread 20,5,main]) started.

> Task :gradle-settings-conventions:jvm-toolchain-provisioning:pluginDescriptors UP-TO-DATE
Caching disabled for task ':gradle-settings-conventions:jvm-toolchain-provisioning:pluginDescriptors' because:
  Not worth caching
Skipping task ':gradle-settings-conventions:jvm-toolchain-provisioning:pluginDescriptors' as it is up-to-date.
:gradle-settings-conventions:develocity:compileJava (Thread[#855,Execution worker Thread 8,5,main]) started.
Resolve mutations for :gradle-settings-conventions:kotlin-bootstrap:pluginDescriptors (Thread[#859,Execution worker Thread 11,5,main]) started.
:gradle-settings-conventions:kotlin-bootstrap:pluginDescriptors (Thread[#859,Execution worker Thread 11,5,main]) started.
Resolve mutations for :gradle-settings-conventions:jvm-toolchain-provisioning:processResources (Thread[#849,Execution worker Thread 2,5,main]) started.

> Task :gradle-settings-conventions:cache-redirector:compileJava NO-SOURCE
Skipping task ':gradle-settings-conventions:cache-redirector:compileJava' as it has no source files and no previous output files.
:gradle-settings-conventions:jvm-toolchain-provisioning:processResources (Thread[#849,Execution worker Thread 2,5,main]) started.

> Task :gradle-settings-conventions:develocity:compileJava NO-SOURCE
Skipping task ':gradle-settings-conventions:develocity:compileJava' as it has no source files and no previous output files.
Resolve mutations for :gradle-settings-conventions:cache-redirector:pluginDescriptors (Thread[#868,Execution worker Thread 20,5,main]) started.
Resolve mutations for :gradle-settings-conventions:develocity:pluginDescriptors (Thread[#855,Execution worker Thread 8,5,main]) started.
:gradle-settings-conventions:cache-redirector:pluginDescriptors (Thread[#868,Execution worker Thread 20,5,main]) started.
:gradle-settings-conventions:develocity:pluginDescriptors (Thread[#855,Execution worker Thread 8,5,main]) started.

> Task :gradle-settings-conventions:kotlin-bootstrap:pluginDescriptors UP-TO-DATE
Caching disabled for task ':gradle-settings-conventions:kotlin-bootstrap:pluginDescriptors' because:
  Not worth caching
Skipping task ':gradle-settings-conventions:kotlin-bootstrap:pluginDescriptors' as it is up-to-date.
Resolve mutations for :gradle-settings-conventions:kotlin-bootstrap:processResources (Thread[#859,Execution worker Thread 11,5,main]) started.

> Task :gradle-settings-conventions:kotlin-daemon-config:processResources UP-TO-DATE
Caching disabled for task ':gradle-settings-conventions:kotlin-daemon-config:processResources' because:
  Not worth caching
Skipping task ':gradle-settings-conventions:kotlin-daemon-config:processResources' as it is up-to-date.
:gradle-settings-conventions:kotlin-bootstrap:processResources (Thread[#871,Execution worker Thread 23,5,main]) started.
Resolve mutations for :gradle-settings-conventions:kotlin-daemon-config:classes (Thread[#851,Execution worker Thread 4,5,main]) started.

> Task :gradle-settings-conventions:cache-redirector:pluginDescriptors UP-TO-DATE
Caching disabled for task ':gradle-settings-conventions:cache-redirector:pluginDescriptors' because:
  Not worth caching
Skipping task ':gradle-settings-conventions:cache-redirector:pluginDescriptors' as it is up-to-date.

> Task :gradle-settings-conventions:develocity:pluginDescriptors UP-TO-DATE
Caching disabled for task ':gradle-settings-conventions:develocity:pluginDescriptors' because:
  Not worth caching
Skipping task ':gradle-settings-conventions:develocity:pluginDescriptors' as it is up-to-date.
Resolve mutations for :gradle-settings-conventions:develocity:processResources (Thread[#851,Execution worker Thread 4,5,main]) started.
:gradle-settings-conventions:kotlin-daemon-config:classes (Thread[#865,Execution worker Thread 17,5,main]) started.
Resolve mutations for :gradle-settings-conventions:cache-redirector:processResources (Thread[#864,Execution worker Thread 16,5,main]) started.

> Task :gradle-settings-conventions:kotlin-daemon-config:classes UP-TO-DATE
Skipping task ':gradle-settings-conventions:kotlin-daemon-config:classes' as it has no actions.
:gradle-settings-conventions:develocity:processResources (Thread[#851,Execution worker Thread 4,5,main]) started.
Resolve mutations for :gradle-settings-conventions:kotlin-daemon-config:jar (Thread[#865,Execution worker Thread 17,5,main]) started.
:gradle-settings-conventions:cache-redirector:processResources (Thread[#864,Execution worker Thread 16,5,main]) started.

> Task :gradle-settings-conventions:jvm-toolchain-provisioning:processResources UP-TO-DATE
Caching disabled for task ':gradle-settings-conventions:jvm-toolchain-provisioning:processResources' because:
  Not worth caching
Skipping task ':gradle-settings-conventions:jvm-toolchain-provisioning:processResources' as it is up-to-date.
:gradle-settings-conventions:kotlin-daemon-config:jar (Thread[#865,Execution worker Thread 17,5,main]) started.

> Task :gradle-settings-conventions:kotlin-bootstrap:processResources UP-TO-DATE
Caching disabled for task ':gradle-settings-conventions:kotlin-bootstrap:processResources' because:
  Not worth caching
Skipping task ':gradle-settings-conventions:kotlin-bootstrap:processResources' as it is up-to-date.
Resolve mutations for :gradle-settings-conventions:jvm-toolchain-provisioning:classes (Thread[#849,Execution worker Thread 2,5,main]) started.
:gradle-settings-conventions:jvm-toolchain-provisioning:classes (Thread[#849,Execution worker Thread 2,5,main]) started.

> Task :gradle-settings-conventions:jvm-toolchain-provisioning:classes UP-TO-DATE
Skipping task ':gradle-settings-conventions:jvm-toolchain-provisioning:classes' as it has no actions.
Resolve mutations for :gradle-settings-conventions:kotlin-bootstrap:classes (Thread[#871,Execution worker Thread 23,5,main]) started.
:gradle-settings-conventions:kotlin-bootstrap:classes (Thread[#871,Execution worker Thread 23,5,main]) started.

> Task :gradle-settings-conventions:cache-redirector:processResources UP-TO-DATE
Caching disabled for task ':gradle-settings-conventions:cache-redirector:processResources' because:
  Not worth caching
Skipping task ':gradle-settings-conventions:cache-redirector:processResources' as it is up-to-date.
Resolve mutations for :gradle-settings-conventions:jvm-toolchain-provisioning:jar (Thread[#849,Execution worker Thread 2,5,main]) started.
Resolve mutations for :gradle-settings-conventions:cache-redirector:classes (Thread[#864,Execution worker Thread 16,5,main]) started.

> Task :gradle-settings-conventions:develocity:processResources UP-TO-DATE
Caching disabled for task ':gradle-settings-conventions:develocity:processResources' because:
  Not worth caching
Skipping task ':gradle-settings-conventions:develocity:processResources' as it is up-to-date.
:gradle-settings-conventions:cache-redirector:classes (Thread[#864,Execution worker Thread 16,5,main]) started.

> Task :gradle-settings-conventions:kotlin-bootstrap:classes UP-TO-DATE
Skipping task ':gradle-settings-conventions:kotlin-bootstrap:classes' as it has no actions.
:gradle-settings-conventions:jvm-toolchain-provisioning:jar (Thread[#849,Execution worker Thread 2,5,main]) started.

> Task :gradle-settings-conventions:cache-redirector:classes UP-TO-DATE
Skipping task ':gradle-settings-conventions:cache-redirector:classes' as it has no actions.
Resolve mutations for :gradle-settings-conventions:cache-redirector:jar (Thread[#864,Execution worker Thread 16,5,main]) started.

> Task :gradle-settings-conventions:kotlin-daemon-config:jar UP-TO-DATE
Caching disabled for task ':gradle-settings-conventions:kotlin-daemon-config:jar' because:
  Not worth caching
Skipping task ':gradle-settings-conventions:kotlin-daemon-config:jar' as it is up-to-date.
:gradle-settings-conventions:cache-redirector:jar (Thread[#870,Execution worker Thread 22,5,main]) started.
Resolve mutations for :gradle-settings-conventions:kotlin-bootstrap:jar (Thread[#871,Execution worker Thread 23,5,main]) started.
Resolve mutations for :gradle-settings-conventions:develocity:classes (Thread[#851,Execution worker Thread 4,5,main]) started.
:gradle-settings-conventions:develocity:classes (Thread[#851,Execution worker Thread 4,5,main]) started.
:gradle-settings-conventions:kotlin-bootstrap:jar (Thread[#871,Execution worker Thread 23,5,main]) started.

> Task :gradle-settings-conventions:develocity:classes UP-TO-DATE
Skipping task ':gradle-settings-conventions:develocity:classes' as it has no actions.
Resolve mutations for :gradle-settings-conventions:develocity:jar (Thread[#851,Execution worker Thread 4,5,main]) started.
:gradle-settings-conventions:develocity:jar (Thread[#851,Execution worker Thread 4,5,main]) started.

> Task :gradle-settings-conventions:jvm-toolchain-provisioning:jar UP-TO-DATE
Caching disabled for task ':gradle-settings-conventions:jvm-toolchain-provisioning:jar' because:
  Not worth caching
Skipping task ':gradle-settings-conventions:jvm-toolchain-provisioning:jar' as it is up-to-date.

> Task :gradle-settings-conventions:cache-redirector:jar UP-TO-DATE
Caching disabled for task ':gradle-settings-conventions:cache-redirector:jar' because:
  Not worth caching
Skipping task ':gradle-settings-conventions:cache-redirector:jar' as it is up-to-date.

> Task :gradle-settings-conventions:kotlin-bootstrap:jar UP-TO-DATE
Caching disabled for task ':gradle-settings-conventions:kotlin-bootstrap:jar' because:
  Not worth caching
Skipping task ':gradle-settings-conventions:kotlin-bootstrap:jar' as it is up-to-date.

> Task :gradle-settings-conventions:develocity:jar UP-TO-DATE
Caching disabled for task ':gradle-settings-conventions:develocity:jar' because:
  Not worth caching
Skipping task ':gradle-settings-conventions:develocity:jar' as it is up-to-date.
Redirecting repositories for settings in /Users/aria/zaedalus/kotlin/repo/gradle-build-conventions
Using local directory build cache for build ':gradle-build-conventions' (location = /Users/aria/.gradle/caches/build-cache-1, remove unused entries = after 7 days).
Now considering [/Users/aria/zaedalus/kotlin/wit/gradle-plugin, /Users/aria/zaedalus/kotlin/repo/gradle-build-conventions, /Users/aria/zaedalus/kotlin/repo/gradle-settings-conventions, /Users/aria/zaedalus/kotlin, /Users/aria/zaedalus/wit-parser-kotlin, /Users/aria/zaedalus/kotlin/repo/gradle-build-conventions/nodejs-configuration/build/tmp/generatePrecompiledScriptPluginAccessors/accessors1473293816878993587, /Users/aria/zaedalus/kotlin/repo/gradle-build-conventions/generators/build/tmp/generatePrecompiledScriptPluginAccessors/accessors5004382965487182818, /Users/aria/zaedalus/kotlin/repo/gradle-build-conventions/binaryen-configuration/build/tmp/generatePrecompiledScriptPluginAccessors/accessors16128206310748086852, /Users/aria/zaedalus/kotlin/repo/gradle-build-conventions/asm-deprecating-transformer/build/tmp/generatePrecompiledScriptPluginAccessors/accessors10851871414788444274, /Users/aria/zaedalus/kotlin/repo/gradle-build-conventions/buildsrc-compat/build/tmp/generatePrecompiledScriptPluginAccessors/accessors12675676451363569377, /Users/aria/zaedalus/kotlin/repo/gradle-build-conventions/buildsrc-compat/build/tmp/generatePrecompiledScriptPluginAccessors/accessors7155722662052032675, /Users/aria/zaedalus/kotlin/repo/gradle-build-conventions/gradle-plugins-documentation/build/tmp/generatePrecompiledScriptPluginAccessors/accessors6454669376307781242, /Users/aria/zaedalus/kotlin/repo/gradle-build-conventions/buildsrc-compat/build/tmp/generatePrecompiledScriptPluginAccessors/accessors17622515398227208583, /Users/aria/zaedalus/kotlin/repo/gradle-build-conventions/gradle-plugins-documentation/build/tmp/generatePrecompiledScriptPluginAccessors/accessors10443717309664746606, /Users/aria/zaedalus/kotlin/repo/gradle-build-conventions/gradle-plugins-common/build/tmp/generatePrecompiledScriptPluginAccessors/accessors4478910599511036135, /Users/aria/zaedalus/kotlin/repo/gradle-build-conventions/gradle-plugins-common/build/tmp/generatePrecompiledScriptPluginAccessors/accessors8076971845876343956, /Users/aria/zaedalus/kotlin/repo/gradle-build-conventions/gradle-plugins-common/build/tmp/generatePrecompiledScriptPluginAccessors/accessors7922675634331586470, /Users/aria/zaedalus/kotlin/repo/gradle-build-conventions/project-tests-convention/build/tmp/generatePrecompiledScriptPluginAccessors/accessors10014766120815573463, /Users/aria/zaedalus/kotlin/repo/gradle-build-conventions/android-sdk-provisioner/build/tmp/generatePrecompiledScriptPluginAccessors/accessors11094092547323385969, /Users/aria/zaedalus/kotlin/repo/gradle-build-conventions/d8-configuration/build/tmp/generatePrecompiledScriptPluginAccessors/accessors11041418633437131836] as hierarchies to watch
Using local directory build cache for build ':gradle-plugin' (location = /Users/aria/.gradle/caches/build-cache-1, remove unused entries = after 7 days).
Resolved plugin [id: 'internal-gradle-setup']
Resolved plugin [id: 'kotlin-bootstrap']
Resolved plugin [id: 'develocity']
Resolved plugin [id: 'jvm-toolchain-provisioning']
Resolved plugin [id: 'kotlin-daemon-config']
Resolved plugin [id: 'cache-redirector']
Ignoring listeners of task graph ready event, as this build (:gradle-settings-conventions) has already executed work.
Resolve mutations for :gradle-settings-conventions:internal-gradle-setup:checkKotlinGradlePluginConfigurationErrors (Thread[#871,Execution worker Thread 23,5,main]) started.
:gradle-settings-conventions:internal-gradle-setup:checkKotlinGradlePluginConfigurationErrors (Thread[#871,Execution worker Thread 23,5,main]) started.

> Task :gradle-settings-conventions:internal-gradle-setup:checkKotlinGradlePluginConfigurationErrors SKIPPED
Skipping task ':gradle-settings-conventions:internal-gradle-setup:checkKotlinGradlePluginConfigurationErrors' as task onlyIf 'errorDiagnostics are present' is false.
Resolve mutations for :gradle-settings-conventions:internal-gradle-setup:compileKotlin (Thread[#871,Execution worker Thread 23,5,main]) started.
:gradle-settings-conventions:internal-gradle-setup:compileKotlin (Thread[#871,Execution worker Thread 23,5,main]) started.

> Task :gradle-settings-conventions:internal-gradle-setup:compileKotlin UP-TO-DATE
Build cache key for task ':gradle-settings-conventions:internal-gradle-setup:compileKotlin' is cf1c84a25f7f28d8f6117eca50e53b40
Skipping task ':gradle-settings-conventions:internal-gradle-setup:compileKotlin' as it is up-to-date.
Resolve mutations for :gradle-settings-conventions:internal-gradle-setup:compileJava (Thread[#871,Execution worker Thread 23,5,main]) started.
:gradle-settings-conventions:internal-gradle-setup:compileJava (Thread[#871,Execution worker Thread 23,5,main]) started.

> Task :gradle-settings-conventions:internal-gradle-setup:compileJava NO-SOURCE
Skipping task ':gradle-settings-conventions:internal-gradle-setup:compileJava' as it has no source files and no previous output files.
Resolve mutations for :gradle-settings-conventions:internal-gradle-setup:pluginDescriptors (Thread[#871,Execution worker Thread 23,5,main]) started.
:gradle-settings-conventions:internal-gradle-setup:pluginDescriptors (Thread[#871,Execution worker Thread 23,5,main]) started.

> Task :gradle-settings-conventions:internal-gradle-setup:pluginDescriptors UP-TO-DATE
Caching disabled for task ':gradle-settings-conventions:internal-gradle-setup:pluginDescriptors' because:
  Not worth caching
Skipping task ':gradle-settings-conventions:internal-gradle-setup:pluginDescriptors' as it is up-to-date.
Resolve mutations for :gradle-settings-conventions:internal-gradle-setup:processResources (Thread[#871,Execution worker Thread 23,5,main]) started.
:gradle-settings-conventions:internal-gradle-setup:processResources (Thread[#871,Execution worker Thread 23,5,main]) started.

> Task :gradle-settings-conventions:internal-gradle-setup:processResources UP-TO-DATE
Caching disabled for task ':gradle-settings-conventions:internal-gradle-setup:processResources' because:
  Not worth caching
Skipping task ':gradle-settings-conventions:internal-gradle-setup:processResources' as it is up-to-date.
Resolve mutations for :gradle-settings-conventions:internal-gradle-setup:classes (Thread[#871,Execution worker Thread 23,5,main]) started.
:gradle-settings-conventions:internal-gradle-setup:classes (Thread[#871,Execution worker Thread 23,5,main]) started.

> Task :gradle-settings-conventions:internal-gradle-setup:classes UP-TO-DATE
Skipping task ':gradle-settings-conventions:internal-gradle-setup:classes' as it has no actions.
Resolve mutations for :gradle-settings-conventions:internal-gradle-setup:jar (Thread[#871,Execution worker Thread 23,5,main]) started.
:gradle-settings-conventions:internal-gradle-setup:jar (Thread[#871,Execution worker Thread 23,5,main]) started.

> Task :gradle-settings-conventions:internal-gradle-setup:jar UP-TO-DATE
Caching disabled for task ':gradle-settings-conventions:internal-gradle-setup:jar' because:
  Not worth caching
Skipping task ':gradle-settings-conventions:internal-gradle-setup:jar' as it is up-to-date.
Redirecting repositories for settings in /Users/aria/zaedalus/kotlin
Including local WIT parser from /Users/aria/zaedalus/wit-parser-kotlin
Settings evaluated using settings file '/Users/aria/zaedalus/kotlin/settings.gradle'.
Using local directory build cache for the root build (location = /Users/aria/.gradle/caches/build-cache-1, remove unused entries = after 7 days).
Now considering [/Users/aria/zaedalus/wit-parser-kotlin, /Users/aria/zaedalus/kotlin/wit/gradle-plugin, /Users/aria/zaedalus/kotlin/repo/gradle-build-conventions, /Users/aria/zaedalus/kotlin/repo/gradle-settings-conventions, /Users/aria/zaedalus/kotlin, /Users/aria/zaedalus/kotlin/repo/gradle-build-conventions/nodejs-configuration/build/tmp/generatePrecompiledScriptPluginAccessors/accessors1473293816878993587, /Users/aria/zaedalus/kotlin/repo/gradle-build-conventions/generators/build/tmp/generatePrecompiledScriptPluginAccessors/accessors5004382965487182818, /Users/aria/zaedalus/kotlin/repo/gradle-build-conventions/binaryen-configuration/build/tmp/generatePrecompiledScriptPluginAccessors/accessors16128206310748086852, /Users/aria/zaedalus/kotlin/repo/gradle-build-conventions/asm-deprecating-transformer/build/tmp/generatePrecompiledScriptPluginAccessors/accessors10851871414788444274, /Users/aria/zaedalus/kotlin/repo/gradle-build-conventions/buildsrc-compat/build/tmp/generatePrecompiledScriptPluginAccessors/accessors12675676451363569377, /Users/aria/zaedalus/kotlin/repo/gradle-build-conventions/buildsrc-compat/build/tmp/generatePrecompiledScriptPluginAccessors/accessors7155722662052032675, /Users/aria/zaedalus/kotlin/repo/gradle-build-conventions/gradle-plugins-documentation/build/tmp/generatePrecompiledScriptPluginAccessors/accessors6454669376307781242, /Users/aria/zaedalus/kotlin/repo/gradle-build-conventions/buildsrc-compat/build/tmp/generatePrecompiledScriptPluginAccessors/accessors17622515398227208583, /Users/aria/zaedalus/kotlin/repo/gradle-build-conventions/gradle-plugins-documentation/build/tmp/generatePrecompiledScriptPluginAccessors/accessors10443717309664746606, /Users/aria/zaedalus/kotlin/repo/gradle-build-conventions/gradle-plugins-common/build/tmp/generatePrecompiledScriptPluginAccessors/accessors4478910599511036135, /Users/aria/zaedalus/kotlin/repo/gradle-build-conventions/gradle-plugins-common/build/tmp/generatePrecompiledScriptPluginAccessors/accessors8076971845876343956, /Users/aria/zaedalus/kotlin/repo/gradle-build-conventions/gradle-plugins-common/build/tmp/generatePrecompiledScriptPluginAccessors/accessors7922675634331586470, /Users/aria/zaedalus/kotlin/repo/gradle-build-conventions/project-tests-convention/build/tmp/generatePrecompiledScriptPluginAccessors/accessors10014766120815573463, /Users/aria/zaedalus/kotlin/repo/gradle-build-conventions/android-sdk-provisioner/build/tmp/generatePrecompiledScriptPluginAccessors/accessors11094092547323385969, /Users/aria/zaedalus/kotlin/repo/gradle-build-conventions/d8-configuration/build/tmp/generatePrecompiledScriptPluginAccessors/accessors11041418633437131836] as hierarchies to watch
Projects loaded. Root project using build file '/Users/aria/zaedalus/kotlin/build.gradle.kts'.
Included projects: [root project 'kotlin', project ':analysis', project ':atomicfu', project ':benchmarks', project ':compiler', project ':compose-compiler-gradle-plugin', project ':core', project ':daemon-common', project ':dependencies', project ':examples', project ':generators', project ':gradle', project ':jps', project ':js', project ':kotlin-allopen', project ':kotlin-allopen-compiler-plugin', project ':kotlin-allopen-compiler-plugin.cli', project ':kotlin-allopen-compiler-plugin.common', project ':kotlin-allopen-compiler-plugin.embeddable', project ':kotlin-allopen-compiler-plugin.k1', project ':kotlin-allopen-compiler-plugin.k2', project ':kotlin-annotation-processing', project ':kotlin-annotation-processing-base', project ':kotlin-annotation-processing-cli', project ':kotlin-annotation-processing-embeddable', project ':kotlin-annotation-processing-runtime', project ':kotlin-annotations-jvm', project ':kotlin-assignment', project ':kotlin-assignment-compiler-plugin', project ':kotlin-assignment-compiler-plugin.cli', project ':kotlin-assignment-compiler-plugin.common', project ':kotlin-assignment-compiler-plugin.embeddable', project ':kotlin-assignment-compiler-plugin.k1', project ':kotlin-assignment-compiler-plugin.k2', project ':kotlin-atomicfu-compiler-plugin', project ':kotlin-atomicfu-compiler-plugin-embeddable', project ':kotlin-build-common', project ':kotlin-build-tools-enum-compat', project ':kotlin-compiler', project ':kotlin-compiler-client-embeddable', project ':kotlin-compiler-embeddable', project ':kotlin-compiler-runner', project ':kotlin-compiler-runner-unshaded', project ':kotlin-daemon', project ':kotlin-daemon-client', project ':kotlin-daemon-embeddable', project ':kotlin-daemon-tests', project ':kotlin-dataframe', project ':kotlin-dataframe-compiler-plugin', project ':kotlin-dataframe-compiler-plugin.backend', project ':kotlin-dataframe-compiler-plugin.cli', project ':kotlin-dataframe-compiler-plugin.common', project ':kotlin-dataframe-compiler-plugin.embeddable', project ':kotlin-dataframe-compiler-plugin.k2', project ':kotlin-dom-api-compat', project ':kotlin-gradle-build-metrics', project ':kotlin-gradle-compiler-types', project ':kotlin-gradle-plugin', project ':kotlin-gradle-plugin-annotations', project ':kotlin-gradle-plugin-api', project ':kotlin-gradle-plugin-dsl-codegen', project ':kotlin-gradle-plugin-idea', project ':kotlin-gradle-plugin-idea-for-compatibility-tests', project ':kotlin-gradle-plugin-idea-proto', project ':kotlin-gradle-plugin-integration-tests', project ':kotlin-gradle-plugin-npm-versions-codegen', project ':kotlin-gradle-plugin-tcs-android', project ':kotlin-gradle-plugin-test-utils-embeddable', project ':kotlin-gradle-plugins-bom', project ':kotlin-gradle-statistics', project ':kotlin-gradle-subplugin-example', project ':kotlin-klib-abi-reader', project ':kotlin-lombok', project ':kotlin-lombok-compiler-plugin', project ':kotlin-lombok-compiler-plugin.cli', project ':kotlin-lombok-compiler-plugin.common', project ':kotlin-lombok-compiler-plugin.embeddable', project ':kotlin-lombok-compiler-plugin.k1', project ':kotlin-lombok-compiler-plugin.k2', project ':kotlin-main-kts', project ':kotlin-main-kts-test', project ':kotlin-metadata', project ':kotlin-metadata-jvm', project ':kotlin-noarg', project ':kotlin-noarg-compiler-plugin', project ':kotlin-noarg-compiler-plugin.backend', project ':kotlin-noarg-compiler-plugin.cli', project ':kotlin-noarg-compiler-plugin.common', project ':kotlin-noarg-compiler-plugin.embeddable', project ':kotlin-noarg-compiler-plugin.k1', project ':kotlin-noarg-compiler-plugin.k2', project ':kotlin-parcelize-compiler', project ':kotlin-power-assert', project ':kotlin-power-assert-compiler-plugin', project ':kotlin-power-assert-compiler-plugin.backend', project ':kotlin-power-assert-compiler-plugin.cli', project ':kotlin-power-assert-compiler-plugin.embeddable', project ':kotlin-preloader', project ':kotlin-privacy-manifests-plugin', project ':kotlin-reflect', project ':kotlin-runner', project ':kotlin-sam-with-receiver', project ':kotlin-sam-with-receiver-compiler-plugin', project ':kotlin-sam-with-receiver-compiler-plugin.cli', project ':kotlin-sam-with-receiver-compiler-plugin.common', project ':kotlin-sam-with-receiver-compiler-plugin.embeddable', project ':kotlin-sam-with-receiver-compiler-plugin.k1', project ':kotlin-sam-with-receiver-compiler-plugin.k2', project ':kotlin-script-runtime', project ':kotlin-scripting-common', project ':kotlin-scripting-compiler', project ':kotlin-scripting-compiler-embeddable', project ':kotlin-scripting-compiler-impl', project ':kotlin-scripting-compiler-impl-embeddable', project ':kotlin-scripting-dependencies', project ':kotlin-scripting-dependencies-maven', project ':kotlin-scripting-dependencies-maven-all', project ':kotlin-scripting-ide-common', project ':kotlin-scripting-ide-services', project ':kotlin-scripting-ide-services-test', project ':kotlin-scripting-ide-services-unshaded', project ':kotlin-scripting-intellij', project ':kotlin-scripting-jsr223', project ':kotlin-scripting-jsr223-test', project ':kotlin-scripting-jsr223-unshaded', project ':kotlin-scripting-jvm', project ':kotlin-scripting-jvm-host', project ':kotlin-scripting-jvm-host-test', project ':kotlin-scripting-jvm-host-unshaded', project ':kotlin-serialization', project ':kotlin-serialization-unshaded', project ':kotlin-stdlib', project ':kotlin-stdlib-common', project ':kotlin-stdlib-jdk7', project ':kotlin-stdlib-jdk8', project ':kotlin-stdlib-js-ir-minimal-for-test', project ':kotlin-stdlib-jvm-minimal-for-test', project ':kotlin-stdlib-wasm-component', project ':kotlin-test', project ':kotlin-tooling-core', project ':kotlin-tooling-metadata', project ':kotlin-util-io', project ':kotlin-util-klib', project ':kotlin-util-klib-abi', project ':kotlin-util-klib-metadata', project ':kotlinx-atomicfu-runtime', project ':kotlinx-metadata-klib', project ':kotlinx-serialization-compiler-plugin', project ':kotlinx-serialization-compiler-plugin.backend', project ':kotlinx-serialization-compiler-plugin.cli', project ':kotlinx-serialization-compiler-plugin.common', project ':kotlinx-serialization-compiler-plugin.embeddable', project ':kotlinx-serialization-compiler-plugin.k1', project ':kotlinx-serialization-compiler-plugin.k2', project ':libraries', project ':native', project ':pill', project ':plugins', project ':prepare', project ':repo', project ':test-instrumenter', project ':tools', project ':wasm', project ':wit', project ':analysis:analysis-api', project ':analysis:analysis-api-fe10', project ':analysis:analysis-api-fir', project ':analysis:analysis-api-impl-base', project ':analysis:analysis-api-platform-interface', project ':analysis:analysis-api-standalone', project ':analysis:analysis-internal-utils', project ':analysis:analysis-test-framework', project ':analysis:analysis-tools', project ':analysis:decompiled', project ':analysis:kt-references', project ':analysis:light-classes-base', project ':analysis:low-level-api-fir', project ':analysis:stubs', project ':analysis:symbol-light-classes', project ':compiler:android-tests', project ':compiler:arguments', project ':compiler:arguments.common', project ':compiler:backend', project ':compiler:backend.common.jvm', project ':compiler:backend.js', project ':compiler:backend.jvm', project ':compiler:backend.jvm.codegen', project ':compiler:backend.jvm.entrypoint', project ':compiler:backend.jvm.lower', project ':compiler:backend.wasm', project ':compiler:build-tools', project ':compiler:cli', project ':compiler:cli-base', project ':compiler:cli-common', project ':compiler:cli-js', project ':compiler:compiler.version', project ':compiler:config', project ':compiler:config.jvm', project ':compiler:container', project ':compiler:fir', project ':compiler:frontend', project ':compiler:frontend.common', project ':compiler:frontend.common-psi', project ':compiler:frontend.common.jvm', project ':compiler:frontend.java', project ':compiler:incremental-compilation-impl', project ':compiler:ir.actualization', project ':compiler:ir.backend.common', project ':compiler:ir.backend.native', project ':compiler:ir.inline', project ':compiler:ir.interpreter', project ':compiler:ir.objcinterop', project ':compiler:ir.psi2ir', project ':compiler:ir.serialization.common', project ':compiler:ir.serialization.js', project ':compiler:ir.serialization.jvm', project ':compiler:ir.serialization.native', project ':compiler:ir.tree', project ':compiler:ir.validation', project ':compiler:javac-wrapper', project ':compiler:light-classes', project ':compiler:multiplatform-parsing', project ':compiler:plugin-api', project ':compiler:psi', project ':compiler:resolution', project ':compiler:resolution.common', project ':compiler:resolution.common.jvm', project ':compiler:serialization', project ':compiler:test-infrastructure', project ':compiler:test-infrastructure-utils', project ':compiler:test-security-manager', project ':compiler:tests-against-klib', project ':compiler:tests-common', project ':compiler:tests-common-new', project ':compiler:tests-compiler-utils', project ':compiler:tests-different-jdk', project ':compiler:tests-integration', project ':compiler:tests-java8', project ':compiler:tests-mutes', project ':compiler:tests-spec', project ':compiler:util', project ':core:compiler.common', project ':core:compiler.common.js', project ':core:compiler.common.jvm', project ':core:compiler.common.native', project ':core:compiler.common.wasm', project ':core:compiler.common.web', project ':core:descriptors', project ':core:descriptors.jvm', project ':core:descriptors.runtime', project ':core:deserialization', project ':core:deserialization.common', project ':core:deserialization.common.jvm', project ':core:metadata', project ':core:metadata.jvm', project ':core:util.runtime', project ':dependencies:android-sdk', project ':dependencies:bootstrap', project ':dependencies:intellij-core', project ':dependencies:tools-jar-api', project ':examples:annotation-processor-example', project ':examples:scripting-jvm-embeddable-host', project ':examples:scripting-jvm-maven-deps', project ':examples:scripting-jvm-maven-deps-host', project ':examples:scripting-jvm-simple-script', project ':examples:scripting-jvm-simple-script-host', project ':generators:analysis-api-generator', project ':generators:ide-iml-to-gradle-generator', project ':generators:sir-tests-generator', project ':generators:test-generator', project ':generators:tree-generator-common', project ':gradle:android-test-fixes', project ':gradle:documentation', project ':gradle:gradle-warnings-detector', project ':gradle:kotlin-compiler-args-properties', project ':gradle:kotlin-gradle-ecosystem-plugin', project ':gradle:regression-benchmark-templates', project ':gradle:regression-benchmarks', project ':jps:jps-common', project ':jps:jps-platform-api-signatures', project ':jps:jps-plugin', project ':js:js.ast', project ':js:js.config', project ':js:js.frontend', project ':js:js.frontend.common', project ':js:js.parser', project ':js:js.serializer', project ':js:js.sourcemap', project ':js:js.tests', project ':js:js.translator', project ':js:typescript-export-model', project ':js:typescript-printer', project ':kotlin-stdlib:samples', project ':kotlin-test:kotlin-test-js-it', project ':libraries:kotlin-prepush-hook', project ':libraries:tools', project ':native:analysis-api-based-export-common', project ':native:analysis-api-based-test-utils', project ':native:base', project ':native:binary-options', project ':native:executors', project ':native:external-projects-test-utils', project ':native:frontend.native', project ':native:kotlin-klib-commonizer', project ':native:kotlin-klib-commonizer-api', project ':native:kotlin-klib-commonizer-embeddable', project ':native:kotlin-native-utils', project ':native:native.tests', project ':native:objcexport-header-generator', project ':native:objcexport-header-generator-analysis-api', project ':native:objcexport-header-generator-k1', project ':native:swift', project ':pill:generate-all-tests', project ':pill:pill-importer', project ':plugins:compose-compiler-plugin', project ':plugins:js-plain-objects', project ':plugins:jvm-abi-gen', project ':plugins:jvm-abi-gen-embeddable', project ':plugins:parcelize', project ':plugins:plugin-sandbox', project ':plugins:plugins-interactions-testing', project ':plugins:scripting', project ':plugins:test-plugins', project ':prepare:analysis-api-test-framework', project ':prepare:build.version', project ':prepare:ide-plugin-dependencies', project ':prepare:kotlin-compiler-internal-test-framework', project ':prepare:kotlin-jps-plugin', project ':repo:artifacts-tests', project ':repo:codebase-tests', project ':tools:binary-compatibility-validator', project ':tools:ide-plugin-dependencies-validator', project ':tools:jdk-api-validator', project ':tools:kotlin-stdlib-gen', project ':tools:kotlinp', project ':tools:kotlinp-jvm', project ':tools:kotlinp-klib', project ':tools:stats-analyser', project ':wasm:wasm.config', project ':wasm:wasm.debug.browsers', project ':wasm:wasm.frontend', project ':wasm:wasm.ir', project ':wasm:wasm.tests', project ':wit:codegen-core', project ':wit:codegen-driver', project ':wit:compiler-plugin', project ':wit:compiler-tests', project ':wit:e2e-harness-jvm', project ':wit:runtime', project ':analysis:analysis-api-fir:analysis-api-fir-generator', project ':analysis:analysis-api-standalone:analysis-api-fir-standalone-base', project ':analysis:analysis-api-standalone:analysis-api-standalone-base', project ':analysis:analysis-tools:deprecated-k1-frontend-internals-for-ide-generated', project ':analysis:analysis-tools:deprecated-k1-frontend-internals-for-ide-generator', project ':analysis:decompiled:decompiler-js', project ':analysis:decompiled:decompiler-native', project ':analysis:decompiled:decompiler-to-file-stubs', project ':analysis:decompiled:decompiler-to-psi', project ':analysis:decompiled:decompiler-to-stubs', project ':analysis:decompiled:light-classes-for-decompiled', project ':analysis:low-level-api-fir:low-level-api-fir-native', project ':analysis:low-level-api-fir:tests-jdk11', project ':compiler:build-tools:kotlin-build-statistics', project ':compiler:build-tools:kotlin-build-tools-api', project ':compiler:build-tools:kotlin-build-tools-api-tests', project ':compiler:build-tools:kotlin-build-tools-compat', project ':compiler:build-tools:kotlin-build-tools-impl', project ':compiler:build-tools:kotlin-build-tools-jdk-utils', project ':compiler:build-tools:kotlin-build-tools-options-generator', project ':compiler:build-tools:util-kotlinpoet', project ':compiler:cli:cli-arguments-generator', project ':compiler:config:configuration-keys-generator', project ':compiler:fir:analysis-tests', project ':compiler:fir:checkers', project ':compiler:fir:cones', project ':compiler:fir:dump', project ':compiler:fir:entrypoint', project ':compiler:fir:fir-deserialization', project ':compiler:fir:fir-js', project ':compiler:fir:fir-jvm', project ':compiler:fir:fir-native', project ':compiler:fir:fir-serialization', project ':compiler:fir:fir2ir', project ':compiler:fir:modularized-tests', project ':compiler:fir:plugin-utils', project ':compiler:fir:providers', project ':compiler:fir:raw-fir', project ':compiler:fir:resolve', project ':compiler:fir:semantics', project ':compiler:fir:tree', project ':compiler:frontend:cfg', project ':compiler:ir.tree:tree-generator', project ':compiler:psi:parser', project ':compiler:psi:psi-api', project ':compiler:psi:psi-frontend-utils', project ':compiler:psi:psi-impl', project ':compiler:psi:psi-utils', project ':compiler:tests-mutes:mutes-junit4', project ':compiler:tests-mutes:mutes-junit5', project ':dependencies:bootstrap:kotlin-build-tools-api-bootstrap', project ':dependencies:bootstrap:kotlin-build-tools-compat-bootstrap', project ':dependencies:bootstrap:kotlin-build-tools-impl-bootstrap', project ':dependencies:bootstrap:kotlin-compiler-embeddable-bootstrap', project ':dependencies:bootstrap:kotlin-compiler-runner-bootstrap', project ':dependencies:bootstrap:kotlin-daemon-client-bootstrap', project ':dependencies:bootstrap:kotlin-reflect-bootstrap', project ':dependencies:bootstrap:kotlin-script-runtime-bootstrap', project ':dependencies:bootstrap:kotlin-scripting-common-bootstrap', project ':dependencies:bootstrap:kotlin-scripting-jvm-bootstrap', project ':dependencies:bootstrap:kotlin-stdlib-bootstrap', project ':dependencies:bootstrap:kotlin-tooling-core-bootstrap', project ':generators:analysis-api-generator:generator-kotlin-native', project ':js:js.tests:klib-compatibility', project ':libraries:tools:abi-comparator', project ':libraries:tools:abi-validation', project ':libraries:tools:analysis-api-based-klib-reader', project ':libraries:tools:gradle', project ':libraries:tools:js-plain-objects', project ':libraries:tools:kotlin-gradle-plugin-api', project ':libraries:tools:mutability-annotations-compat', project ':native:external-projects-test-utils:testExtensionsLibrary', project ':native:external-projects-test-utils:testInternalLibrary', project ':native:external-projects-test-utils:testLibraryA', project ':native:external-projects-test-utils:testLibraryB', project ':native:external-projects-test-utils:testLibraryC', project ':native:native.tests:codegen-box', project ':native:native.tests:driver', project ':native:native.tests:gc-fuzzing-tests', project ':native:native.tests:klib-compatibility', project ':native:native.tests:klib-ir-inliner', project ':native:native.tests:litmus-tests', project ':native:native.tests:stress', project ':native:swift:sir', project ':native:swift:sir-light-classes', project ':native:swift:sir-printer', project ':native:swift:sir-providers', project ':native:swift:swift-export-embeddable', project ':native:swift:swift-export-ide', project ':native:swift:swift-export-standalone', project ':native:swift:swift-export-standalone-integration-tests', project ':plugins:compose-compiler-plugin:compiler', project ':plugins:compose-compiler-plugin:compiler-hosted', project ':plugins:compose-compiler-plugin:group-mapping', project ':plugins:js-plain-objects:compiler-plugin', project ':plugins:js-plain-objects:compiler-plugin-embeddable', project ':plugins:js-plain-objects:runtime', project ':plugins:parcelize:parcelize-compiler', project ':plugins:parcelize:parcelize-runtime', project ':plugins:plugin-sandbox:plugin-annotations', project ':plugins:plugin-sandbox:plugin-sandbox-ic-test', project ':plugins:scripting:scripting-tests', project ':plugins:scripting:test-script-definition', project ':plugins:test-plugins:after', project ':plugins:test-plugins:before', project ':plugins:test-plugins:middle', project ':prepare:ide-plugin-dependencies:allopen-compiler-plugin-for-ide', project ':prepare:ide-plugin-dependencies:allopen-compiler-plugin-tests-for-ide', project ':prepare:ide-plugin-dependencies:analysis-api-fe10-for-ide', project ':prepare:ide-plugin-dependencies:analysis-api-fe10-tests-for-ide', project ':prepare:ide-plugin-dependencies:analysis-api-for-ide', project ':prepare:ide-plugin-dependencies:analysis-api-impl-base-for-ide', project ':prepare:ide-plugin-dependencies:analysis-api-impl-base-tests-for-ide', project ':prepare:ide-plugin-dependencies:analysis-api-k2-for-ide', project ':prepare:ide-plugin-dependencies:analysis-api-k2-tests-for-ide', project ':prepare:ide-plugin-dependencies:analysis-api-platform-interface-for-ide', project ':prepare:ide-plugin-dependencies:analysis-api-standalone-for-ide', project ':prepare:ide-plugin-dependencies:assignment-compiler-plugin-for-ide', project ':prepare:ide-plugin-dependencies:compose-compiler-plugin-for-ide', project ':prepare:ide-plugin-dependencies:incremental-compilation-impl-tests-for-ide', project ':prepare:ide-plugin-dependencies:js-ir-runtime-for-ide', project ':prepare:ide-plugin-dependencies:js-plain-objects-compiler-plugin-for-ide', project ':prepare:ide-plugin-dependencies:kotlin-build-common-tests-for-ide', project ':prepare:ide-plugin-dependencies:kotlin-compiler-cli-for-ide', project ':prepare:ide-plugin-dependencies:kotlin-compiler-common-for-ide', project ':prepare:ide-plugin-dependencies:kotlin-compiler-fe10-for-ide', project ':prepare:ide-plugin-dependencies:kotlin-compiler-fir-for-ide', project ':prepare:ide-plugin-dependencies:kotlin-compiler-ir-for-ide', project ':prepare:ide-plugin-dependencies:kotlin-compiler-testdata-for-ide', project ':prepare:ide-plugin-dependencies:kotlin-compiler-tests-for-ide', project ':prepare:ide-plugin-dependencies:kotlin-dataframe-compiler-plugin-for-ide', project ':prepare:ide-plugin-dependencies:kotlin-dist-for-ide', project ':prepare:ide-plugin-dependencies:kotlin-gradle-statistics-for-ide', project ':prepare:ide-plugin-dependencies:kotlin-jps-common-for-ide', project ':prepare:ide-plugin-dependencies:kotlin-jps-plugin-classpath', project ':prepare:ide-plugin-dependencies:kotlin-jps-plugin-testdata-for-ide', project ':prepare:ide-plugin-dependencies:kotlin-jps-plugin-tests-for-ide', project ':prepare:ide-plugin-dependencies:kotlin-objcexport-header-generator-for-ide', project ':prepare:ide-plugin-dependencies:kotlin-swift-export-for-ide', project ':prepare:ide-plugin-dependencies:kotlinx-serialization-compiler-plugin-for-ide', project ':prepare:ide-plugin-dependencies:lombok-compiler-plugin-for-ide', project ':prepare:ide-plugin-dependencies:low-level-api-fir-for-ide', project ':prepare:ide-plugin-dependencies:noarg-compiler-plugin-for-ide', project ':prepare:ide-plugin-dependencies:parcelize-compiler-plugin-for-ide', project ':prepare:ide-plugin-dependencies:sam-with-receiver-compiler-plugin-for-ide', project ':prepare:ide-plugin-dependencies:scripting-compiler-plugin-for-ide', project ':prepare:ide-plugin-dependencies:symbol-light-classes-for-ide', project ':compiler:fir:analysis-tests:legacy-fir-tests', project ':compiler:fir:checkers:checkers-component-generator', project ':compiler:fir:checkers:checkers.js', project ':compiler:fir:checkers:checkers.jvm', project ':compiler:fir:checkers:checkers.native', project ':compiler:fir:checkers:checkers.wasm', project ':compiler:fir:checkers:checkers.web.common', project ':compiler:fir:fir2ir:jvm-backend', project ':compiler:fir:raw-fir:light-tree2fir', project ':compiler:fir:raw-fir:psi2fir', project ':compiler:fir:raw-fir:raw-fir.common', project ':compiler:fir:tree:tree-generator', project ':libraries:tools:abi-validation:abi-tools', project ':libraries:tools:abi-validation:abi-tools-api', project ':libraries:tools:abi-validation:kgp-integration-tests', project ':libraries:tools:analysis-api-based-klib-reader:testProject', project ':libraries:tools:gradle:fus-statistics-gradle-plugin', project ':native:native.tests:gc-fuzzing-tests:engine', project ':native:swift:sir:tree-generator', project ':native:swift:swift-export-standalone-integration-tests:coroutines', project ':native:swift:swift-export-standalone-integration-tests:external', project ':native:swift:swift-export-standalone-integration-tests:simple', project ':plugins:compose-compiler-plugin:compiler-hosted:integration-tests', project ':plugins:js-plain-objects:compiler-plugin:js-plain-objects.backend', project ':plugins:js-plain-objects:compiler-plugin:js-plain-objects.cli', project ':plugins:js-plain-objects:compiler-plugin:js-plain-objects.common', project ':plugins:js-plain-objects:compiler-plugin:js-plain-objects.k2', project ':plugins:parcelize:parcelize-compiler:parcelize.backend', project ':plugins:parcelize:parcelize-compiler:parcelize.cli', project ':plugins:parcelize:parcelize-compiler:parcelize.common', project ':plugins:parcelize:parcelize-compiler:parcelize.k1', project ':plugins:parcelize:parcelize-compiler:parcelize.k2', project ':plugins:compose-compiler-plugin:compiler-hosted:integration-tests:protobuf-test-classes']

> Configure project :wit-parser-kotlin
Evaluating project ':wit-parser-kotlin' using build file '/Users/aria/zaedalus/wit-parser-kotlin/build.gradle.kts'.
Resolved plugin [id: 'org.jetbrains.kotlin.multiplatform', version: '2.3.0-Beta1', artifact: 'org.jetbrains.kotlin:kotlin-gradle-plugin:2.3.0-Beta1']
Resolved plugin [id: 'org.gradle.maven-publish']
Build bc167581-5c9d-40cb-ad99-e8871315655b is started
Using Kotlin Gradle Plugin gradle813 variant
kotlin scripting plugin: created the scripting discovery configuration: kotlinScriptDef
kotlin scripting plugin: created the scripting discovery configuration: testKotlinScriptDef
Registering project ':wit-parser-kotlin' in composite build. Will substitute for module 'com.ariawisp.wit:kotlin-wit-parser'.

> Configure project :gradle-plugin
Evaluating project ':gradle-plugin' using build file '/Users/aria/zaedalus/kotlin/wit/gradle-plugin/build.gradle.kts'.
Resolved plugin [id: 'org.gradle.java-gradle-plugin']
Registering project ':gradle-plugin' in composite build. Will substitute for module ':gradle-plugin'.

> Configure project :gradle-build-conventions
Using Kotlin Space bootstrap version 2.3.0-dev-10303 from https://redirector.kotlinlang.org/maven/bootstrap
Redirecting Kotlin/Native compiler download url
Evaluating project ':gradle-build-conventions' using build file '/Users/aria/zaedalus/kotlin/repo/gradle-build-conventions/build.gradle.kts'.
Resolved plugin [id: 'org.jetbrains.kotlin.jvm', version: '2.3.0-dev-10303', apply: false]

> Configure project :gradle-build-conventions:android-sdk-provisioner
Using Kotlin Space bootstrap version 2.3.0-dev-10303 from https://redirector.kotlinlang.org/maven/bootstrap
Redirecting Kotlin/Native compiler download url
Evaluating project ':gradle-build-conventions:android-sdk-provisioner' using build file '/Users/aria/zaedalus/kotlin/repo/gradle-build-conventions/android-sdk-provisioner/build.gradle.kts'.
Resolved plugin [id: 'org.gradle.kotlin.kotlin-dsl', version: '5.2.0']
Resolved plugin [id: 'org.jetbrains.kotlin.jvm', version: '2.3.0-dev-10303']
Build 0c776a0b-bf4a-4e7e-82b8-d218fe7144d8 is started
Using Kotlin Gradle Plugin gradle813 variant
kotlin scripting plugin: created the scripting discovery configuration: kotlinScriptDef
kotlin scripting plugin: created the scripting discovery configuration: testKotlinScriptDef
WARNING: Unsupported Kotlin plugin version.
The `embedded-kotlin` and `kotlin-dsl` plugins rely on features of Kotlin `2.0.21` that might work differently than in the requested version `2.3.0-dev-10303`.
file or directory '/Users/aria/zaedalus/kotlin/repo/gradle-build-conventions/android-sdk-provisioner/src/main/java', not found

> Configure project :gradle-build-conventions:asm-deprecating-transformer
Using Kotlin Space bootstrap version 2.3.0-dev-10303 from https://redirector.kotlinlang.org/maven/bootstrap
Redirecting Kotlin/Native compiler download url
Evaluating project ':gradle-build-conventions:asm-deprecating-transformer' using build file '/Users/aria/zaedalus/kotlin/repo/gradle-build-conventions/asm-deprecating-transformer/build.gradle.kts'.
Resolved plugin [id: 'org.gradle.kotlin.kotlin-dsl', version: '5.2.0']
Resolved plugin [id: 'org.jetbrains.kotlin.jvm', version: '2.3.0-dev-10303']
Using Kotlin Gradle Plugin gradle813 variant
kotlin scripting plugin: created the scripting discovery configuration: kotlinScriptDef
kotlin scripting plugin: created the scripting discovery configuration: testKotlinScriptDef
WARNING: Unsupported Kotlin plugin version.
The `embedded-kotlin` and `kotlin-dsl` plugins rely on features of Kotlin `2.0.21` that might work differently than in the requested version `2.3.0-dev-10303`.
file or directory '/Users/aria/zaedalus/kotlin/repo/gradle-build-conventions/asm-deprecating-transformer/src/main/java', not found

> Configure project :gradle-build-conventions:binary-compatibility-extended
Using Kotlin Space bootstrap version 2.3.0-dev-10303 from https://redirector.kotlinlang.org/maven/bootstrap
Redirecting Kotlin/Native compiler download url
Evaluating project ':gradle-build-conventions:binary-compatibility-extended' using build file '/Users/aria/zaedalus/kotlin/repo/gradle-build-conventions/binary-compatibility-extended/build.gradle.kts'.
Resolved plugin [id: 'org.gradle.kotlin.kotlin-dsl', version: '5.2.0']
Resolved plugin [id: 'org.jetbrains.kotlin.jvm', version: '2.3.0-dev-10303']
Using Kotlin Gradle Plugin gradle813 variant
kotlin scripting plugin: created the scripting discovery configuration: kotlinScriptDef
kotlin scripting plugin: created the scripting discovery configuration: testKotlinScriptDef
WARNING: Unsupported Kotlin plugin version.
The `embedded-kotlin` and `kotlin-dsl` plugins rely on features of Kotlin `2.0.21` that might work differently than in the requested version `2.3.0-dev-10303`.
file or directory '/Users/aria/zaedalus/kotlin/repo/gradle-build-conventions/binary-compatibility-extended/src/main/java', not found

> Configure project :gradle-build-conventions:binaryen-configuration
Using Kotlin Space bootstrap version 2.3.0-dev-10303 from https://redirector.kotlinlang.org/maven/bootstrap
Redirecting Kotlin/Native compiler download url
Evaluating project ':gradle-build-conventions:binaryen-configuration' using build file '/Users/aria/zaedalus/kotlin/repo/gradle-build-conventions/binaryen-configuration/build.gradle.kts'.
Resolved plugin [id: 'org.gradle.kotlin.kotlin-dsl', version: '5.2.0']
Resolved plugin [id: 'org.jetbrains.kotlin.jvm', version: '2.3.0-dev-10303']
Using Kotlin Gradle Plugin gradle813 variant
kotlin scripting plugin: created the scripting discovery configuration: kotlinScriptDef
kotlin scripting plugin: created the scripting discovery configuration: testKotlinScriptDef
WARNING: Unsupported Kotlin plugin version.
The `embedded-kotlin` and `kotlin-dsl` plugins rely on features of Kotlin `2.0.21` that might work differently than in the requested version `2.3.0-dev-10303`.
file or directory '/Users/aria/zaedalus/kotlin/repo/gradle-build-conventions/binaryen-configuration/src/main/java', not found

> Configure project :gradle-build-conventions:buildsrc-compat
Using Kotlin Space bootstrap version 2.3.0-dev-10303 from https://redirector.kotlinlang.org/maven/bootstrap
Redirecting Kotlin/Native compiler download url
Evaluating project ':gradle-build-conventions:buildsrc-compat' using build file '/Users/aria/zaedalus/kotlin/repo/gradle-build-conventions/buildsrc-compat/build.gradle.kts'.
Resolved plugin [id: 'org.gradle.kotlin.kotlin-dsl', version: '5.2.0']
Resolved plugin [id: 'org.gradle.java-gradle-plugin']
Resolved plugin [id: 'org.jetbrains.kotlin.jvm', version: '2.3.0-dev-10303']
Using Kotlin Gradle Plugin gradle813 variant
kotlin scripting plugin: created the scripting discovery configuration: kotlinScriptDef
kotlin scripting plugin: created the scripting discovery configuration: testKotlinScriptDef
WARNING: Unsupported Kotlin plugin version.
The `embedded-kotlin` and `kotlin-dsl` plugins rely on features of Kotlin `2.0.21` that might work differently than in the requested version `2.3.0-dev-10303`.
file or directory '/Users/aria/zaedalus/kotlin/repo/gradle-build-conventions/buildsrc-compat/src/main/java', not found
buildSrcKotlinVersion: 2.3.0-dev-10303

> Configure project :gradle-build-conventions:d8-configuration
Using Kotlin Space bootstrap version 2.3.0-dev-10303 from https://redirector.kotlinlang.org/maven/bootstrap
Redirecting Kotlin/Native compiler download url
Evaluating project ':gradle-build-conventions:d8-configuration' using build file '/Users/aria/zaedalus/kotlin/repo/gradle-build-conventions/d8-configuration/build.gradle.kts'.
Resolved plugin [id: 'org.gradle.kotlin.kotlin-dsl', version: '5.2.0']
Resolved plugin [id: 'org.jetbrains.kotlin.jvm', version: '2.3.0-dev-10303']
Using Kotlin Gradle Plugin gradle813 variant
kotlin scripting plugin: created the scripting discovery configuration: kotlinScriptDef
kotlin scripting plugin: created the scripting discovery configuration: testKotlinScriptDef
WARNING: Unsupported Kotlin plugin version.
The `embedded-kotlin` and `kotlin-dsl` plugins rely on features of Kotlin `2.0.21` that might work differently than in the requested version `2.3.0-dev-10303`.
file or directory '/Users/aria/zaedalus/kotlin/repo/gradle-build-conventions/d8-configuration/src/main/java', not found

> Configure project :gradle-build-conventions:generators
Using Kotlin Space bootstrap version 2.3.0-dev-10303 from https://redirector.kotlinlang.org/maven/bootstrap
Redirecting Kotlin/Native compiler download url
Evaluating project ':gradle-build-conventions:generators' using build file '/Users/aria/zaedalus/kotlin/repo/gradle-build-conventions/generators/build.gradle.kts'.
Resolved plugin [id: 'org.gradle.kotlin.kotlin-dsl', version: '5.2.0']
Resolved plugin [id: 'org.gradle.java-gradle-plugin']
Resolved plugin [id: 'org.jetbrains.kotlin.jvm', version: '2.3.0-dev-10303']
Using Kotlin Gradle Plugin gradle813 variant
kotlin scripting plugin: created the scripting discovery configuration: kotlinScriptDef
kotlin scripting plugin: created the scripting discovery configuration: testKotlinScriptDef
WARNING: Unsupported Kotlin plugin version.
The `embedded-kotlin` and `kotlin-dsl` plugins rely on features of Kotlin `2.0.21` that might work differently than in the requested version `2.3.0-dev-10303`.
file or directory '/Users/aria/zaedalus/kotlin/repo/gradle-build-conventions/generators/src/main/java', not found

> Configure project :gradle-build-conventions:gradle-plugins-common
Using Kotlin Space bootstrap version 2.3.0-dev-10303 from https://redirector.kotlinlang.org/maven/bootstrap
Redirecting Kotlin/Native compiler download url
Evaluating project ':gradle-build-conventions:gradle-plugins-common' using build file '/Users/aria/zaedalus/kotlin/repo/gradle-build-conventions/gradle-plugins-common/build.gradle.kts'.
Resolved plugin [id: 'org.gradle.kotlin.kotlin-dsl', version: '5.2.0']
Resolved plugin [id: 'org.gradle.java-gradle-plugin']
Resolved plugin [id: 'org.jetbrains.kotlin.jvm', version: '2.3.0-dev-10303']
Using Kotlin Gradle Plugin gradle813 variant
kotlin scripting plugin: created the scripting discovery configuration: kotlinScriptDef
kotlin scripting plugin: created the scripting discovery configuration: testKotlinScriptDef
WARNING: Unsupported Kotlin plugin version.
The `embedded-kotlin` and `kotlin-dsl` plugins rely on features of Kotlin `2.0.21` that might work differently than in the requested version `2.3.0-dev-10303`.
file or directory '/Users/aria/zaedalus/kotlin/repo/gradle-build-conventions/gradle-plugins-common/src/main/java', not found

> Configure project :gradle-build-conventions:gradle-plugins-documentation
Using Kotlin Space bootstrap version 2.3.0-dev-10303 from https://redirector.kotlinlang.org/maven/bootstrap
Redirecting Kotlin/Native compiler download url
Evaluating project ':gradle-build-conventions:gradle-plugins-documentation' using build file '/Users/aria/zaedalus/kotlin/repo/gradle-build-conventions/gradle-plugins-documentation/build.gradle.kts'.
Resolved plugin [id: 'org.gradle.kotlin.kotlin-dsl', version: '5.2.0']
Resolved plugin [id: 'org.jetbrains.kotlin.jvm', version: '2.3.0-dev-10303']
Using Kotlin Gradle Plugin gradle813 variant
kotlin scripting plugin: created the scripting discovery configuration: kotlinScriptDef
kotlin scripting plugin: created the scripting discovery configuration: testKotlinScriptDef
WARNING: Unsupported Kotlin plugin version.
The `embedded-kotlin` and `kotlin-dsl` plugins rely on features of Kotlin `2.0.21` that might work differently than in the requested version `2.3.0-dev-10303`.
file or directory '/Users/aria/zaedalus/kotlin/repo/gradle-build-conventions/gradle-plugins-documentation/src/main/java', not found

> Configure project :gradle-build-conventions:nodejs-configuration
Using Kotlin Space bootstrap version 2.3.0-dev-10303 from https://redirector.kotlinlang.org/maven/bootstrap
Redirecting Kotlin/Native compiler download url
Evaluating project ':gradle-build-conventions:nodejs-configuration' using build file '/Users/aria/zaedalus/kotlin/repo/gradle-build-conventions/nodejs-configuration/build.gradle.kts'.
Resolved plugin [id: 'org.gradle.kotlin.kotlin-dsl', version: '5.2.0']
Resolved plugin [id: 'org.jetbrains.kotlin.jvm', version: '2.3.0-dev-10303']
Using Kotlin Gradle Plugin gradle813 variant
kotlin scripting plugin: created the scripting discovery configuration: kotlinScriptDef
kotlin scripting plugin: created the scripting discovery configuration: testKotlinScriptDef
WARNING: Unsupported Kotlin plugin version.
The `embedded-kotlin` and `kotlin-dsl` plugins rely on features of Kotlin `2.0.21` that might work differently than in the requested version `2.3.0-dev-10303`.
file or directory '/Users/aria/zaedalus/kotlin/repo/gradle-build-conventions/nodejs-configuration/src/main/java', not found

> Configure project :gradle-build-conventions:prepare-deps
Using Kotlin Space bootstrap version 2.3.0-dev-10303 from https://redirector.kotlinlang.org/maven/bootstrap
Redirecting Kotlin/Native compiler download url
Evaluating project ':gradle-build-conventions:prepare-deps' using build file '/Users/aria/zaedalus/kotlin/repo/gradle-build-conventions/prepare-deps/build.gradle.kts'.
Resolved plugin [id: 'org.gradle.base']
Resolved plugin [id: 'org.jetbrains.kotlin.jvm', version: '2.3.0-dev-10303']
Using Kotlin Gradle Plugin gradle813 variant
kotlin scripting plugin: created the scripting discovery configuration: kotlinScriptDef
kotlin scripting plugin: created the scripting discovery configuration: testKotlinScriptDef
intellijVersion: 251.27812.49
intellijVersionForIde: null
androidStudioRelease: null
androidStudioBuild: null
intellijSeparateSdks: false

> Configure project :gradle-build-conventions:project-tests-convention
Using Kotlin Space bootstrap version 2.3.0-dev-10303 from https://redirector.kotlinlang.org/maven/bootstrap
Redirecting Kotlin/Native compiler download url
Evaluating project ':gradle-build-conventions:project-tests-convention' using build file '/Users/aria/zaedalus/kotlin/repo/gradle-build-conventions/project-tests-convention/build.gradle.kts'.
Resolved plugin [id: 'org.gradle.kotlin.kotlin-dsl', version: '5.2.0']
Resolved plugin [id: 'org.gradle.java-gradle-plugin']
Resolved plugin [id: 'org.jetbrains.kotlin.jvm', version: '2.3.0-dev-10303']
Using Kotlin Gradle Plugin gradle813 variant
kotlin scripting plugin: created the scripting discovery configuration: kotlinScriptDef
kotlin scripting plugin: created the scripting discovery configuration: testKotlinScriptDef
WARNING: Unsupported Kotlin plugin version.
The `embedded-kotlin` and `kotlin-dsl` plugins rely on features of Kotlin `2.0.21` that might work differently than in the requested version `2.3.0-dev-10303`.
file or directory '/Users/aria/zaedalus/kotlin/repo/gradle-build-conventions/project-tests-convention/src/main/java', not found

> Configure project :gradle-build-conventions:utilities
Using Kotlin Space bootstrap version 2.3.0-dev-10303 from https://redirector.kotlinlang.org/maven/bootstrap
Redirecting Kotlin/Native compiler download url
Evaluating project ':gradle-build-conventions:utilities' using build file '/Users/aria/zaedalus/kotlin/repo/gradle-build-conventions/utilities/build.gradle.kts'.
Resolved plugin [id: 'org.gradle.kotlin.kotlin-dsl', version: '5.2.0']
Resolved plugin [id: 'org.jetbrains.kotlin.jvm', version: '2.3.0-dev-10303']
Using Kotlin Gradle Plugin gradle813 variant
kotlin scripting plugin: created the scripting discovery configuration: kotlinScriptDef
kotlin scripting plugin: created the scripting discovery configuration: testKotlinScriptDef
WARNING: Unsupported Kotlin plugin version.
The `embedded-kotlin` and `kotlin-dsl` plugins rely on features of Kotlin `2.0.21` that might work differently than in the requested version `2.3.0-dev-10303`.
file or directory '/Users/aria/zaedalus/kotlin/repo/gradle-build-conventions/utilities/src/main/java', not found
Starting process 'command '/usr/libexec/java_home''. Working directory: /Users/aria/.gradle/daemon/8.14 Command: /usr/libexec/java_home -V
Successfully started process 'command '/usr/libexec/java_home''
Resolve mutations for :gradle-build-conventions:android-sdk-provisioner:checkKotlinGradlePluginConfigurationErrors (Thread[#851,Execution worker Thread 4,5,main]) started.
Resolve mutations for :gradle-build-conventions:buildsrc-compat:checkKotlinGradlePluginConfigurationErrors (Thread[#856,Execution worker Thread 9,5,main]) started.
Resolve mutations for :gradle-build-conventions:d8-configuration:checkKotlinGradlePluginConfigurationErrors (Thread[#852,Execution worker Thread 5,5,main]) started.
Resolve mutations for :gradle-build-conventions:gradle-plugins-common:checkKotlinGradlePluginConfigurationErrors (Thread[#855,Execution worker Thread 8,5,main]) started.
Resolve mutations for :gradle-build-conventions:utilities:checkKotlinGradlePluginConfigurationErrors (Thread[#853,Execution worker Thread 6,5,main]) started.
Resolve mutations for :gradle-build-conventions:gradle-plugins-documentation:checkKotlinGradlePluginConfigurationErrors (Thread[#849,Execution worker Thread 2,5,main]) started.
:gradle-build-conventions:gradle-plugins-common:checkKotlinGradlePluginConfigurationErrors (Thread[#855,Execution worker Thread 8,5,main]) started.
destroyer locations for task group 0 (Thread[#857,Execution worker Thread 10,5,main]) started.
:gradle-build-conventions:utilities:checkKotlinGradlePluginConfigurationErrors (Thread[#857,Execution worker Thread 10,5,main]) started.
:gradle-build-conventions:android-sdk-provisioner:checkKotlinGradlePluginConfigurationErrors (Thread[#851,Execution worker Thread 4,5,main]) started.
:gradle-build-conventions:buildsrc-compat:checkKotlinGradlePluginConfigurationErrors (Thread[#856,Execution worker Thread 9,5,main]) started.
:gradle-build-conventions:d8-configuration:checkKotlinGradlePluginConfigurationErrors (Thread[#852,Execution worker Thread 5,5,main]) started.
Resolve mutations for :gradle-build-conventions:project-tests-convention:checkKotlinGradlePluginConfigurationErrors (Thread[#850,Execution worker Thread 3,5,main]) started.
destroyer locations for task group 1 (Thread[#848,Execution worker,5,main]) started.
:gradle-build-conventions:project-tests-convention:checkKotlinGradlePluginConfigurationErrors (Thread[#850,Execution worker Thread 3,5,main]) started.

> Task :gradle-build-conventions:buildsrc-compat:checkKotlinGradlePluginConfigurationErrors SKIPPED
Skipping task ':gradle-build-conventions:buildsrc-compat:checkKotlinGradlePluginConfigurationErrors' as task onlyIf 'errorDiagnostics are present' is false.

> Task :gradle-build-conventions:gradle-plugins-common:checkKotlinGradlePluginConfigurationErrors SKIPPED
Skipping task ':gradle-build-conventions:gradle-plugins-common:checkKotlinGradlePluginConfigurationErrors' as task onlyIf 'errorDiagnostics are present' is false.
Resolve mutations for :gradle-build-conventions:buildsrc-compat:extractPrecompiledScriptPluginPlugins (Thread[#856,Execution worker Thread 9,5,main]) started.

> Task :gradle-build-conventions:gradle-plugins-documentation:checkKotlinGradlePluginConfigurationErrors SKIPPED
Skipping task ':gradle-build-conventions:gradle-plugins-documentation:checkKotlinGradlePluginConfigurationErrors' as task onlyIf 'errorDiagnostics are present' is false.
Resolve mutations for :gradle-build-conventions:gradle-plugins-common:extractPrecompiledScriptPluginPlugins (Thread[#855,Execution worker Thread 8,5,main]) started.

> Task :gradle-build-conventions:android-sdk-provisioner:checkKotlinGradlePluginConfigurationErrors SKIPPED
Skipping task ':gradle-build-conventions:android-sdk-provisioner:checkKotlinGradlePluginConfigurationErrors' as task onlyIf 'errorDiagnostics are present' is false.

> Task :gradle-build-conventions:utilities:checkKotlinGradlePluginConfigurationErrors SKIPPED
Skipping task ':gradle-build-conventions:utilities:checkKotlinGradlePluginConfigurationErrors' as task onlyIf 'errorDiagnostics are present' is false.

> Task :gradle-build-conventions:d8-configuration:checkKotlinGradlePluginConfigurationErrors SKIPPED
Skipping task ':gradle-build-conventions:d8-configuration:checkKotlinGradlePluginConfigurationErrors' as task onlyIf 'errorDiagnostics are present' is false.
:gradle-build-conventions:buildsrc-compat:extractPrecompiledScriptPluginPlugins (Thread[#863,Execution worker Thread 15,5,main]) started.
:gradle-build-conventions:gradle-plugins-common:extractPrecompiledScriptPluginPlugins (Thread[#855,Execution worker Thread 8,5,main]) started.

> Task :gradle-build-conventions:project-tests-convention:checkKotlinGradlePluginConfigurationErrors SKIPPED
Skipping task ':gradle-build-conventions:project-tests-convention:checkKotlinGradlePluginConfigurationErrors' as task onlyIf 'errorDiagnostics are present' is false.
Resolve mutations for :gradle-build-conventions:utilities:compileKotlin (Thread[#857,Execution worker Thread 10,5,main]) started.
Resolve mutations for :gradle-build-conventions:android-sdk-provisioner:generateExternalPluginSpecBuilders (Thread[#851,Execution worker Thread 4,5,main]) started.
Resolve mutations for :gradle-build-conventions:project-tests-convention:extractPrecompiledScriptPluginPlugins (Thread[#869,Execution worker Thread 21,5,main]) started.
Resolve mutations for :gradle-build-conventions:d8-configuration:generateExternalPluginSpecBuilders (Thread[#852,Execution worker Thread 5,5,main]) started.
:gradle-build-conventions:android-sdk-provisioner:generateExternalPluginSpecBuilders (Thread[#851,Execution worker Thread 4,5,main]) started.
:gradle-build-conventions:gradle-plugins-documentation:extractPrecompiledScriptPluginPlugins (Thread[#856,Execution worker Thread 9,5,main]) started.
:gradle-build-conventions:d8-configuration:generateExternalPluginSpecBuilders (Thread[#857,Execution worker Thread 10,5,main]) started.
:gradle-build-conventions:utilities:compileKotlin (Thread[#869,Execution worker Thread 21,5,main]) started.

> Task :gradle-build-conventions:project-tests-convention:extractPrecompiledScriptPluginPlugins UP-TO-DATE
Build cache key for task ':gradle-build-conventions:project-tests-convention:extractPrecompiledScriptPluginPlugins' is 1eb00ed5809a74865cee882cee879ced
Skipping task ':gradle-build-conventions:project-tests-convention:extractPrecompiledScriptPluginPlugins' as it is up-to-date.

> Task :gradle-build-conventions:gradle-plugins-documentation:extractPrecompiledScriptPluginPlugins UP-TO-DATE
Build cache key for task ':gradle-build-conventions:gradle-plugins-documentation:extractPrecompiledScriptPluginPlugins' is f07c2406797c59232f781949280fe8a4
Skipping task ':gradle-build-conventions:gradle-plugins-documentation:extractPrecompiledScriptPluginPlugins' as it is up-to-date.
Resolve mutations for :gradle-build-conventions:gradle-plugins-documentation:generateScriptPluginAdapters (Thread[#856,Execution worker Thread 9,5,main]) started.

> Task :gradle-build-conventions:buildsrc-compat:extractPrecompiledScriptPluginPlugins UP-TO-DATE
Build cache key for task ':gradle-build-conventions:buildsrc-compat:extractPrecompiledScriptPluginPlugins' is 33dcda96810e5f4aac85ae67999f4271
Skipping task ':gradle-build-conventions:buildsrc-compat:extractPrecompiledScriptPluginPlugins' as it is up-to-date.

> Task :gradle-build-conventions:gradle-plugins-common:extractPrecompiledScriptPluginPlugins UP-TO-DATE
Build cache key for task ':gradle-build-conventions:gradle-plugins-common:extractPrecompiledScriptPluginPlugins' is 086ee9af996d1d8c5e7c05dcaf7a8ee2
Skipping task ':gradle-build-conventions:gradle-plugins-common:extractPrecompiledScriptPluginPlugins' as it is up-to-date.
Resolve mutations for :gradle-build-conventions:gradle-plugins-common:generateScriptPluginAdapters (Thread[#855,Execution worker Thread 8,5,main]) started.
:gradle-build-conventions:gradle-plugins-common:generateScriptPluginAdapters (Thread[#855,Execution worker Thread 8,5,main]) started.

> Task :gradle-build-conventions:d8-configuration:generateExternalPluginSpecBuilders UP-TO-DATE
Build cache key for task ':gradle-build-conventions:d8-configuration:generateExternalPluginSpecBuilders' is c31e52188e873987ce1b09fa1935e39d
Skipping task ':gradle-build-conventions:d8-configuration:generateExternalPluginSpecBuilders' as it is up-to-date.

> Task :gradle-build-conventions:project-tests-convention:generateScriptPluginAdapters UP-TO-DATE
Build cache key for task ':gradle-build-conventions:project-tests-convention:generateScriptPluginAdapters' is 9a8a58693eaf3f05fc91ef530fb74edc
Skipping task ':gradle-build-conventions:project-tests-convention:generateScriptPluginAdapters' as it is up-to-date.
Resolve mutations for :gradle-build-conventions:buildsrc-compat:generateScriptPluginAdapters (Thread[#863,Execution worker Thread 15,5,main]) started.
:gradle-build-conventions:gradle-plugins-documentation:generateScriptPluginAdapters (Thread[#856,Execution worker Thread 9,5,main]) started.

> Task :gradle-build-conventions:gradle-plugins-common:generateScriptPluginAdapters UP-TO-DATE
Build cache key for task ':gradle-build-conventions:gradle-plugins-common:generateScriptPluginAdapters' is 92088035590f1809a090857223e182cd
Skipping task ':gradle-build-conventions:gradle-plugins-common:generateScriptPluginAdapters' as it is up-to-date.
Resolve mutations for :gradle-build-conventions:d8-configuration:extractPrecompiledScriptPluginPlugins (Thread[#857,Execution worker Thread 10,5,main]) started.
:gradle-build-conventions:d8-configuration:extractPrecompiledScriptPluginPlugins (Thread[#857,Execution worker Thread 10,5,main]) started.
:gradle-build-conventions:buildsrc-compat:generateScriptPluginAdapters (Thread[#863,Execution worker Thread 15,5,main]) started.
Resolve mutations for :gradle-build-conventions:gradle-plugins-common:pluginDescriptors (Thread[#855,Execution worker Thread 8,5,main]) started.
:gradle-build-conventions:gradle-plugins-common:pluginDescriptors (Thread[#855,Execution worker Thread 8,5,main]) started.

> Task :gradle-build-conventions:project-tests-convention:pluginDescriptors UP-TO-DATE
Caching disabled for task ':gradle-build-conventions:project-tests-convention:pluginDescriptors' because:
  Not worth caching
Skipping task ':gradle-build-conventions:project-tests-convention:pluginDescriptors' as it is up-to-date.

> Task :gradle-build-conventions:gradle-plugins-documentation:generateScriptPluginAdapters UP-TO-DATE
Build cache key for task ':gradle-build-conventions:gradle-plugins-documentation:generateScriptPluginAdapters' is 11c29991b29e0759a507855ee8b01433
Skipping task ':gradle-build-conventions:gradle-plugins-documentation:generateScriptPluginAdapters' as it is up-to-date.

> Task :gradle-build-conventions:d8-configuration:extractPrecompiledScriptPluginPlugins UP-TO-DATE
Build cache key for task ':gradle-build-conventions:d8-configuration:extractPrecompiledScriptPluginPlugins' is 001cfade837d1901bcd2165a6d895ebc
Skipping task ':gradle-build-conventions:d8-configuration:extractPrecompiledScriptPluginPlugins' as it is up-to-date.

> Task :gradle-build-conventions:gradle-plugins-common:pluginDescriptors UP-TO-DATE
Caching disabled for task ':gradle-build-conventions:gradle-plugins-common:pluginDescriptors' because:
  Not worth caching
Skipping task ':gradle-build-conventions:gradle-plugins-common:pluginDescriptors' as it is up-to-date.
Resolve mutations for :gradle-build-conventions:gradle-plugins-documentation:pluginDescriptors (Thread[#856,Execution worker Thread 9,5,main]) started.

> Task :gradle-build-conventions:buildsrc-compat:generateScriptPluginAdapters UP-TO-DATE
Build cache key for task ':gradle-build-conventions:buildsrc-compat:generateScriptPluginAdapters' is a1d40b994afbdb3b718a2d7e05f67250
Skipping task ':gradle-build-conventions:buildsrc-compat:generateScriptPluginAdapters' as it is up-to-date.
Resolve mutations for :gradle-build-conventions:buildsrc-compat:pluginDescriptors (Thread[#856,Execution worker Thread 9,5,main]) started.
Resolve mutations for :gradle-build-conventions:gradle-plugins-common:processResources (Thread[#855,Execution worker Thread 8,5,main]) started.
Resolve mutations for :gradle-build-conventions:d8-configuration:compilePluginsBlocks (Thread[#857,Execution worker Thread 10,5,main]) started.
:gradle-build-conventions:buildsrc-compat:pluginDescriptors (Thread[#856,Execution worker Thread 9,5,main]) started.
:gradle-build-conventions:gradle-plugins-documentation:pluginDescriptors (Thread[#863,Execution worker Thread 15,5,main]) started.
:gradle-build-conventions:d8-configuration:compilePluginsBlocks (Thread[#857,Execution worker Thread 10,5,main]) started.

> Task :gradle-build-conventions:project-tests-convention:processResources UP-TO-DATE
Caching disabled for task ':gradle-build-conventions:project-tests-convention:processResources' because:
  Not worth caching
Skipping task ':gradle-build-conventions:project-tests-convention:processResources' as it is up-to-date.
:gradle-build-conventions:gradle-plugins-common:processResources (Thread[#855,Execution worker Thread 8,5,main]) started.

> Task :gradle-build-conventions:gradle-plugins-documentation:pluginDescriptors UP-TO-DATE
Caching disabled for task ':gradle-build-conventions:gradle-plugins-documentation:pluginDescriptors' because:
  Not worth caching
Skipping task ':gradle-build-conventions:gradle-plugins-documentation:pluginDescriptors' as it is up-to-date.
Resolve mutations for :gradle-build-conventions:gradle-plugins-documentation:processResources (Thread[#863,Execution worker Thread 15,5,main]) started.

> Task :gradle-build-conventions:buildsrc-compat:pluginDescriptors UP-TO-DATE
Caching disabled for task ':gradle-build-conventions:buildsrc-compat:pluginDescriptors' because:
  Not worth caching
Skipping task ':gradle-build-conventions:buildsrc-compat:pluginDescriptors' as it is up-to-date.
:gradle-build-conventions:gradle-plugins-documentation:processResources (Thread[#863,Execution worker Thread 15,5,main]) started.
Resolve mutations for :gradle-build-conventions:buildsrc-compat:processResources (Thread[#856,Execution worker Thread 9,5,main]) started.

> Task :gradle-build-conventions:android-sdk-provisioner:generateExternalPluginSpecBuilders UP-TO-DATE
Build cache key for task ':gradle-build-conventions:android-sdk-provisioner:generateExternalPluginSpecBuilders' is cbeae2e9145c9426f60ecd529072ffce
Skipping task ':gradle-build-conventions:android-sdk-provisioner:generateExternalPluginSpecBuilders' as it is up-to-date.
:gradle-build-conventions:buildsrc-compat:processResources (Thread[#856,Execution worker Thread 9,5,main]) started.
Resolve mutations for :gradle-build-conventions:android-sdk-provisioner:extractPrecompiledScriptPluginPlugins (Thread[#851,Execution worker Thread 4,5,main]) started.
:gradle-build-conventions:android-sdk-provisioner:extractPrecompiledScriptPluginPlugins (Thread[#851,Execution worker Thread 4,5,main]) started.

> Task :gradle-build-conventions:gradle-plugins-common:processResources UP-TO-DATE
Caching disabled for task ':gradle-build-conventions:gradle-plugins-common:processResources' because:
  Not worth caching
Skipping task ':gradle-build-conventions:gradle-plugins-common:processResources' as it is up-to-date.

> Task :gradle-build-conventions:android-sdk-provisioner:extractPrecompiledScriptPluginPlugins UP-TO-DATE
Build cache key for task ':gradle-build-conventions:android-sdk-provisioner:extractPrecompiledScriptPluginPlugins' is f8be1dfd220d6efaaba1f4580007a3b3
Skipping task ':gradle-build-conventions:android-sdk-provisioner:extractPrecompiledScriptPluginPlugins' as it is up-to-date.

> Task :gradle-build-conventions:utilities:compileKotlin UP-TO-DATE
Build cache key for task ':gradle-build-conventions:utilities:compileKotlin' is 57b89f591d9a1aa3ddc325d2e88a7c14
Skipping task ':gradle-build-conventions:utilities:compileKotlin' as it is up-to-date.
Resolve mutations for :gradle-build-conventions:android-sdk-provisioner:compilePluginsBlocks (Thread[#851,Execution worker Thread 4,5,main]) started.

> Task :gradle-build-conventions:gradle-plugins-documentation:processResources UP-TO-DATE
Caching disabled for task ':gradle-build-conventions:gradle-plugins-documentation:processResources' because:
  Not worth caching
Skipping task ':gradle-build-conventions:gradle-plugins-documentation:processResources' as it is up-to-date.
Resolve mutations for :gradle-build-conventions:utilities:compileJava (Thread[#869,Execution worker Thread 21,5,main]) started.

> Task :gradle-build-conventions:buildsrc-compat:processResources UP-TO-DATE
Caching disabled for task ':gradle-build-conventions:buildsrc-compat:processResources' because:
  Not worth caching
Skipping task ':gradle-build-conventions:buildsrc-compat:processResources' as it is up-to-date.
:gradle-build-conventions:android-sdk-provisioner:compilePluginsBlocks (Thread[#851,Execution worker Thread 4,5,main]) started.
:gradle-build-conventions:utilities:compileJava (Thread[#869,Execution worker Thread 21,5,main]) started.

> Task :gradle-build-conventions:utilities:compileJava NO-SOURCE
Skipping task ':gradle-build-conventions:utilities:compileJava' as it has no source files and no previous output files.
work action resolve main (project :gradle-build-conventions:utilities) (Thread[#869,Execution worker Thread 21,5,main]) started.
work action resolve main (project :gradle-build-conventions:utilities) (Thread[#869,Execution worker Thread 21,5,main]) started.
Resolve mutations for :gradle-build-conventions:gradle-plugins-common:generateExternalPluginSpecBuilders (Thread[#869,Execution worker Thread 21,5,main]) started.
Resolve mutations for :gradle-build-conventions:project-tests-convention:generateExternalPluginSpecBuilders (Thread[#853,Execution worker Thread 6,5,main]) started.
Resolve mutations for :gradle-build-conventions:utilities:pluginDescriptors (Thread[#848,Execution worker,5,main]) started.
:gradle-build-conventions:gradle-plugins-common:generateExternalPluginSpecBuilders (Thread[#869,Execution worker Thread 21,5,main]) started.
:gradle-build-conventions:project-tests-convention:generateExternalPluginSpecBuilders (Thread[#853,Execution worker Thread 6,5,main]) started.
:gradle-build-conventions:utilities:pluginDescriptors (Thread[#848,Execution worker,5,main]) started.

> Task :gradle-build-conventions:d8-configuration:compilePluginsBlocks UP-TO-DATE
Custom actions are attached to task ':gradle-build-conventions:d8-configuration:compilePluginsBlocks'.
Build cache key for task ':gradle-build-conventions:d8-configuration:compilePluginsBlocks' is bb5f84dc1889327c3e87d3083439df04
Skipping task ':gradle-build-conventions:d8-configuration:compilePluginsBlocks' as it is up-to-date.
Resolve mutations for :gradle-build-conventions:d8-configuration:generatePrecompiledScriptPluginAccessors (Thread[#857,Execution worker Thread 10,5,main]) started.
:gradle-build-conventions:d8-configuration:generatePrecompiledScriptPluginAccessors (Thread[#857,Execution worker Thread 10,5,main]) started.

> Task :gradle-build-conventions:utilities:pluginDescriptors UP-TO-DATE
Caching disabled for task ':gradle-build-conventions:utilities:pluginDescriptors' because:
  Not worth caching
Skipping task ':gradle-build-conventions:utilities:pluginDescriptors' as it is up-to-date.
Resolve mutations for :gradle-build-conventions:utilities:processResources (Thread[#848,Execution worker,5,main]) started.
:gradle-build-conventions:utilities:processResources (Thread[#848,Execution worker,5,main]) started.

> Task :gradle-build-conventions:utilities:processResources NO-SOURCE
Skipping task ':gradle-build-conventions:utilities:processResources' as it has no source files and no previous output files.
Resolve mutations for :gradle-build-conventions:utilities:classes (Thread[#848,Execution worker,5,main]) started.
:gradle-build-conventions:utilities:classes (Thread[#848,Execution worker,5,main]) started.

> Task :gradle-build-conventions:project-tests-convention:generateExternalPluginSpecBuilders UP-TO-DATE
Build cache key for task ':gradle-build-conventions:project-tests-convention:generateExternalPluginSpecBuilders' is 20ca71f6171e1160eeb71b99aa2dda50
Skipping task ':gradle-build-conventions:project-tests-convention:generateExternalPluginSpecBuilders' as it is up-to-date.

> Task :gradle-build-conventions:utilities:classes UP-TO-DATE
Skipping task ':gradle-build-conventions:utilities:classes' as it has no actions.

> Task :gradle-build-conventions:android-sdk-provisioner:compilePluginsBlocks UP-TO-DATE
Custom actions are attached to task ':gradle-build-conventions:android-sdk-provisioner:compilePluginsBlocks'.
Build cache key for task ':gradle-build-conventions:android-sdk-provisioner:compilePluginsBlocks' is af659e71a8f77e92c6787f39370fa932
Skipping task ':gradle-build-conventions:android-sdk-provisioner:compilePluginsBlocks' as it is up-to-date.
Resolve mutations for :gradle-build-conventions:project-tests-convention:compilePluginsBlocks (Thread[#863,Execution worker Thread 15,5,main]) started.
Resolve mutations for :gradle-build-conventions:android-sdk-provisioner:generatePrecompiledScriptPluginAccessors (Thread[#851,Execution worker Thread 4,5,main]) started.
:gradle-build-conventions:android-sdk-provisioner:generatePrecompiledScriptPluginAccessors (Thread[#851,Execution worker Thread 4,5,main]) started.
:gradle-build-conventions:project-tests-convention:compilePluginsBlocks (Thread[#863,Execution worker Thread 15,5,main]) started.
Resolve mutations for :gradle-build-conventions:utilities:jar (Thread[#848,Execution worker,5,main]) started.

> Task :gradle-build-conventions:gradle-plugins-common:generateExternalPluginSpecBuilders UP-TO-DATE
Build cache key for task ':gradle-build-conventions:gradle-plugins-common:generateExternalPluginSpecBuilders' is 427dfd987c023a73f255906e2b89fd90
Skipping task ':gradle-build-conventions:gradle-plugins-common:generateExternalPluginSpecBuilders' as it is up-to-date.

> Task :gradle-build-conventions:d8-configuration:generatePrecompiledScriptPluginAccessors UP-TO-DATE
Build cache key for task ':gradle-build-conventions:d8-configuration:generatePrecompiledScriptPluginAccessors' is 6bc76fa0bbf290ee16ea53d171bb7d1b
Skipping task ':gradle-build-conventions:d8-configuration:generatePrecompiledScriptPluginAccessors' as it is up-to-date.
:gradle-build-conventions:utilities:jar (Thread[#848,Execution worker,5,main]) started.
Resolve mutations for :gradle-build-conventions:gradle-plugins-common:compilePluginsBlocks (Thread[#869,Execution worker Thread 21,5,main]) started.
Resolve mutations for :gradle-build-conventions:d8-configuration:generateScriptPluginAdapters (Thread[#857,Execution worker Thread 10,5,main]) started.
:gradle-build-conventions:d8-configuration:generateScriptPluginAdapters (Thread[#857,Execution worker Thread 10,5,main]) started.
:gradle-build-conventions:gradle-plugins-common:compilePluginsBlocks (Thread[#869,Execution worker Thread 21,5,main]) started.

> Task :gradle-build-conventions:d8-configuration:generateScriptPluginAdapters UP-TO-DATE
Build cache key for task ':gradle-build-conventions:d8-configuration:generateScriptPluginAdapters' is 4f243810daa022dea870d52068a238f3
Skipping task ':gradle-build-conventions:d8-configuration:generateScriptPluginAdapters' as it is up-to-date.
Resolve mutations for :gradle-build-conventions:d8-configuration:compileKotlin (Thread[#857,Execution worker Thread 10,5,main]) started.

> Task :gradle-build-conventions:android-sdk-provisioner:generatePrecompiledScriptPluginAccessors UP-TO-DATE
Build cache key for task ':gradle-build-conventions:android-sdk-provisioner:generatePrecompiledScriptPluginAccessors' is 361280048fa3fcc4ee81e699ff08a16f
Skipping task ':gradle-build-conventions:android-sdk-provisioner:generatePrecompiledScriptPluginAccessors' as it is up-to-date.
:gradle-build-conventions:d8-configuration:compileKotlin (Thread[#857,Execution worker Thread 10,5,main]) started.
Resolve mutations for :gradle-build-conventions:android-sdk-provisioner:generateScriptPluginAdapters (Thread[#851,Execution worker Thread 4,5,main]) started.
:gradle-build-conventions:android-sdk-provisioner:generateScriptPluginAdapters (Thread[#851,Execution worker Thread 4,5,main]) started.

> Task :gradle-build-conventions:utilities:jar UP-TO-DATE
Caching disabled for task ':gradle-build-conventions:utilities:jar' because:
  Not worth caching
Skipping task ':gradle-build-conventions:utilities:jar' as it is up-to-date.
work action resolve utilities.jar (project :gradle-build-conventions:utilities) (Thread[#848,Execution worker,5,main]) started.

> Task :gradle-build-conventions:android-sdk-provisioner:generateScriptPluginAdapters UP-TO-DATE
Build cache key for task ':gradle-build-conventions:android-sdk-provisioner:generateScriptPluginAdapters' is 66b5aad96e9ea40db20ca247b1ccbd79
Skipping task ':gradle-build-conventions:android-sdk-provisioner:generateScriptPluginAdapters' as it is up-to-date.
Resolve mutations for :gradle-build-conventions:android-sdk-provisioner:compileKotlin (Thread[#851,Execution worker Thread 4,5,main]) started.
:gradle-build-conventions:android-sdk-provisioner:compileKotlin (Thread[#851,Execution worker Thread 4,5,main]) started.

> Task :gradle-build-conventions:project-tests-convention:compilePluginsBlocks UP-TO-DATE
Custom actions are attached to task ':gradle-build-conventions:project-tests-convention:compilePluginsBlocks'.
Build cache key for task ':gradle-build-conventions:project-tests-convention:compilePluginsBlocks' is bf29eedbb25d98cb7ccb8da7084e7844
Skipping task ':gradle-build-conventions:project-tests-convention:compilePluginsBlocks' as it is up-to-date.
Resolve mutations for :gradle-build-conventions:project-tests-convention:generatePrecompiledScriptPluginAccessors (Thread[#863,Execution worker Thread 15,5,main]) started.
:gradle-build-conventions:project-tests-convention:generatePrecompiledScriptPluginAccessors (Thread[#863,Execution worker Thread 15,5,main]) started.

> Task :gradle-build-conventions:gradle-plugins-common:compilePluginsBlocks UP-TO-DATE
Custom actions are attached to task ':gradle-build-conventions:gradle-plugins-common:compilePluginsBlocks'.
Build cache key for task ':gradle-build-conventions:gradle-plugins-common:compilePluginsBlocks' is 6a2483e7bf2771bdd2faf663354090ba
Skipping task ':gradle-build-conventions:gradle-plugins-common:compilePluginsBlocks' as it is up-to-date.
Resolve mutations for :gradle-build-conventions:gradle-plugins-common:generatePrecompiledScriptPluginAccessors (Thread[#869,Execution worker Thread 21,5,main]) started.
:gradle-build-conventions:gradle-plugins-common:generatePrecompiledScriptPluginAccessors (Thread[#869,Execution worker Thread 21,5,main]) started.

> Task :gradle-build-conventions:d8-configuration:compileKotlin UP-TO-DATE
Custom actions are attached to task ':gradle-build-conventions:d8-configuration:compileKotlin'.
Build cache key for task ':gradle-build-conventions:d8-configuration:compileKotlin' is ef9a51081a0a7f56c7ab5e9462951d46
Skipping task ':gradle-build-conventions:d8-configuration:compileKotlin' as it is up-to-date.

> Task :gradle-build-conventions:project-tests-convention:generatePrecompiledScriptPluginAccessors UP-TO-DATE
Build cache key for task ':gradle-build-conventions:project-tests-convention:generatePrecompiledScriptPluginAccessors' is 5b93abf622fa1adc621a67ef946c579c
Skipping task ':gradle-build-conventions:project-tests-convention:generatePrecompiledScriptPluginAccessors' as it is up-to-date.
Resolve mutations for :gradle-build-conventions:d8-configuration:compileJava (Thread[#857,Execution worker Thread 10,5,main]) started.

> Task :gradle-build-conventions:android-sdk-provisioner:compileKotlin UP-TO-DATE
Custom actions are attached to task ':gradle-build-conventions:android-sdk-provisioner:compileKotlin'.
Build cache key for task ':gradle-build-conventions:android-sdk-provisioner:compileKotlin' is e46a648e8e9f152dc848fd81746a8508
Skipping task ':gradle-build-conventions:android-sdk-provisioner:compileKotlin' as it is up-to-date.
Resolve mutations for :gradle-build-conventions:project-tests-convention:compileKotlin (Thread[#863,Execution worker Thread 15,5,main]) started.
Resolve mutations for :gradle-build-conventions:android-sdk-provisioner:compileJava (Thread[#851,Execution worker Thread 4,5,main]) started.
:gradle-build-conventions:d8-configuration:compileJava (Thread[#857,Execution worker Thread 10,5,main]) started.
:gradle-build-conventions:android-sdk-provisioner:compileJava (Thread[#851,Execution worker Thread 4,5,main]) started.
:gradle-build-conventions:project-tests-convention:compileKotlin (Thread[#863,Execution worker Thread 15,5,main]) started.

> Task :gradle-build-conventions:d8-configuration:compileJava NO-SOURCE
Skipping task ':gradle-build-conventions:d8-configuration:compileJava' as it has no source files and no previous output files.

> Task :gradle-build-conventions:android-sdk-provisioner:compileJava NO-SOURCE
Skipping task ':gradle-build-conventions:android-sdk-provisioner:compileJava' as it has no source files and no previous output files.
work action resolve main (project :gradle-build-conventions:android-sdk-provisioner) (Thread[#851,Execution worker Thread 4,5,main]) started.
work action resolve main (project :gradle-build-conventions:android-sdk-provisioner) (Thread[#851,Execution worker Thread 4,5,main]) started.
work action resolve main (project :gradle-build-conventions:d8-configuration) (Thread[#857,Execution worker Thread 10,5,main]) started.
work action resolve main (project :gradle-build-conventions:d8-configuration) (Thread[#857,Execution worker Thread 10,5,main]) started.
Resolve mutations for :gradle-build-conventions:d8-configuration:pluginDescriptors (Thread[#857,Execution worker Thread 10,5,main]) started.
:gradle-build-conventions:d8-configuration:pluginDescriptors (Thread[#864,Execution worker Thread 16,5,main]) started.

> Task :gradle-build-conventions:d8-configuration:pluginDescriptors UP-TO-DATE
Caching disabled for task ':gradle-build-conventions:d8-configuration:pluginDescriptors' because:
  Not worth caching
Skipping task ':gradle-build-conventions:d8-configuration:pluginDescriptors' as it is up-to-date.
Resolve mutations for :gradle-build-conventions:d8-configuration:processResources (Thread[#864,Execution worker Thread 16,5,main]) started.
:gradle-build-conventions:d8-configuration:processResources (Thread[#864,Execution worker Thread 16,5,main]) started.

> Task :gradle-build-conventions:d8-configuration:processResources UP-TO-DATE
Caching disabled for task ':gradle-build-conventions:d8-configuration:processResources' because:
  Not worth caching
Skipping task ':gradle-build-conventions:d8-configuration:processResources' as it is up-to-date.
Resolve mutations for :gradle-build-conventions:d8-configuration:classes (Thread[#870,Execution worker Thread 22,5,main]) started.
:gradle-build-conventions:d8-configuration:classes (Thread[#870,Execution worker Thread 22,5,main]) started.

> Task :gradle-build-conventions:d8-configuration:classes UP-TO-DATE
Skipping task ':gradle-build-conventions:d8-configuration:classes' as it has no actions.

> Task :gradle-build-conventions:gradle-plugins-common:generatePrecompiledScriptPluginAccessors UP-TO-DATE
Build cache key for task ':gradle-build-conventions:gradle-plugins-common:generatePrecompiledScriptPluginAccessors' is 64ff1239474d3971058b73632149de19
Skipping task ':gradle-build-conventions:gradle-plugins-common:generatePrecompiledScriptPluginAccessors' as it is up-to-date.
Resolve mutations for :gradle-build-conventions:gradle-plugins-common:compileKotlin (Thread[#869,Execution worker Thread 21,5,main]) started.
:gradle-build-conventions:gradle-plugins-common:compileKotlin (Thread[#869,Execution worker Thread 21,5,main]) started.

> Task :gradle-build-conventions:d8-configuration:jar UP-TO-DATE
Caching disabled for task ':gradle-build-conventions:d8-configuration:jar' because:
  Not worth caching
Skipping task ':gradle-build-conventions:d8-configuration:jar' as it is up-to-date.

> Task :gradle-build-conventions:project-tests-convention:compileKotlin UP-TO-DATE
Custom actions are attached to task ':gradle-build-conventions:project-tests-convention:compileKotlin'.
Build cache key for task ':gradle-build-conventions:project-tests-convention:compileKotlin' is 1cb098a00e814ba854ef855a8b7e2e33
Skipping task ':gradle-build-conventions:project-tests-convention:compileKotlin' as it is up-to-date.
Resolve mutations for :gradle-build-conventions:project-tests-convention:compileJava (Thread[#863,Execution worker Thread 15,5,main]) started.
:gradle-build-conventions:project-tests-convention:compileJava (Thread[#863,Execution worker Thread 15,5,main]) started.

> Task :gradle-build-conventions:project-tests-convention:compileJava NO-SOURCE
Skipping task ':gradle-build-conventions:project-tests-convention:compileJava' as it has no source files and no previous output files.
Resolve mutations for :gradle-build-conventions:project-tests-convention:classes (Thread[#863,Execution worker Thread 15,5,main]) started.
:gradle-build-conventions:project-tests-convention:classes (Thread[#863,Execution worker Thread 15,5,main]) started.

> Task :gradle-build-conventions:project-tests-convention:classes UP-TO-DATE
Skipping task ':gradle-build-conventions:project-tests-convention:classes' as it has no actions.
Resolve mutations for :gradle-build-conventions:project-tests-convention:jar (Thread[#863,Execution worker Thread 15,5,main]) started.
:gradle-build-conventions:project-tests-convention:jar (Thread[#863,Execution worker Thread 15,5,main]) started.

> Task :gradle-build-conventions:project-tests-convention:jar UP-TO-DATE
Caching disabled for task ':gradle-build-conventions:project-tests-convention:jar' because:
  Not worth caching
Skipping task ':gradle-build-conventions:project-tests-convention:jar' as it is up-to-date.

> Task :gradle-build-conventions:gradle-plugins-common:compileKotlin UP-TO-DATE
Custom actions are attached to task ':gradle-build-conventions:gradle-plugins-common:compileKotlin'.
Build cache key for task ':gradle-build-conventions:gradle-plugins-common:compileKotlin' is 038b4d8d35234ba4def3e11b993640cd
Skipping task ':gradle-build-conventions:gradle-plugins-common:compileKotlin' as it is up-to-date.
Resolve mutations for :gradle-build-conventions:gradle-plugins-common:compileJava (Thread[#869,Execution worker Thread 21,5,main]) started.
:gradle-build-conventions:gradle-plugins-common:compileJava (Thread[#869,Execution worker Thread 21,5,main]) started.

> Task :gradle-build-conventions:gradle-plugins-common:compileJava NO-SOURCE
Skipping task ':gradle-build-conventions:gradle-plugins-common:compileJava' as it has no source files and no previous output files.
work action resolve main (project :gradle-build-conventions:gradle-plugins-common) (Thread[#869,Execution worker Thread 21,5,main]) started.
work action resolve main (project :gradle-build-conventions:gradle-plugins-common) (Thread[#869,Execution worker Thread 21,5,main]) started.
Resolve mutations for :gradle-build-conventions:buildsrc-compat:generateExternalPluginSpecBuilders (Thread[#869,Execution worker Thread 21,5,main]) started.
Resolve mutations for :gradle-build-conventions:gradle-plugins-common:classes (Thread[#854,Execution worker Thread 7,5,main]) started.
Resolve mutations for :gradle-build-conventions:gradle-plugins-documentation:generateExternalPluginSpecBuilders (Thread[#849,Execution worker Thread 2,5,main]) started.
:gradle-build-conventions:gradle-plugins-common:classes (Thread[#854,Execution worker Thread 7,5,main]) started.

> Task :gradle-build-conventions:gradle-plugins-common:classes UP-TO-DATE
Skipping task ':gradle-build-conventions:gradle-plugins-common:classes' as it has no actions.
:gradle-build-conventions:gradle-plugins-documentation:generateExternalPluginSpecBuilders (Thread[#849,Execution worker Thread 2,5,main]) started.
Resolve mutations for :gradle-build-conventions:gradle-plugins-common:jar (Thread[#854,Execution worker Thread 7,5,main]) started.
:gradle-build-conventions:gradle-plugins-common:jar (Thread[#854,Execution worker Thread 7,5,main]) started.
:gradle-build-conventions:buildsrc-compat:generateExternalPluginSpecBuilders (Thread[#869,Execution worker Thread 21,5,main]) started.

> Task :gradle-build-conventions:gradle-plugins-common:jar UP-TO-DATE
Caching disabled for task ':gradle-build-conventions:gradle-plugins-common:jar' because:
  Not worth caching
Skipping task ':gradle-build-conventions:gradle-plugins-common:jar' as it is up-to-date.

> Task :gradle-build-conventions:gradle-plugins-documentation:generateExternalPluginSpecBuilders UP-TO-DATE
Build cache key for task ':gradle-build-conventions:gradle-plugins-documentation:generateExternalPluginSpecBuilders' is d11821ef80460782605a9adc82adddf7
Skipping task ':gradle-build-conventions:gradle-plugins-documentation:generateExternalPluginSpecBuilders' as it is up-to-date.
work action resolve gradle-plugins-common.jar (project :gradle-build-conventions:gradle-plugins-common) (Thread[#854,Execution worker Thread 7,5,main]) started.
Resolve mutations for :gradle-build-conventions:gradle-plugins-documentation:compilePluginsBlocks (Thread[#854,Execution worker Thread 7,5,main]) started.
:gradle-build-conventions:gradle-plugins-documentation:compilePluginsBlocks (Thread[#854,Execution worker Thread 7,5,main]) started.

> Task :gradle-build-conventions:buildsrc-compat:generateExternalPluginSpecBuilders UP-TO-DATE
Build cache key for task ':gradle-build-conventions:buildsrc-compat:generateExternalPluginSpecBuilders' is 82334ec51f7140322b7a0279910b709b
Skipping task ':gradle-build-conventions:buildsrc-compat:generateExternalPluginSpecBuilders' as it is up-to-date.
Resolve mutations for :gradle-build-conventions:buildsrc-compat:compilePluginsBlocks (Thread[#869,Execution worker Thread 21,5,main]) started.
:gradle-build-conventions:buildsrc-compat:compilePluginsBlocks (Thread[#869,Execution worker Thread 21,5,main]) started.

> Task :gradle-build-conventions:gradle-plugins-documentation:compilePluginsBlocks UP-TO-DATE
Custom actions are attached to task ':gradle-build-conventions:gradle-plugins-documentation:compilePluginsBlocks'.
Build cache key for task ':gradle-build-conventions:gradle-plugins-documentation:compilePluginsBlocks' is ec378b41e62aea644a44a86313fb63c8
Skipping task ':gradle-build-conventions:gradle-plugins-documentation:compilePluginsBlocks' as it is up-to-date.
Resolve mutations for :gradle-build-conventions:gradle-plugins-documentation:generatePrecompiledScriptPluginAccessors (Thread[#854,Execution worker Thread 7,5,main]) started.
:gradle-build-conventions:gradle-plugins-documentation:generatePrecompiledScriptPluginAccessors (Thread[#854,Execution worker Thread 7,5,main]) started.

> Task :gradle-build-conventions:buildsrc-compat:compilePluginsBlocks UP-TO-DATE
Custom actions are attached to task ':gradle-build-conventions:buildsrc-compat:compilePluginsBlocks'.
Build cache key for task ':gradle-build-conventions:buildsrc-compat:compilePluginsBlocks' is 6f4aae0ecbce2cbd3c645cad9b847aff
Skipping task ':gradle-build-conventions:buildsrc-compat:compilePluginsBlocks' as it is up-to-date.
Resolve mutations for :gradle-build-conventions:buildsrc-compat:generatePrecompiledScriptPluginAccessors (Thread[#869,Execution worker Thread 21,5,main]) started.
:gradle-build-conventions:buildsrc-compat:generatePrecompiledScriptPluginAccessors (Thread[#869,Execution worker Thread 21,5,main]) started.

> Task :gradle-build-conventions:gradle-plugins-documentation:generatePrecompiledScriptPluginAccessors UP-TO-DATE
Build cache key for task ':gradle-build-conventions:gradle-plugins-documentation:generatePrecompiledScriptPluginAccessors' is 5f0401940184603cd07e98990163ee33
Skipping task ':gradle-build-conventions:gradle-plugins-documentation:generatePrecompiledScriptPluginAccessors' as it is up-to-date.
Resolve mutations for :gradle-build-conventions:gradle-plugins-documentation:compileKotlin (Thread[#854,Execution worker Thread 7,5,main]) started.
:gradle-build-conventions:gradle-plugins-documentation:compileKotlin (Thread[#854,Execution worker Thread 7,5,main]) started.

> Task :gradle-build-conventions:buildsrc-compat:generatePrecompiledScriptPluginAccessors UP-TO-DATE
Build cache key for task ':gradle-build-conventions:buildsrc-compat:generatePrecompiledScriptPluginAccessors' is 4a496d3f665ee2b3b3ad70be8eb02f97
Skipping task ':gradle-build-conventions:buildsrc-compat:generatePrecompiledScriptPluginAccessors' as it is up-to-date.
Resolve mutations for :gradle-build-conventions:buildsrc-compat:compileKotlin (Thread[#869,Execution worker Thread 21,5,main]) started.
:gradle-build-conventions:buildsrc-compat:compileKotlin (Thread[#869,Execution worker Thread 21,5,main]) started.

> Task :gradle-build-conventions:gradle-plugins-documentation:compileKotlin UP-TO-DATE
Custom actions are attached to task ':gradle-build-conventions:gradle-plugins-documentation:compileKotlin'.
Build cache key for task ':gradle-build-conventions:gradle-plugins-documentation:compileKotlin' is 50a1cdb605b38048d09f799293fdb440
Skipping task ':gradle-build-conventions:gradle-plugins-documentation:compileKotlin' as it is up-to-date.
Resolve mutations for :gradle-build-conventions:gradle-plugins-documentation:compileJava (Thread[#854,Execution worker Thread 7,5,main]) started.
:gradle-build-conventions:gradle-plugins-documentation:compileJava (Thread[#854,Execution worker Thread 7,5,main]) started.

> Task :gradle-build-conventions:gradle-plugins-documentation:compileJava NO-SOURCE
Skipping task ':gradle-build-conventions:gradle-plugins-documentation:compileJava' as it has no source files and no previous output files.
Resolve mutations for :gradle-build-conventions:gradle-plugins-documentation:classes (Thread[#854,Execution worker Thread 7,5,main]) started.
:gradle-build-conventions:gradle-plugins-documentation:classes (Thread[#854,Execution worker Thread 7,5,main]) started.

> Task :gradle-build-conventions:gradle-plugins-documentation:classes UP-TO-DATE
Skipping task ':gradle-build-conventions:gradle-plugins-documentation:classes' as it has no actions.
Resolve mutations for :gradle-build-conventions:gradle-plugins-documentation:jar (Thread[#854,Execution worker Thread 7,5,main]) started.
:gradle-build-conventions:gradle-plugins-documentation:jar (Thread[#854,Execution worker Thread 7,5,main]) started.

> Task :gradle-build-conventions:gradle-plugins-documentation:jar UP-TO-DATE
Caching disabled for task ':gradle-build-conventions:gradle-plugins-documentation:jar' because:
  Not worth caching
Skipping task ':gradle-build-conventions:gradle-plugins-documentation:jar' as it is up-to-date.

> Task :gradle-build-conventions:buildsrc-compat:compileKotlin UP-TO-DATE
Custom actions are attached to task ':gradle-build-conventions:buildsrc-compat:compileKotlin'.
Build cache key for task ':gradle-build-conventions:buildsrc-compat:compileKotlin' is e7afb872b156c303239209ebcaf4f1de
Skipping task ':gradle-build-conventions:buildsrc-compat:compileKotlin' as it is up-to-date.
Resolve mutations for :gradle-build-conventions:buildsrc-compat:compileJava (Thread[#869,Execution worker Thread 21,5,main]) started.
:gradle-build-conventions:buildsrc-compat:compileJava (Thread[#869,Execution worker Thread 21,5,main]) started.

> Task :gradle-build-conventions:buildsrc-compat:compileJava NO-SOURCE
Skipping task ':gradle-build-conventions:buildsrc-compat:compileJava' as it has no source files and no previous output files.
Resolve mutations for :gradle-build-conventions:buildsrc-compat:classes (Thread[#869,Execution worker Thread 21,5,main]) started.
:gradle-build-conventions:buildsrc-compat:classes (Thread[#869,Execution worker Thread 21,5,main]) started.

> Task :gradle-build-conventions:buildsrc-compat:classes UP-TO-DATE
Skipping task ':gradle-build-conventions:buildsrc-compat:classes' as it has no actions.
Resolve mutations for :gradle-build-conventions:buildsrc-compat:jar (Thread[#869,Execution worker Thread 21,5,main]) started.
:gradle-build-conventions:buildsrc-compat:jar (Thread[#869,Execution worker Thread 21,5,main]) started.

> Task :gradle-build-conventions:buildsrc-compat:jar UP-TO-DATE
Caching disabled for task ':gradle-build-conventions:buildsrc-compat:jar' because:
  Not worth caching
Skipping task ':gradle-build-conventions:buildsrc-compat:jar' as it is up-to-date.

> Configure project :
Using Kotlin Space bootstrap version 2.3.0-dev-10303 from https://redirector.kotlinlang.org/maven/bootstrap
Redirecting Kotlin/Native compiler download url
Evaluating root project 'kotlin' using build file '/Users/aria/zaedalus/kotlin/build.gradle.kts'.
Resolved plugin [id: 'org.gradle.base']
Resolved plugin [id: 'org.gradle.idea']
Registering project ':gradle-settings-conventions' in composite build. Will substitute for module ':gradle-settings-conventions'.
Registering project ':gradle-settings-conventions:cache-redirector' in composite build. Will substitute for module 'gradle-settings-conventions:cache-redirector'.
Registering project ':gradle-settings-conventions:develocity' in composite build. Will substitute for module 'gradle-settings-conventions:develocity'.
Registering project ':gradle-settings-conventions:internal-gradle-setup' in composite build. Will substitute for module 'gradle-settings-conventions:internal-gradle-setup'.
Registering project ':gradle-settings-conventions:jvm-toolchain-provisioning' in composite build. Will substitute for module 'gradle-settings-conventions:jvm-toolchain-provisioning'.
Registering project ':gradle-settings-conventions:kotlin-bootstrap' in composite build. Will substitute for module 'gradle-settings-conventions:kotlin-bootstrap'.
Registering project ':gradle-settings-conventions:kotlin-daemon-config' in composite build. Will substitute for module 'gradle-settings-conventions:kotlin-daemon-config'.
Resolved plugin [id: 'org.jetbrains.gradle.plugin.idea-ext', version: '1.0.1']
Resolved plugin [id: 'build-time-report']
Resolved plugin [id: 'java-instrumentation']
Resolved plugin [id: 'jps']
Resolved plugin [id: 'modularized-test-configurations']
Resolved plugin [id: 'resolve-dependencies']
Resolved plugin [id: 'org.gradle.crypto.checksum', version: '1.4.0']
Resolved plugin [id: 'org.jetbrains.kotlinx.binary-compatibility-validator', version: '0.17.0', apply: false]
Resolved plugin [id: 'org.gradle.signing']
Resolved plugin [id: 'org.jetbrains.kotlin.jvm', version: '2.3.0-dev-10303', apply: false]
Resolved plugin [id: 'org.jetbrains.kotlin.plugin.serialization', version: '2.3.0-dev-10303', apply: false]
Resolved plugin [id: 'org.gradle.jvm-toolchains']
Resolved plugin [id: 'com.github.node-gradle.node', version: '7.0.2', apply: false]
Resolved plugin [id: 'nodejs-cache-redirector-configuration']
Resolved plugin [id: 'gradle-plugins-documentation', apply: false]
Resolved plugin [id: 'com.autonomousapps.dependency-analysis', version: '2.19.0']
Resolved plugin [id: 'project-tests-convention', apply: false]
buildSrc stdlib version: 2.1.20
:gradle-build-conventions:gradle-plugins-documentation:checkKotlinGradlePluginConfigurationErrors (Thread[#847,included builds,5,main]) started.
Resolve mutations for :gradle-build-conventions:gradle-plugins-documentation:extractPrecompiledScriptPluginPlugins (Thread[#847,included builds,5,main]) started.
:gradle-build-conventions:project-tests-convention:extractPrecompiledScriptPluginPlugins (Thread[#847,included builds,5,main]) started.
Resolve mutations for :gradle-build-conventions:project-tests-convention:generateScriptPluginAdapters (Thread[#847,included builds,5,main]) started.
:gradle-build-conventions:project-tests-convention:generateScriptPluginAdapters (Thread[#847,included builds,5,main]) started.
Resolve mutations for :gradle-build-conventions:project-tests-convention:pluginDescriptors (Thread[#847,included builds,5,main]) started.
:gradle-build-conventions:project-tests-convention:pluginDescriptors (Thread[#847,included builds,5,main]) started.
Resolve mutations for :gradle-build-conventions:project-tests-convention:processResources (Thread[#847,included builds,5,main]) started.
:gradle-build-conventions:project-tests-convention:processResources (Thread[#847,included builds,5,main]) started.
Resolve mutations for :gradle-build-conventions:d8-configuration:jar (Thread[#847,included builds,5,main]) started.
:gradle-build-conventions:d8-configuration:jar (Thread[#847,included builds,5,main]) started.
work action resolve d8-configuration.jar (project :gradle-build-conventions:d8-configuration) (Thread[#847,included builds,5,main]) started.
Setting java.awt.headless=true, old value was null
AGP not on classpath; assuming non-Android project

> Configure project :analysis
Using Kotlin Space bootstrap version 2.3.0-dev-10303 from https://redirector.kotlinlang.org/maven/bootstrap
Redirecting Kotlin/Native compiler download url
Evaluating project ':analysis' using build file '/Users/aria/zaedalus/kotlin/analysis/build.gradle.kts'.
Resolved plugin [id: 'org.jetbrains.kotlin.jvm', version: '2.3.0-dev-10303']
Build 3f3f8a08-8ccf-4cdc-b177-6c8d621cfb6f is started
Using Kotlin Gradle Plugin gradle813 variant
kotlin scripting plugin: created the scripting discovery configuration: kotlinScriptDef
kotlin scripting plugin: created the scripting discovery configuration: testKotlinScriptDef
w: [33m[1m⚠️ Usage of Internal Kotlin Gradle Plugin Properties Detected[0m[0m
ATTENTION! This build uses the following Kotlin Gradle Plugin properties:

kotlin.internal.suppress.buildToolsApiVersionConsistencyChecks

Internal properties are not recommended for production use.
Stability and future compatibility of the build is not guaranteed.
[32m[1mSolution:[0m[0m
[32m[3mPlease consider using the public API instead of internal properties.[0m[0m

Starting process 'command '/usr/libexec/java_home''. Working directory: /Users/aria/.gradle/daemon/8.14 Command: /usr/libexec/java_home -V
Successfully started process 'command '/usr/libexec/java_home''

> Configure project :atomicfu
Using Kotlin Space bootstrap version 2.3.0-dev-10303 from https://redirector.kotlinlang.org/maven/bootstrap
Redirecting Kotlin/Native compiler download url
Evaluating project ':atomicfu' using build file '/Users/aria/zaedalus/kotlin/libraries/tools/atomicfu/build.gradle.kts'.
Resolved plugin [id: 'gradle-plugin-common-configuration']
Using Kotlin Gradle Plugin gradle813 variant
kotlin scripting plugin: created the scripting discovery configuration: kotlinScriptDef
kotlin scripting plugin: created the scripting discovery configuration: testKotlinScriptDef
kotlin scripting plugin: created the scripting discovery configuration: commonKotlinScriptDef
kotlin scripting plugin: created the scripting discovery configuration: gradle80KotlinScriptDef
kotlin scripting plugin: created the scripting discovery configuration: gradle81KotlinScriptDef
kotlin scripting plugin: created the scripting discovery configuration: gradle82KotlinScriptDef
kotlin scripting plugin: created the scripting discovery configuration: gradle85KotlinScriptDef
kotlin scripting plugin: created the scripting discovery configuration: gradle86KotlinScriptDef
kotlin scripting plugin: created the scripting discovery configuration: gradle88KotlinScriptDef
kotlin scripting plugin: created the scripting discovery configuration: gradle811KotlinScriptDef
kotlin scripting plugin: created the scripting discovery configuration: gradle813KotlinScriptDef
(dependency analysis) :atomicfu was already configured for the java-library plugin

> Configure project :benchmarks
Using Kotlin Space bootstrap version 2.3.0-dev-10303 from https://redirector.kotlinlang.org/maven/bootstrap
Redirecting Kotlin/Native compiler download url
Evaluating project ':benchmarks' using build file '/Users/aria/zaedalus/kotlin/benchmarks/build.gradle.kts'.
Resolved plugin [id: 'org.gradle.java']
Resolved plugin [id: 'org.jetbrains.kotlin.jvm', version: '2.3.0-dev-10303']
Resolved plugin [id: 'org.jetbrains.kotlinx.benchmark', version: '0.4.6-1']
Using Kotlin Gradle Plugin gradle813 variant
kotlin scripting plugin: created the scripting discovery configuration: kotlinScriptDef
kotlin scripting plugin: created the scripting discovery configuration: testKotlinScriptDef
Detected Kotlin plugin version '2.3.0-dev-10303'
Configuring benchmarks for 'main' using Java

> Configure project :test-instrumenter
Using Kotlin Space bootstrap version 2.3.0-dev-10303 from https://redirector.kotlinlang.org/maven/bootstrap
Redirecting Kotlin/Native compiler download url
Evaluating project ':test-instrumenter' using build file '/Users/aria/zaedalus/kotlin/test-instrumenter/build.gradle.kts'.
Resolved plugin [id: 'org.gradle.java']
Resolved plugin [id: 'org.jetbrains.kotlin.jvm', version: '2.3.0-dev-10303']
Using Kotlin Gradle Plugin gradle813 variant
kotlin scripting plugin: created the scripting discovery configuration: kotlinScriptDef
kotlin scripting plugin: created the scripting discovery configuration: testKotlinScriptDef

> Configure project :compiler
Using Kotlin Space bootstrap version 2.3.0-dev-10303 from https://redirector.kotlinlang.org/maven/bootstrap
Redirecting Kotlin/Native compiler download url
Evaluating project ':compiler' using build file '/Users/aria/zaedalus/kotlin/compiler/build.gradle.kts'.
Resolved plugin [id: 'org.jetbrains.kotlin.jvm', version: '2.3.0-dev-10303']
Resolved plugin [id: 'jps-compatible']
Resolved plugin [id: 'd8-configuration']
Resolved plugin [id: 'java-test-fixtures']
Resolved plugin [id: 'project-tests-convention']
Using Kotlin Gradle Plugin gradle813 variant
kotlin scripting plugin: created the scripting discovery configuration: kotlinScriptDef
kotlin scripting plugin: created the scripting discovery configuration: testKotlinScriptDef
[KOTLIN] Storing cached files in /Users/aria/.gradle
kotlin scripting plugin: created the scripting discovery configuration: testFixturesKotlinScriptDef
w: [33m[1m⚠️ Unsupported API dependency types in test source sets[0m[0m
API dependency types are used in test source sets
Dependencies:
    - org.jetbrains.kotlin:kotlin-script-runtime:2.3.0-wit.1 (source sets: test)
    - org.jetbrains.kotlin:kotlin-stdlib:2.3.0-wit.1 (source sets: test)
    - org.jetbrains.kotlin:kotlin-test:2.3.0-wit.1 (source sets: test)

Adding API dependency types to test source sets is not supported and will removed in a future version of Kotlin.

API dependencies are transitively exposed to consumers, but test source sets should not be consumable.
[32m[1mSolutions:[0m[0m
[32m • [3mReplace API dependency types in test source sets with implementation dependencies.[0m[0m
[32m • [3mFor Kotlin/JVM projects, consider using Test Fixtures https://docs.gradle.org/current/userguide/java_testing.html#sec:java_test_fixtures[0m[0m
[32m • [3mFor Test Fixtures support in non-Kotlin/JVM projects, please add your use-case to https://youtrack.jetbrains.com/issue/KT-63142[0m[0m


> Configure project :compose-compiler-gradle-plugin
Using Kotlin Space bootstrap version 2.3.0-dev-10303 from https://redirector.kotlinlang.org/maven/bootstrap
Redirecting Kotlin/Native compiler download url
Evaluating project ':compose-compiler-gradle-plugin' using build file '/Users/aria/zaedalus/kotlin/libraries/tools/kotlin-compose-compiler/build.gradle.kts'.
Resolved plugin [id: 'gradle-plugin-common-configuration']
Resolved plugin [id: 'org.gradle.jvm-test-suite']
Resolved plugin [id: 'gradle-plugin-api-reference']
Using Kotlin Gradle Plugin gradle813 variant
kotlin scripting plugin: created the scripting discovery configuration: kotlinScriptDef
kotlin scripting plugin: created the scripting discovery configuration: testKotlinScriptDef
kotlin scripting plugin: created the scripting discovery configuration: commonKotlinScriptDef
kotlin scripting plugin: created the scripting discovery configuration: gradle80KotlinScriptDef
kotlin scripting plugin: created the scripting discovery configuration: gradle81KotlinScriptDef
kotlin scripting plugin: created the scripting discovery configuration: gradle82KotlinScriptDef
kotlin scripting plugin: created the scripting discovery configuration: gradle85KotlinScriptDef
kotlin scripting plugin: created the scripting discovery configuration: gradle86KotlinScriptDef
kotlin scripting plugin: created the scripting discovery configuration: gradle88KotlinScriptDef
kotlin scripting plugin: created the scripting discovery configuration: gradle811KotlinScriptDef
kotlin scripting plugin: created the scripting discovery configuration: gradle813KotlinScriptDef
kotlin scripting plugin: created the scripting discovery configuration: functionalTestKotlinScriptDef
(dependency analysis) :compose-compiler-gradle-plugin was already configured for the java-library plugin

> Configure project :core
Using Kotlin Space bootstrap version 2.3.0-dev-10303 from https://redirector.kotlinlang.org/maven/bootstrap
Redirecting Kotlin/Native compiler download url
Evaluating project ':core' using build file '/Users/aria/zaedalus/kotlin/core/build.gradle'.

> Configure project :daemon-common
Using Kotlin Space bootstrap version 2.3.0-dev-10303 from https://redirector.kotlinlang.org/maven/bootstrap
Redirecting Kotlin/Native compiler download url
Evaluating project ':daemon-common' using build file '/Users/aria/zaedalus/kotlin/compiler/daemon/daemon-common/build.gradle.kts'.
Resolved plugin [id: 'org.jetbrains.kotlin.jvm', version: '2.3.0-dev-10303']
Resolved plugin [id: 'jps-compatible']
Resolved plugin [id: 'gradle-plugin-published-compiler-dependency-configuration']
Using Kotlin Gradle Plugin gradle813 variant
kotlin scripting plugin: created the scripting discovery configuration: kotlinScriptDef
kotlin scripting plugin: created the scripting discovery configuration: testKotlinScriptDef

> Configure project :dependencies
Using Kotlin Space bootstrap version 2.3.0-dev-10303 from https://redirector.kotlinlang.org/maven/bootstrap
Redirecting Kotlin/Native compiler download url
Evaluating project ':dependencies' using build file '/Users/aria/zaedalus/kotlin/dependencies/build.gradle'.

> Configure project :examples
Using Kotlin Space bootstrap version 2.3.0-dev-10303 from https://redirector.kotlinlang.org/maven/bootstrap
Redirecting Kotlin/Native compiler download url
Evaluating project ':examples' using build file '/Users/aria/zaedalus/kotlin/libraries/examples/build.gradle'.

> Configure project :generators
Using Kotlin Space bootstrap version 2.3.0-dev-10303 from https://redirector.kotlinlang.org/maven/bootstrap
Redirecting Kotlin/Native compiler download url
Evaluating project ':generators' using build file '/Users/aria/zaedalus/kotlin/generators/build.gradle.kts'.
Resolved plugin [id: 'org.jetbrains.kotlin.jvm', version: '2.3.0-dev-10303']
Resolved plugin [id: 'jps-compatible']
Resolved plugin [id: 'project-tests-convention']
Using Kotlin Gradle Plugin gradle813 variant
kotlin scripting plugin: created the scripting discovery configuration: kotlinScriptDef
kotlin scripting plugin: created the scripting discovery configuration: testKotlinScriptDef
kotlin scripting plugin: created the scripting discovery configuration: builtinsKotlinScriptDef
kotlin scripting plugin: created the scripting discovery configuration: evaluateKotlinScriptDef
kotlin scripting plugin: created the scripting discovery configuration: interpreterKotlinScriptDef
kotlin scripting plugin: created the scripting discovery configuration: protobufKotlinScriptDef
kotlin scripting plugin: created the scripting discovery configuration: protobufCompareKotlinScriptDef
kotlin scripting plugin: created the scripting discovery configuration: wasmKotlinScriptDef
kotlin scripting plugin: created the scripting discovery configuration: nativeInteropRuntimeKotlinScriptDef
w: [33m[1m⚠️ Unsupported API dependency types in test source sets[0m[0m
API dependency types are used in test source sets
Dependencies:
    - org.jetbrains.kotlin:analysis-api-generator:2.3.0-wit.1 (source sets: test)
    - org.jetbrains.kotlin:cli:2.3.0-wit.1 (source sets: test)
    - org.jetbrains.kotlin:incremental-compilation-impl:2.3.0-wit.1 (source sets: test)
    - org.jetbrains.kotlin:jvm-abi-gen:2.3.0-wit.1 (source sets: test)
    - org.jetbrains.kotlin:kotlin-allopen-compiler-plugin:2.3.0-wit.1 (source sets: test)
    - org.jetbrains.kotlin:kotlin-annotation-processing-cli:2.3.0-wit.1 (source sets: test)
    - org.jetbrains.kotlin:kotlin-annotation-processing:2.3.0-wit.1 (source sets: test)
    - org.jetbrains.kotlin:kotlin-assignment-compiler-plugin:2.3.0-wit.1 (source sets: test)
    - org.jetbrains.kotlin:kotlin-atomicfu-compiler-plugin:2.3.0-wit.1 (source sets: test)
    - org.jetbrains.kotlin:kotlin-dataframe-compiler-plugin:2.3.0-wit.1 (source sets: test)
    - org.jetbrains.kotlin:kotlin-lombok-compiler-plugin:2.3.0-wit.1 (source sets: test)
    - org.jetbrains.kotlin:kotlin-noarg-compiler-plugin:2.3.0-wit.1 (source sets: test)
    - org.jetbrains.kotlin:kotlin-power-assert-compiler-plugin:2.3.0-wit.1 (source sets: test)
    - org.jetbrains.kotlin:kotlin-sam-with-receiver-compiler-plugin:2.3.0-wit.1 (source sets: test)
    - org.jetbrains.kotlin:kotlinx-serialization-compiler-plugin:2.3.0-wit.1 (source sets: test)
    - org.jetbrains.kotlin:parcelize-compiler:2.3.0-wit.1 (source sets: test)
    - org.jetbrains.kotlin:plugin-sandbox-ic-test:2.3.0-wit.1 (source sets: test)
    - org.jetbrains.kotlin:plugin-sandbox:2.3.0-wit.1 (source sets: test)
    - org.jetbrains.kotlin:plugins-interactions-testing:2.3.0-wit.1 (source sets: test)
    - org.jetbrains.kotlin:scripting-tests:2.3.0-wit.1 (source sets: test)
    - org.jetbrains.kotlin:test-generator:2.3.0-wit.1 (source sets: test)
    - unspecified (source sets: test, test, test, test, test)

Adding API dependency types to test source sets is not supported and will removed in a future version of Kotlin.

API dependencies are transitively exposed to consumers, but test source sets should not be consumable.
[32m[1mSolutions:[0m[0m
[32m • [3mReplace API dependency types in test source sets with implementation dependencies.[0m[0m
[32m • [3mFor Kotlin/JVM projects, consider using Test Fixtures https://docs.gradle.org/current/userguide/java_testing.html#sec:java_test_fixtures[0m[0m
[32m • [3mFor Test Fixtures support in non-Kotlin/JVM projects, please add your use-case to https://youtrack.jetbrains.com/issue/KT-63142[0m[0m


> Configure project :gradle
Using Kotlin Space bootstrap version 2.3.0-dev-10303 from https://redirector.kotlinlang.org/maven/bootstrap
Redirecting Kotlin/Native compiler download url
Evaluating project ':gradle' using build file '/Users/aria/zaedalus/kotlin/gradle/build.gradle'.

> Configure project :jps
Using Kotlin Space bootstrap version 2.3.0-dev-10303 from https://redirector.kotlinlang.org/maven/bootstrap
Redirecting Kotlin/Native compiler download url
Evaluating project ':jps' using build file '/Users/aria/zaedalus/kotlin/jps/build.gradle'.

> Configure project :js
Using Kotlin Space bootstrap version 2.3.0-dev-10303 from https://redirector.kotlinlang.org/maven/bootstrap
Redirecting Kotlin/Native compiler download url
Evaluating project ':js' using build file '/Users/aria/zaedalus/kotlin/js/build.gradle'.

> Configure project :kotlin-allopen
Using Kotlin Space bootstrap version 2.3.0-dev-10303 from https://redirector.kotlinlang.org/maven/bootstrap
Redirecting Kotlin/Native compiler download url
Evaluating project ':kotlin-allopen' using build file '/Users/aria/zaedalus/kotlin/libraries/tools/kotlin-allopen/build.gradle.kts'.
Resolved plugin [id: 'gradle-plugin-common-configuration']
Using Kotlin Gradle Plugin gradle813 variant
kotlin scripting plugin: created the scripting discovery configuration: kotlinScriptDef
kotlin scripting plugin: created the scripting discovery configuration: testKotlinScriptDef
kotlin scripting plugin: created the scripting discovery configuration: commonKotlinScriptDef
kotlin scripting plugin: created the scripting discovery configuration: gradle80KotlinScriptDef
kotlin scripting plugin: created the scripting discovery configuration: gradle81KotlinScriptDef
kotlin scripting plugin: created the scripting discovery configuration: gradle82KotlinScriptDef
kotlin scripting plugin: created the scripting discovery configuration: gradle85KotlinScriptDef
kotlin scripting plugin: created the scripting discovery configuration: gradle86KotlinScriptDef
kotlin scripting plugin: created the scripting discovery configuration: gradle88KotlinScriptDef
kotlin scripting plugin: created the scripting discovery configuration: gradle811KotlinScriptDef
kotlin scripting plugin: created the scripting discovery configuration: gradle813KotlinScriptDef
(dependency analysis) :kotlin-allopen was already configured for the java-library plugin

> Configure project :kotlin-allopen-compiler-plugin
Using Kotlin Space bootstrap version 2.3.0-dev-10303 from https://redirector.kotlinlang.org/maven/bootstrap
Redirecting Kotlin/Native compiler download url
Evaluating project ':kotlin-allopen-compiler-plugin' using build file '/Users/aria/zaedalus/kotlin/plugins/allopen/build.gradle.kts'.
Resolved plugin [id: 'org.jetbrains.kotlin.jvm', version: '2.3.0-dev-10303']
Resolved plugin [id: 'jps-compatible']
Resolved plugin [id: 'java-test-fixtures']
Resolved plugin [id: 'project-tests-convention']
Using Kotlin Gradle Plugin gradle813 variant
kotlin scripting plugin: created the scripting discovery configuration: kotlinScriptDef
kotlin scripting plugin: created the scripting discovery configuration: testKotlinScriptDef
kotlin scripting plugin: created the scripting discovery configuration: testFixturesKotlinScriptDef

> Configure project :kotlin-allopen-compiler-plugin.cli
Using Kotlin Space bootstrap version 2.3.0-dev-10303 from https://redirector.kotlinlang.org/maven/bootstrap
Redirecting Kotlin/Native compiler download url
Evaluating project ':kotlin-allopen-compiler-plugin.cli' using build file '/Users/aria/zaedalus/kotlin/plugins/allopen/allopen.cli/build.gradle.kts'.
Resolved plugin [id: 'org.jetbrains.kotlin.jvm', version: '2.3.0-dev-10303']
Resolved plugin [id: 'jps-compatible']
Using Kotlin Gradle Plugin gradle813 variant
kotlin scripting plugin: created the scripting discovery configuration: kotlinScriptDef
kotlin scripting plugin: created the scripting discovery configuration: testKotlinScriptDef

> Configure project :kotlin-allopen-compiler-plugin.common
Using Kotlin Space bootstrap version 2.3.0-dev-10303 from https://redirector.kotlinlang.org/maven/bootstrap
Redirecting Kotlin/Native compiler download url
Evaluating project ':kotlin-allopen-compiler-plugin.common' using build file '/Users/aria/zaedalus/kotlin/plugins/allopen/allopen.common/build.gradle.kts'.
Resolved plugin [id: 'org.jetbrains.kotlin.jvm', version: '2.3.0-dev-10303']
Resolved plugin [id: 'jps-compatible']
Using Kotlin Gradle Plugin gradle813 variant
kotlin scripting plugin: created the scripting discovery configuration: kotlinScriptDef
kotlin scripting plugin: created the scripting discovery configuration: testKotlinScriptDef

> Configure project :kotlin-allopen-compiler-plugin.embeddable
Using Kotlin Space bootstrap version 2.3.0-dev-10303 from https://redirector.kotlinlang.org/maven/bootstrap
Redirecting Kotlin/Native compiler download url
Evaluating project ':kotlin-allopen-compiler-plugin.embeddable' using build file '/Users/aria/zaedalus/kotlin/plugins/allopen/allopen.embeddable/build.gradle.kts'.
Resolved plugin [id: 'org.jetbrains.kotlin.jvm', version: '2.3.0-dev-10303']
Using Kotlin Gradle Plugin gradle813 variant
kotlin scripting plugin: created the scripting discovery configuration: kotlinScriptDef
kotlin scripting plugin: created the scripting discovery configuration: testKotlinScriptDef

> Configure project :kotlin-allopen-compiler-plugin.k1
Using Kotlin Space bootstrap version 2.3.0-dev-10303 from https://redirector.kotlinlang.org/maven/bootstrap
Redirecting Kotlin/Native compiler download url
Evaluating project ':kotlin-allopen-compiler-plugin.k1' using build file '/Users/aria/zaedalus/kotlin/plugins/allopen/allopen.k1/build.gradle.kts'.
Resolved plugin [id: 'org.jetbrains.kotlin.jvm', version: '2.3.0-dev-10303']
Resolved plugin [id: 'jps-compatible']
Using Kotlin Gradle Plugin gradle813 variant
kotlin scripting plugin: created the scripting discovery configuration: kotlinScriptDef
kotlin scripting plugin: created the scripting discovery configuration: testKotlinScriptDef

> Configure project :kotlin-allopen-compiler-plugin.k2
Using Kotlin Space bootstrap version 2.3.0-dev-10303 from https://redirector.kotlinlang.org/maven/bootstrap
Redirecting Kotlin/Native compiler download url
Evaluating project ':kotlin-allopen-compiler-plugin.k2' using build file '/Users/aria/zaedalus/kotlin/plugins/allopen/allopen.k2/build.gradle.kts'.
Resolved plugin [id: 'org.jetbrains.kotlin.jvm', version: '2.3.0-dev-10303']
Resolved plugin [id: 'jps-compatible']
Using Kotlin Gradle Plugin gradle813 variant
kotlin scripting plugin: created the scripting discovery configuration: kotlinScriptDef
kotlin scripting plugin: created the scripting discovery configuration: testKotlinScriptDef

> Configure project :kotlin-annotation-processing
Using Kotlin Space bootstrap version 2.3.0-dev-10303 from https://redirector.kotlinlang.org/maven/bootstrap
Redirecting Kotlin/Native compiler download url
Evaluating project ':kotlin-annotation-processing' using build file '/Users/aria/zaedalus/kotlin/plugins/kapt/kapt-compiler/build.gradle.kts'.
Resolved plugin [id: 'org.jetbrains.kotlin.jvm', version: '2.3.0-dev-10303']
Resolved plugin [id: 'jps-compatible']
Resolved plugin [id: 'java-test-fixtures']
Resolved plugin [id: 'project-tests-convention']
Using Kotlin Gradle Plugin gradle813 variant
kotlin scripting plugin: created the scripting discovery configuration: kotlinScriptDef
kotlin scripting plugin: created the scripting discovery configuration: testKotlinScriptDef
kotlin scripting plugin: created the scripting discovery configuration: testFixturesKotlinScriptDef

> Configure project :kotlin-annotation-processing-base
Using Kotlin Space bootstrap version 2.3.0-dev-10303 from https://redirector.kotlinlang.org/maven/bootstrap
Redirecting Kotlin/Native compiler download url
Evaluating project ':kotlin-annotation-processing-base' using build file '/Users/aria/zaedalus/kotlin/plugins/kapt/kapt-base/build.gradle.kts'.
Resolved plugin [id: 'org.jetbrains.kotlin.jvm', version: '2.3.0-dev-10303']
Resolved plugin [id: 'jps-compatible']
Resolved plugin [id: 'java-test-fixtures']
Resolved plugin [id: 'project-tests-convention']
Using Kotlin Gradle Plugin gradle813 variant
kotlin scripting plugin: created the scripting discovery configuration: kotlinScriptDef
kotlin scripting plugin: created the scripting discovery configuration: testKotlinScriptDef
kotlin scripting plugin: created the scripting discovery configuration: testFixturesKotlinScriptDef

> Configure project :kotlin-annotation-processing-cli
Using Kotlin Space bootstrap version 2.3.0-dev-10303 from https://redirector.kotlinlang.org/maven/bootstrap
Redirecting Kotlin/Native compiler download url
Evaluating project ':kotlin-annotation-processing-cli' using build file '/Users/aria/zaedalus/kotlin/plugins/kapt/kapt-cli/build.gradle.kts'.
Resolved plugin [id: 'org.jetbrains.kotlin.jvm', version: '2.3.0-dev-10303']
Resolved plugin [id: 'jps-compatible']
Resolved plugin [id: 'java-test-fixtures']
Resolved plugin [id: 'project-tests-convention']
Using Kotlin Gradle Plugin gradle813 variant
kotlin scripting plugin: created the scripting discovery configuration: kotlinScriptDef
kotlin scripting plugin: created the scripting discovery configuration: testKotlinScriptDef
kotlin scripting plugin: created the scripting discovery configuration: testFixturesKotlinScriptDef

> Configure project :kotlin-annotation-processing-embeddable
Using Kotlin Space bootstrap version 2.3.0-dev-10303 from https://redirector.kotlinlang.org/maven/bootstrap
Redirecting Kotlin/Native compiler download url
Evaluating project ':kotlin-annotation-processing-embeddable' using build file '/Users/aria/zaedalus/kotlin/plugins/kapt/kotlin-annotation-processing-embeddable/build.gradle.kts'.
Resolved plugin [id: 'org.gradle.java-library']

> Configure project :kotlin-annotation-processing-runtime
Using Kotlin Space bootstrap version 2.3.0-dev-10303 from https://redirector.kotlinlang.org/maven/bootstrap
Redirecting Kotlin/Native compiler download url
Evaluating project ':kotlin-annotation-processing-runtime' using build file '/Users/aria/zaedalus/kotlin/plugins/kapt/kapt-runtime/build.gradle.kts'.
Resolved plugin [id: 'org.jetbrains.kotlin.jvm', version: '2.3.0-dev-10303']
Resolved plugin [id: 'jps-compatible']
Using Kotlin Gradle Plugin gradle813 variant
kotlin scripting plugin: created the scripting discovery configuration: kotlinScriptDef
kotlin scripting plugin: created the scripting discovery configuration: testKotlinScriptDef

> Configure project :kotlin-annotations-jvm
Using Kotlin Space bootstrap version 2.3.0-dev-10303 from https://redirector.kotlinlang.org/maven/bootstrap
Redirecting Kotlin/Native compiler download url
Evaluating project ':kotlin-annotations-jvm' using build file '/Users/aria/zaedalus/kotlin/libraries/tools/kotlin-annotations-jvm/build.gradle'.
Using Kotlin Gradle Plugin gradle813 variant
kotlin scripting plugin: created the scripting discovery configuration: kotlinScriptDef
kotlin scripting plugin: created the scripting discovery configuration: testKotlinScriptDef

> Configure project :kotlin-assignment
Using Kotlin Space bootstrap version 2.3.0-dev-10303 from https://redirector.kotlinlang.org/maven/bootstrap
Redirecting Kotlin/Native compiler download url
Evaluating project ':kotlin-assignment' using build file '/Users/aria/zaedalus/kotlin/libraries/tools/kotlin-assignment/build.gradle.kts'.
Resolved plugin [id: 'gradle-plugin-common-configuration']
Using Kotlin Gradle Plugin gradle813 variant
kotlin scripting plugin: created the scripting discovery configuration: kotlinScriptDef
kotlin scripting plugin: created the scripting discovery configuration: testKotlinScriptDef
kotlin scripting plugin: created the scripting discovery configuration: commonKotlinScriptDef
kotlin scripting plugin: created the scripting discovery configuration: gradle80KotlinScriptDef
kotlin scripting plugin: created the scripting discovery configuration: gradle81KotlinScriptDef
kotlin scripting plugin: created the scripting discovery configuration: gradle82KotlinScriptDef
kotlin scripting plugin: created the scripting discovery configuration: gradle85KotlinScriptDef
kotlin scripting plugin: created the scripting discovery configuration: gradle86KotlinScriptDef
kotlin scripting plugin: created the scripting discovery configuration: gradle88KotlinScriptDef
kotlin scripting plugin: created the scripting discovery configuration: gradle811KotlinScriptDef
kotlin scripting plugin: created the scripting discovery configuration: gradle813KotlinScriptDef
(dependency analysis) :kotlin-assignment was already configured for the java-library plugin

> Configure project :kotlin-assignment-compiler-plugin
Using Kotlin Space bootstrap version 2.3.0-dev-10303 from https://redirector.kotlinlang.org/maven/bootstrap
Redirecting Kotlin/Native compiler download url
Evaluating project ':kotlin-assignment-compiler-plugin' using build file '/Users/aria/zaedalus/kotlin/plugins/assign-plugin/build.gradle.kts'.
Resolved plugin [id: 'org.jetbrains.kotlin.jvm', version: '2.3.0-dev-10303']
Resolved plugin [id: 'jps-compatible']
Resolved plugin [id: 'java-test-fixtures']
Resolved plugin [id: 'project-tests-convention']
Resolved plugin [id: 'test-inputs-check']
Using Kotlin Gradle Plugin gradle813 variant
kotlin scripting plugin: created the scripting discovery configuration: kotlinScriptDef
kotlin scripting plugin: created the scripting discovery configuration: testKotlinScriptDef
kotlin scripting plugin: created the scripting discovery configuration: testFixturesKotlinScriptDef

> Configure project :kotlin-assignment-compiler-plugin.cli
Using Kotlin Space bootstrap version 2.3.0-dev-10303 from https://redirector.kotlinlang.org/maven/bootstrap
Redirecting Kotlin/Native compiler download url
Evaluating project ':kotlin-assignment-compiler-plugin.cli' using build file '/Users/aria/zaedalus/kotlin/plugins/assign-plugin/assign-plugin.cli/build.gradle.kts'.
Resolved plugin [id: 'org.jetbrains.kotlin.jvm', version: '2.3.0-dev-10303']
Resolved plugin [id: 'jps-compatible']
Using Kotlin Gradle Plugin gradle813 variant
kotlin scripting plugin: created the scripting discovery configuration: kotlinScriptDef
kotlin scripting plugin: created the scripting discovery configuration: testKotlinScriptDef

> Configure project :kotlin-assignment-compiler-plugin.common
Using Kotlin Space bootstrap version 2.3.0-dev-10303 from https://redirector.kotlinlang.org/maven/bootstrap
Redirecting Kotlin/Native compiler download url
Evaluating project ':kotlin-assignment-compiler-plugin.common' using build file '/Users/aria/zaedalus/kotlin/plugins/assign-plugin/assign-plugin.common/build.gradle.kts'.
Resolved plugin [id: 'org.jetbrains.kotlin.jvm', version: '2.3.0-dev-10303']
Resolved plugin [id: 'jps-compatible']
Using Kotlin Gradle Plugin gradle813 variant
kotlin scripting plugin: created the scripting discovery configuration: kotlinScriptDef
kotlin scripting plugin: created the scripting discovery configuration: testKotlinScriptDef

> Configure project :kotlin-assignment-compiler-plugin.embeddable
Using Kotlin Space bootstrap version 2.3.0-dev-10303 from https://redirector.kotlinlang.org/maven/bootstrap
Redirecting Kotlin/Native compiler download url
Evaluating project ':kotlin-assignment-compiler-plugin.embeddable' using build file '/Users/aria/zaedalus/kotlin/plugins/assign-plugin/assign-plugin.embeddable/build.gradle.kts'.
Resolved plugin [id: 'org.jetbrains.kotlin.jvm', version: '2.3.0-dev-10303']
Resolved plugin [id: 'jps-compatible']
Using Kotlin Gradle Plugin gradle813 variant
kotlin scripting plugin: created the scripting discovery configuration: kotlinScriptDef
kotlin scripting plugin: created the scripting discovery configuration: testKotlinScriptDef

> Configure project :kotlin-assignment-compiler-plugin.k1
Using Kotlin Space bootstrap version 2.3.0-dev-10303 from https://redirector.kotlinlang.org/maven/bootstrap
Redirecting Kotlin/Native compiler download url
Evaluating project ':kotlin-assignment-compiler-plugin.k1' using build file '/Users/aria/zaedalus/kotlin/plugins/assign-plugin/assign-plugin.k1/build.gradle.kts'.
Resolved plugin [id: 'org.jetbrains.kotlin.jvm', version: '2.3.0-dev-10303']
Resolved plugin [id: 'jps-compatible']
Using Kotlin Gradle Plugin gradle813 variant
kotlin scripting plugin: created the scripting discovery configuration: kotlinScriptDef
kotlin scripting plugin: created the scripting discovery configuration: testKotlinScriptDef

> Configure project :kotlin-assignment-compiler-plugin.k2
Using Kotlin Space bootstrap version 2.3.0-dev-10303 from https://redirector.kotlinlang.org/maven/bootstrap
Redirecting Kotlin/Native compiler download url
Evaluating project ':kotlin-assignment-compiler-plugin.k2' using build file '/Users/aria/zaedalus/kotlin/plugins/assign-plugin/assign-plugin.k2/build.gradle.kts'.
Resolved plugin [id: 'org.jetbrains.kotlin.jvm', version: '2.3.0-dev-10303']
Resolved plugin [id: 'jps-compatible']
Using Kotlin Gradle Plugin gradle813 variant
kotlin scripting plugin: created the scripting discovery configuration: kotlinScriptDef
kotlin scripting plugin: created the scripting discovery configuration: testKotlinScriptDef

> Configure project :kotlin-atomicfu-compiler-plugin
Using Kotlin Space bootstrap version 2.3.0-dev-10303 from https://redirector.kotlinlang.org/maven/bootstrap
Redirecting Kotlin/Native compiler download url
Evaluating project ':kotlin-atomicfu-compiler-plugin' using build file '/Users/aria/zaedalus/kotlin/plugins/atomicfu/atomicfu-compiler/build.gradle.kts'.
Resolved plugin [id: 'org.jetbrains.kotlin.jvm', version: '2.3.0-dev-10303']
Resolved plugin [id: 'jps-compatible']
Resolved plugin [id: 'd8-configuration']
Resolved plugin [id: 'project-tests-convention']
Using Kotlin Gradle Plugin gradle813 variant
kotlin scripting plugin: created the scripting discovery configuration: kotlinScriptDef
kotlin scripting plugin: created the scripting discovery configuration: testKotlinScriptDef
w: [33m[1m⚠️ Unsupported API dependency types in test source sets[0m[0m
API dependency types are used in test source sets
Dependencies:
    - org.jetbrains.kotlin:incremental-compilation-impl:2.3.0-wit.1 (source sets: test, test)
    - org.jetbrains.kotlin:js.tests:2.3.0-wit.1 (source sets: test)
    - org.jetbrains.kotlin:kotlin-test:2.3.0-wit.1 (source sets: test)
    - org.jetbrains.kotlin:native.tests:2.3.0-wit.1 (source sets: test)
    - org.jetbrains.kotlin:plugin-sandbox:2.3.0-wit.1 (source sets: test)
    - org.jetbrains.kotlin:test-infrastructure-utils:2.3.0-wit.1 (source sets: test)
    - org.jetbrains.kotlin:test-infrastructure:2.3.0-wit.1 (source sets: test)
    - org.jetbrains.kotlin:tests-common-new:2.3.0-wit.1 (source sets: test)
    - org.jetbrains.kotlin:tests-common:2.3.0-wit.1 (source sets: test)
    - org.jetbrains.kotlin:tests-compiler-utils:2.3.0-wit.1 (source sets: test)

Adding API dependency types to test source sets is not supported and will removed in a future version of Kotlin.

API dependencies are transitively exposed to consumers, but test source sets should not be consumable.
[32m[1mSolutions:[0m[0m
[32m • [3mReplace API dependency types in test source sets with implementation dependencies.[0m[0m
[32m • [3mFor Kotlin/JVM projects, consider using Test Fixtures https://docs.gradle.org/current/userguide/java_testing.html#sec:java_test_fixtures[0m[0m
[32m • [3mFor Test Fixtures support in non-Kotlin/JVM projects, please add your use-case to https://youtrack.jetbrains.com/issue/KT-63142[0m[0m


> Configure project :kotlin-atomicfu-compiler-plugin-embeddable
Using Kotlin Space bootstrap version 2.3.0-dev-10303 from https://redirector.kotlinlang.org/maven/bootstrap
Redirecting Kotlin/Native compiler download url
Evaluating project ':kotlin-atomicfu-compiler-plugin-embeddable' using build file '/Users/aria/zaedalus/kotlin/plugins/atomicfu/atomicfu-compiler-embeddable/build.gradle.kts'.
Resolved plugin [id: 'org.jetbrains.kotlin.jvm', version: '2.3.0-dev-10303']
Using Kotlin Gradle Plugin gradle813 variant
kotlin scripting plugin: created the scripting discovery configuration: kotlinScriptDef
kotlin scripting plugin: created the scripting discovery configuration: testKotlinScriptDef

> Configure project :kotlin-build-common
Using Kotlin Space bootstrap version 2.3.0-dev-10303 from https://redirector.kotlinlang.org/maven/bootstrap
Redirecting Kotlin/Native compiler download url
Evaluating project ':kotlin-build-common' using build file '/Users/aria/zaedalus/kotlin/build-common/build.gradle.kts'.
Resolved plugin [id: 'org.jetbrains.kotlin.jvm', version: '2.3.0-dev-10303']
Resolved plugin [id: 'jps-compatible']
Resolved plugin [id: 'gradle-plugin-compiler-dependency-configuration']
Resolved plugin [id: 'java-test-fixtures']
Resolved plugin [id: 'project-tests-convention']
Using Kotlin Gradle Plugin gradle813 variant
kotlin scripting plugin: created the scripting discovery configuration: kotlinScriptDef
kotlin scripting plugin: created the scripting discovery configuration: testKotlinScriptDef
kotlin scripting plugin: created the scripting discovery configuration: testFixturesKotlinScriptDef

> Configure project :kotlin-build-tools-enum-compat
Using Kotlin Space bootstrap version 2.3.0-dev-10303 from https://redirector.kotlinlang.org/maven/bootstrap
Redirecting Kotlin/Native compiler download url
Evaluating project ':kotlin-build-tools-enum-compat' using build file '/Users/aria/zaedalus/kotlin/libraries/tools/kotlin-build-tools-enum-compat/build.gradle.kts'.
Resolved plugin [id: 'org.jetbrains.kotlin.jvm', version: '2.3.0-dev-10303']
Resolved plugin [id: 'jps-compatible']
Using Kotlin Gradle Plugin gradle813 variant
kotlin scripting plugin: created the scripting discovery configuration: kotlinScriptDef
kotlin scripting plugin: created the scripting discovery configuration: testKotlinScriptDef

> Configure project :kotlin-compiler
Using Kotlin Space bootstrap version 2.3.0-dev-10303 from https://redirector.kotlinlang.org/maven/bootstrap
Redirecting Kotlin/Native compiler download url
Evaluating project ':kotlin-compiler' using build file '/Users/aria/zaedalus/kotlin/prepare/compiler/build.gradle.kts'.
Resolved plugin [id: 'org.gradle.java-library']
Resolved plugin [id: 'org.jetbrains.kotlin.jvm', version: '2.3.0-dev-10303']
Using Kotlin Gradle Plugin gradle813 variant
kotlin scripting plugin: created the scripting discovery configuration: kotlinScriptDef
kotlin scripting plugin: created the scripting discovery configuration: testKotlinScriptDef
(dependency analysis) :kotlin-compiler was already configured for the java-library plugin

> Configure project :kotlin-compiler-client-embeddable
Using Kotlin Space bootstrap version 2.3.0-dev-10303 from https://redirector.kotlinlang.org/maven/bootstrap
Redirecting Kotlin/Native compiler download url
Evaluating project ':kotlin-compiler-client-embeddable' using build file '/Users/aria/zaedalus/kotlin/prepare/compiler-client-embeddable/build.gradle.kts'.
Resolved plugin [id: 'org.jetbrains.kotlin.jvm', version: '2.3.0-dev-10303']
Resolved plugin [id: 'project-tests-convention']
Using Kotlin Gradle Plugin gradle813 variant
kotlin scripting plugin: created the scripting discovery configuration: kotlinScriptDef
kotlin scripting plugin: created the scripting discovery configuration: testKotlinScriptDef
w: [33m[1m⚠️ Unsupported API dependency types in test source sets[0m[0m
API dependency types are used in test source sets
Dependencies:
    - org.jetbrains.kotlin:cli-common:2.3.0-wit.1 (source sets: test)
    - org.jetbrains.kotlin:daemon-common:2.3.0-wit.1 (source sets: test)
    - org.jetbrains.kotlin:kotlin-daemon-client:2.3.0-wit.1 (source sets: test)
    - org.jetbrains.kotlin:kotlin-test:2.3.0-wit.1 (source sets: test)

Adding API dependency types to test source sets is not supported and will removed in a future version of Kotlin.

API dependencies are transitively exposed to consumers, but test source sets should not be consumable.
[32m[1mSolutions:[0m[0m
[32m • [3mReplace API dependency types in test source sets with implementation dependencies.[0m[0m
[32m • [3mFor Kotlin/JVM projects, consider using Test Fixtures https://docs.gradle.org/current/userguide/java_testing.html#sec:java_test_fixtures[0m[0m
[32m • [3mFor Test Fixtures support in non-Kotlin/JVM projects, please add your use-case to https://youtrack.jetbrains.com/issue/KT-63142[0m[0m


> Configure project :kotlin-compiler-embeddable
Using Kotlin Space bootstrap version 2.3.0-dev-10303 from https://redirector.kotlinlang.org/maven/bootstrap
Redirecting Kotlin/Native compiler download url
Evaluating project ':kotlin-compiler-embeddable' using build file '/Users/aria/zaedalus/kotlin/prepare/compiler-embeddable/build.gradle.kts'.
Resolved plugin [id: 'org.jetbrains.kotlin.jvm', version: '2.3.0-dev-10303']
Resolved plugin [id: 'project-tests-convention']
Using Kotlin Gradle Plugin gradle813 variant
kotlin scripting plugin: created the scripting discovery configuration: kotlinScriptDef
kotlin scripting plugin: created the scripting discovery configuration: testKotlinScriptDef
w: [33m[1m⚠️ Unsupported API dependency types in test source sets[0m[0m
API dependency types are used in test source sets
Dependencies:
    - org.jetbrains.kotlin:kotlin-test:2.3.0-wit.1 (source sets: test)

Adding API dependency types to test source sets is not supported and will removed in a future version of Kotlin.

API dependencies are transitively exposed to consumers, but test source sets should not be consumable.
[32m[1mSolutions:[0m[0m
[32m • [3mReplace API dependency types in test source sets with implementation dependencies.[0m[0m
[32m • [3mFor Kotlin/JVM projects, consider using Test Fixtures https://docs.gradle.org/current/userguide/java_testing.html#sec:java_test_fixtures[0m[0m
[32m • [3mFor Test Fixtures support in non-Kotlin/JVM projects, please add your use-case to https://youtrack.jetbrains.com/issue/KT-63142[0m[0m


> Configure project :kotlin-compiler-runner
Using Kotlin Space bootstrap version 2.3.0-dev-10303 from https://redirector.kotlinlang.org/maven/bootstrap
Redirecting Kotlin/Native compiler download url
Evaluating project ':kotlin-compiler-runner' using build file '/Users/aria/zaedalus/kotlin/compiler/compiler-runner/build.gradle.kts'.
Resolved plugin [id: 'org.jetbrains.kotlin.jvm', version: '2.3.0-dev-10303']
Resolved plugin [id: 'jps-compatible']
Using Kotlin Gradle Plugin gradle813 variant
kotlin scripting plugin: created the scripting discovery configuration: kotlinScriptDef
kotlin scripting plugin: created the scripting discovery configuration: testKotlinScriptDef

> Configure project :kotlin-compiler-runner-unshaded
Using Kotlin Space bootstrap version 2.3.0-dev-10303 from https://redirector.kotlinlang.org/maven/bootstrap
Redirecting Kotlin/Native compiler download url
Evaluating project ':kotlin-compiler-runner-unshaded' using build file '/Users/aria/zaedalus/kotlin/compiler/compiler-runner-unshaded/build.gradle.kts'.
Resolved plugin [id: 'org.jetbrains.kotlin.jvm', version: '2.3.0-dev-10303']
Resolved plugin [id: 'jps-compatible']
Resolved plugin [id: 'gradle-plugin-published-compiler-dependency-configuration']
Using Kotlin Gradle Plugin gradle813 variant
kotlin scripting plugin: created the scripting discovery configuration: kotlinScriptDef
kotlin scripting plugin: created the scripting discovery configuration: testKotlinScriptDef

> Configure project :kotlin-daemon
Using Kotlin Space bootstrap version 2.3.0-dev-10303 from https://redirector.kotlinlang.org/maven/bootstrap
Redirecting Kotlin/Native compiler download url
Evaluating project ':kotlin-daemon' using build file '/Users/aria/zaedalus/kotlin/compiler/daemon/build.gradle.kts'.
Resolved plugin [id: 'org.jetbrains.kotlin.jvm', version: '2.3.0-dev-10303']
Resolved plugin [id: 'jps-compatible']
Using Kotlin Gradle Plugin gradle813 variant
kotlin scripting plugin: created the scripting discovery configuration: kotlinScriptDef
kotlin scripting plugin: created the scripting discovery configuration: testKotlinScriptDef

> Configure project :kotlin-daemon-client
Using Kotlin Space bootstrap version 2.3.0-dev-10303 from https://redirector.kotlinlang.org/maven/bootstrap
Redirecting Kotlin/Native compiler download url
Evaluating project ':kotlin-daemon-client' using build file '/Users/aria/zaedalus/kotlin/compiler/daemon/daemon-client/build.gradle.kts'.
Resolved plugin [id: 'org.jetbrains.kotlin.jvm', version: '2.3.0-dev-10303']
Resolved plugin [id: 'jps-compatible']
Resolved plugin [id: 'project-tests-convention']
Using Kotlin Gradle Plugin gradle813 variant
kotlin scripting plugin: created the scripting discovery configuration: kotlinScriptDef
kotlin scripting plugin: created the scripting discovery configuration: testKotlinScriptDef

> Configure project :kotlin-daemon-embeddable
Using Kotlin Space bootstrap version 2.3.0-dev-10303 from https://redirector.kotlinlang.org/maven/bootstrap
Redirecting Kotlin/Native compiler download url
Evaluating project ':kotlin-daemon-embeddable' using build file '/Users/aria/zaedalus/kotlin/prepare/kotlin-daemon-embeddable/build.gradle.kts'.
Resolved plugin [id: 'org.gradle.java']

> Configure project :kotlin-daemon-tests
Using Kotlin Space bootstrap version 2.3.0-dev-10303 from https://redirector.kotlinlang.org/maven/bootstrap
Redirecting Kotlin/Native compiler download url
Evaluating project ':kotlin-daemon-tests' using build file '/Users/aria/zaedalus/kotlin/compiler/daemon/daemon-tests/build.gradle.kts'.
Resolved plugin [id: 'org.jetbrains.kotlin.jvm', version: '2.3.0-dev-10303']
Resolved plugin [id: 'jps-compatible']
Resolved plugin [id: 'project-tests-convention']
Using Kotlin Gradle Plugin gradle813 variant
kotlin scripting plugin: created the scripting discovery configuration: kotlinScriptDef
kotlin scripting plugin: created the scripting discovery configuration: testKotlinScriptDef

> Configure project :kotlin-dataframe
Using Kotlin Space bootstrap version 2.3.0-dev-10303 from https://redirector.kotlinlang.org/maven/bootstrap
Redirecting Kotlin/Native compiler download url
Evaluating project ':kotlin-dataframe' using build file '/Users/aria/zaedalus/kotlin/libraries/tools/kotlin-dataframe/build.gradle.kts'.
Resolved plugin [id: 'gradle-plugin-common-configuration']
Using Kotlin Gradle Plugin gradle813 variant
kotlin scripting plugin: created the scripting discovery configuration: kotlinScriptDef
kotlin scripting plugin: created the scripting discovery configuration: testKotlinScriptDef
kotlin scripting plugin: created the scripting discovery configuration: commonKotlinScriptDef
kotlin scripting plugin: created the scripting discovery configuration: gradle80KotlinScriptDef
kotlin scripting plugin: created the scripting discovery configuration: gradle81KotlinScriptDef
kotlin scripting plugin: created the scripting discovery configuration: gradle82KotlinScriptDef
kotlin scripting plugin: created the scripting discovery configuration: gradle85KotlinScriptDef
kotlin scripting plugin: created the scripting discovery configuration: gradle86KotlinScriptDef
kotlin scripting plugin: created the scripting discovery configuration: gradle88KotlinScriptDef
kotlin scripting plugin: created the scripting discovery configuration: gradle811KotlinScriptDef
kotlin scripting plugin: created the scripting discovery configuration: gradle813KotlinScriptDef
(dependency analysis) :kotlin-dataframe was already configured for the java-library plugin

> Configure project :kotlin-dataframe-compiler-plugin
Using Kotlin Space bootstrap version 2.3.0-dev-10303 from https://redirector.kotlinlang.org/maven/bootstrap
Redirecting Kotlin/Native compiler download url
Evaluating project ':kotlin-dataframe-compiler-plugin' using build file '/Users/aria/zaedalus/kotlin/plugins/kotlin-dataframe/build.gradle.kts'.
Resolved plugin [id: 'org.jetbrains.kotlin.jvm', version: '2.3.0-dev-10303']
Resolved plugin [id: 'java-test-fixtures']
Resolved plugin [id: 'project-tests-convention']
Using Kotlin Gradle Plugin gradle813 variant
kotlin scripting plugin: created the scripting discovery configuration: kotlinScriptDef
kotlin scripting plugin: created the scripting discovery configuration: testKotlinScriptDef
kotlin scripting plugin: created the scripting discovery configuration: testFixturesKotlinScriptDef

> Configure project :kotlin-dataframe-compiler-plugin.backend
Using Kotlin Space bootstrap version 2.3.0-dev-10303 from https://redirector.kotlinlang.org/maven/bootstrap
Redirecting Kotlin/Native compiler download url
Evaluating project ':kotlin-dataframe-compiler-plugin.backend' using build file '/Users/aria/zaedalus/kotlin/plugins/kotlin-dataframe/kotlin-dataframe.backend/build.gradle.kts'.
Resolved plugin [id: 'org.jetbrains.kotlin.jvm', version: '2.3.0-dev-10303']
Resolved plugin [id: 'jps-compatible']
Using Kotlin Gradle Plugin gradle813 variant
kotlin scripting plugin: created the scripting discovery configuration: kotlinScriptDef
kotlin scripting plugin: created the scripting discovery configuration: testKotlinScriptDef

> Configure project :kotlin-dataframe-compiler-plugin.cli
Using Kotlin Space bootstrap version 2.3.0-dev-10303 from https://redirector.kotlinlang.org/maven/bootstrap
Redirecting Kotlin/Native compiler download url
Evaluating project ':kotlin-dataframe-compiler-plugin.cli' using build file '/Users/aria/zaedalus/kotlin/plugins/kotlin-dataframe/kotlin-dataframe.cli/build.gradle.kts'.
Resolved plugin [id: 'org.jetbrains.kotlin.jvm', version: '2.3.0-dev-10303']
Resolved plugin [id: 'jps-compatible']
Using Kotlin Gradle Plugin gradle813 variant
kotlin scripting plugin: created the scripting discovery configuration: kotlinScriptDef
kotlin scripting plugin: created the scripting discovery configuration: testKotlinScriptDef

> Configure project :kotlin-dataframe-compiler-plugin.common
Using Kotlin Space bootstrap version 2.3.0-dev-10303 from https://redirector.kotlinlang.org/maven/bootstrap
Redirecting Kotlin/Native compiler download url
Evaluating project ':kotlin-dataframe-compiler-plugin.common' using build file '/Users/aria/zaedalus/kotlin/plugins/kotlin-dataframe/kotlin-dataframe.common/build.gradle.kts'.
Resolved plugin [id: 'org.jetbrains.kotlin.jvm', version: '2.3.0-dev-10303']
Resolved plugin [id: 'jps-compatible']
Using Kotlin Gradle Plugin gradle813 variant
kotlin scripting plugin: created the scripting discovery configuration: kotlinScriptDef
kotlin scripting plugin: created the scripting discovery configuration: testKotlinScriptDef

> Configure project :kotlin-dataframe-compiler-plugin.embeddable
Using Kotlin Space bootstrap version 2.3.0-dev-10303 from https://redirector.kotlinlang.org/maven/bootstrap
Redirecting Kotlin/Native compiler download url
Evaluating project ':kotlin-dataframe-compiler-plugin.embeddable' using build file '/Users/aria/zaedalus/kotlin/plugins/kotlin-dataframe/kotlin-dataframe.embeddable/build.gradle.kts'.
Resolved plugin [id: 'org.jetbrains.kotlin.jvm', version: '2.3.0-dev-10303']
Resolved plugin [id: 'jps-compatible']
Using Kotlin Gradle Plugin gradle813 variant
kotlin scripting plugin: created the scripting discovery configuration: kotlinScriptDef
kotlin scripting plugin: created the scripting discovery configuration: testKotlinScriptDef

> Configure project :kotlin-dataframe-compiler-plugin.k2
Using Kotlin Space bootstrap version 2.3.0-dev-10303 from https://redirector.kotlinlang.org/maven/bootstrap
Redirecting Kotlin/Native compiler download url
Evaluating project ':kotlin-dataframe-compiler-plugin.k2' using build file '/Users/aria/zaedalus/kotlin/plugins/kotlin-dataframe/kotlin-dataframe.k2/build.gradle.kts'.
Resolved plugin [id: 'org.jetbrains.kotlin.jvm', version: '2.3.0-dev-10303']
Resolved plugin [id: 'org.jetbrains.kotlin.plugin.serialization', version: '2.3.0-dev-10303']
Resolved plugin [id: 'jps-compatible']
Using Kotlin Gradle Plugin gradle813 variant
kotlin scripting plugin: created the scripting discovery configuration: kotlinScriptDef
kotlin scripting plugin: created the scripting discovery configuration: testKotlinScriptDef

> Configure project :kotlin-dom-api-compat
Using Kotlin Space bootstrap version 2.3.0-dev-10303 from https://redirector.kotlinlang.org/maven/bootstrap
Redirecting Kotlin/Native compiler download url
Evaluating project ':kotlin-dom-api-compat' using build file '/Users/aria/zaedalus/kotlin/libraries/kotlin-dom-api-compat/build.gradle.kts'.
Resolved plugin [id: 'org.gradle.maven-publish']
Resolved plugin [id: 'org.jetbrains.kotlin.js', version: '2.3.0-dev-10303']
Using Kotlin Gradle Plugin gradle813 variant
w: 'kotlin-js' Gradle plugin is deprecated and will be removed in the future. 
Please use 'kotlin("multiplatform")' plugin with a 'js()' target instead. See the migration guide: https://kotl.in/t6m3vu

> Configure project :kotlin-gradle-build-metrics
Using Kotlin Space bootstrap version 2.3.0-dev-10303 from https://redirector.kotlinlang.org/maven/bootstrap
Redirecting Kotlin/Native compiler download url
Evaluating project ':kotlin-gradle-build-metrics' using build file '/Users/aria/zaedalus/kotlin/libraries/tools/kotlin-gradle-build-metrics/build.gradle.kts'.
Resolved plugin [id: 'org.gradle.java-library']
Resolved plugin [id: 'org.jetbrains.kotlin.jvm', version: '2.3.0-dev-10303']
Resolved plugin [id: 'jps-compatible']
Resolved plugin [id: 'org.gradle.maven-publish']
Using Kotlin Gradle Plugin gradle813 variant
kotlin scripting plugin: created the scripting discovery configuration: kotlinScriptDef
kotlin scripting plugin: created the scripting discovery configuration: testKotlinScriptDef
(dependency analysis) :kotlin-gradle-build-metrics was already configured for the java-library plugin

> Configure project :kotlin-gradle-compiler-types
Using Kotlin Space bootstrap version 2.3.0-dev-10303 from https://redirector.kotlinlang.org/maven/bootstrap
Redirecting Kotlin/Native compiler download url
Evaluating project ':kotlin-gradle-compiler-types' using build file '/Users/aria/zaedalus/kotlin/libraries/tools/kotlin-gradle-compiler-types/build.gradle.kts'.
Resolved plugin [id: 'org.jetbrains.kotlin.jvm', version: '2.3.0-dev-10303']
Resolved plugin [id: 'jps-compatible']
Using Kotlin Gradle Plugin gradle813 variant
kotlin scripting plugin: created the scripting discovery configuration: kotlinScriptDef
kotlin scripting plugin: created the scripting discovery configuration: testKotlinScriptDef
Resolve mutations for :gradle-build-conventions:binary-compatibility-extended:checkKotlinGradlePluginConfigurationErrors (Thread[#856,Execution worker Thread 9,5,main]) started.
destroyer locations for task group 0 (Thread[#855,Execution worker Thread 8,5,main]) started.
Resolve mutations for :gradle-build-conventions:asm-deprecating-transformer:checkKotlinGradlePluginConfigurationErrors (Thread[#865,Execution worker Thread 17,5,main]) started.
Resolve mutations for :gradle-build-conventions:android-sdk-provisioner:pluginDescriptors (Thread[#855,Execution worker Thread 8,5,main]) started.
:gradle-build-conventions:binary-compatibility-extended:checkKotlinGradlePluginConfigurationErrors (Thread[#856,Execution worker Thread 9,5,main]) started.
:gradle-build-conventions:android-sdk-provisioner:pluginDescriptors (Thread[#855,Execution worker Thread 8,5,main]) started.
:gradle-build-conventions:asm-deprecating-transformer:checkKotlinGradlePluginConfigurationErrors (Thread[#865,Execution worker Thread 17,5,main]) started.

> Task :gradle-build-conventions:binary-compatibility-extended:checkKotlinGradlePluginConfigurationErrors SKIPPED
Skipping task ':gradle-build-conventions:binary-compatibility-extended:checkKotlinGradlePluginConfigurationErrors' as task onlyIf 'errorDiagnostics are present' is false.
Resolve mutations for :gradle-build-conventions:binary-compatibility-extended:generateBcvProperties (Thread[#856,Execution worker Thread 9,5,main]) started.

> Task :gradle-build-conventions:asm-deprecating-transformer:checkKotlinGradlePluginConfigurationErrors SKIPPED
Skipping task ':gradle-build-conventions:asm-deprecating-transformer:checkKotlinGradlePluginConfigurationErrors' as task onlyIf 'errorDiagnostics are present' is false.
:gradle-build-conventions:binary-compatibility-extended:generateBcvProperties (Thread[#869,Execution worker Thread 21,5,main]) started.
Resolve mutations for :gradle-build-conventions:asm-deprecating-transformer:generateExternalPluginSpecBuilders (Thread[#865,Execution worker Thread 17,5,main]) started.
:gradle-build-conventions:asm-deprecating-transformer:generateExternalPluginSpecBuilders (Thread[#865,Execution worker Thread 17,5,main]) started.

> Task :gradle-build-conventions:android-sdk-provisioner:pluginDescriptors UP-TO-DATE
Caching disabled for task ':gradle-build-conventions:android-sdk-provisioner:pluginDescriptors' because:
  Not worth caching
Skipping task ':gradle-build-conventions:android-sdk-provisioner:pluginDescriptors' as it is up-to-date.
Resolve mutations for :gradle-build-conventions:android-sdk-provisioner:processResources (Thread[#855,Execution worker Thread 8,5,main]) started.

> Task :gradle-build-conventions:binary-compatibility-extended:generateBcvProperties UP-TO-DATE
Custom actions are attached to task ':gradle-build-conventions:binary-compatibility-extended:generateBcvProperties'.
Build cache key for task ':gradle-build-conventions:binary-compatibility-extended:generateBcvProperties' is 7d875d058d06b13478240113880596a5
Skipping task ':gradle-build-conventions:binary-compatibility-extended:generateBcvProperties' as it is up-to-date.
Resolve mutations for :gradle-build-conventions:binary-compatibility-extended:compileKotlin (Thread[#860,Execution worker Thread 12,5,main]) started.
:gradle-build-conventions:android-sdk-provisioner:processResources (Thread[#855,Execution worker Thread 8,5,main]) started.
:gradle-build-conventions:binary-compatibility-extended:compileKotlin (Thread[#860,Execution worker Thread 12,5,main]) started.

> Task :gradle-build-conventions:android-sdk-provisioner:processResources UP-TO-DATE
Caching disabled for task ':gradle-build-conventions:android-sdk-provisioner:processResources' because:
  Not worth caching
Skipping task ':gradle-build-conventions:android-sdk-provisioner:processResources' as it is up-to-date.
Resolve mutations for :gradle-build-conventions:android-sdk-provisioner:classes (Thread[#850,Execution worker Thread 3,5,main]) started.
:gradle-build-conventions:android-sdk-provisioner:classes (Thread[#850,Execution worker Thread 3,5,main]) started.

> Task :gradle-build-conventions:android-sdk-provisioner:classes UP-TO-DATE
Skipping task ':gradle-build-conventions:android-sdk-provisioner:classes' as it has no actions.

> Task :gradle-build-conventions:asm-deprecating-transformer:generateExternalPluginSpecBuilders UP-TO-DATE
Build cache key for task ':gradle-build-conventions:asm-deprecating-transformer:generateExternalPluginSpecBuilders' is d2dca757bac19bb0f8a45af041d71924
Skipping task ':gradle-build-conventions:asm-deprecating-transformer:generateExternalPluginSpecBuilders' as it is up-to-date.
Resolve mutations for :gradle-build-conventions:android-sdk-provisioner:jar (Thread[#850,Execution worker Thread 3,5,main]) started.
Resolve mutations for :gradle-build-conventions:asm-deprecating-transformer:extractPrecompiledScriptPluginPlugins (Thread[#865,Execution worker Thread 17,5,main]) started.
:gradle-build-conventions:android-sdk-provisioner:jar (Thread[#850,Execution worker Thread 3,5,main]) started.
:gradle-build-conventions:asm-deprecating-transformer:extractPrecompiledScriptPluginPlugins (Thread[#865,Execution worker Thread 17,5,main]) started.

> Task :gradle-build-conventions:asm-deprecating-transformer:extractPrecompiledScriptPluginPlugins UP-TO-DATE
Build cache key for task ':gradle-build-conventions:asm-deprecating-transformer:extractPrecompiledScriptPluginPlugins' is c8775731a0c2f9c4b0cfdaa81d2d0a5f
Skipping task ':gradle-build-conventions:asm-deprecating-transformer:extractPrecompiledScriptPluginPlugins' as it is up-to-date.
Resolve mutations for :gradle-build-conventions:asm-deprecating-transformer:compilePluginsBlocks (Thread[#865,Execution worker Thread 17,5,main]) started.
:gradle-build-conventions:asm-deprecating-transformer:compilePluginsBlocks (Thread[#865,Execution worker Thread 17,5,main]) started.

> Task :gradle-build-conventions:android-sdk-provisioner:jar UP-TO-DATE
Caching disabled for task ':gradle-build-conventions:android-sdk-provisioner:jar' because:
  Not worth caching
Skipping task ':gradle-build-conventions:android-sdk-provisioner:jar' as it is up-to-date.

> Task :gradle-build-conventions:binary-compatibility-extended:compileKotlin UP-TO-DATE
Build cache key for task ':gradle-build-conventions:binary-compatibility-extended:compileKotlin' is 5a67aea8ec7a8f915f5db609e68a3af5
Skipping task ':gradle-build-conventions:binary-compatibility-extended:compileKotlin' as it is up-to-date.
Resolve mutations for :gradle-build-conventions:binary-compatibility-extended:compileJava (Thread[#860,Execution worker Thread 12,5,main]) started.
:gradle-build-conventions:binary-compatibility-extended:compileJava (Thread[#860,Execution worker Thread 12,5,main]) started.

> Task :gradle-build-conventions:binary-compatibility-extended:compileJava NO-SOURCE
Skipping task ':gradle-build-conventions:binary-compatibility-extended:compileJava' as it has no source files and no previous output files.
Resolve mutations for :gradle-build-conventions:binary-compatibility-extended:pluginDescriptors (Thread[#860,Execution worker Thread 12,5,main]) started.
:gradle-build-conventions:binary-compatibility-extended:pluginDescriptors (Thread[#860,Execution worker Thread 12,5,main]) started.

> Task :gradle-build-conventions:asm-deprecating-transformer:compilePluginsBlocks UP-TO-DATE
Custom actions are attached to task ':gradle-build-conventions:asm-deprecating-transformer:compilePluginsBlocks'.
Build cache key for task ':gradle-build-conventions:asm-deprecating-transformer:compilePluginsBlocks' is af72bf904b8c8872d06e8e548cdd314c
Skipping task ':gradle-build-conventions:asm-deprecating-transformer:compilePluginsBlocks' as it is up-to-date.
Resolve mutations for :gradle-build-conventions:asm-deprecating-transformer:generatePrecompiledScriptPluginAccessors (Thread[#865,Execution worker Thread 17,5,main]) started.

> Task :gradle-build-conventions:binary-compatibility-extended:pluginDescriptors UP-TO-DATE
Caching disabled for task ':gradle-build-conventions:binary-compatibility-extended:pluginDescriptors' because:
  Not worth caching
Skipping task ':gradle-build-conventions:binary-compatibility-extended:pluginDescriptors' as it is up-to-date.
Resolve mutations for :gradle-build-conventions:binary-compatibility-extended:processResources (Thread[#865,Execution worker Thread 17,5,main]) started.
:gradle-build-conventions:asm-deprecating-transformer:generatePrecompiledScriptPluginAccessors (Thread[#852,Execution worker Thread 5,5,main]) started.
:gradle-build-conventions:binary-compatibility-extended:processResources (Thread[#865,Execution worker Thread 17,5,main]) started.

> Task :gradle-build-conventions:binary-compatibility-extended:processResources UP-TO-DATE
Caching disabled for task ':gradle-build-conventions:binary-compatibility-extended:processResources' because:
  Not worth caching
Skipping task ':gradle-build-conventions:binary-compatibility-extended:processResources' as it is up-to-date.
Resolve mutations for :gradle-build-conventions:binary-compatibility-extended:classes (Thread[#863,Execution worker Thread 15,5,main]) started.
:gradle-build-conventions:binary-compatibility-extended:classes (Thread[#863,Execution worker Thread 15,5,main]) started.

> Task :gradle-build-conventions:binary-compatibility-extended:classes UP-TO-DATE
Skipping task ':gradle-build-conventions:binary-compatibility-extended:classes' as it has no actions.

> Task :gradle-build-conventions:asm-deprecating-transformer:generatePrecompiledScriptPluginAccessors UP-TO-DATE
Build cache key for task ':gradle-build-conventions:asm-deprecating-transformer:generatePrecompiledScriptPluginAccessors' is 01cdac2733626e6963f31532d8aa4a68
Skipping task ':gradle-build-conventions:asm-deprecating-transformer:generatePrecompiledScriptPluginAccessors' as it is up-to-date.
Resolve mutations for :gradle-build-conventions:binary-compatibility-extended:jar (Thread[#863,Execution worker Thread 15,5,main]) started.
Resolve mutations for :gradle-build-conventions:asm-deprecating-transformer:generateScriptPluginAdapters (Thread[#852,Execution worker Thread 5,5,main]) started.
:gradle-build-conventions:binary-compatibility-extended:jar (Thread[#863,Execution worker Thread 15,5,main]) started.
:gradle-build-conventions:asm-deprecating-transformer:generateScriptPluginAdapters (Thread[#852,Execution worker Thread 5,5,main]) started.

> Task :gradle-build-conventions:asm-deprecating-transformer:generateScriptPluginAdapters UP-TO-DATE
Build cache key for task ':gradle-build-conventions:asm-deprecating-transformer:generateScriptPluginAdapters' is c0e6d82f1c764d838f4904e87cb4625f
Skipping task ':gradle-build-conventions:asm-deprecating-transformer:generateScriptPluginAdapters' as it is up-to-date.
Resolve mutations for :gradle-build-conventions:asm-deprecating-transformer:compileKotlin (Thread[#852,Execution worker Thread 5,5,main]) started.
:gradle-build-conventions:asm-deprecating-transformer:compileKotlin (Thread[#852,Execution worker Thread 5,5,main]) started.

> Task :gradle-build-conventions:binary-compatibility-extended:jar UP-TO-DATE
Caching disabled for task ':gradle-build-conventions:binary-compatibility-extended:jar' because:
  Not worth caching
Skipping task ':gradle-build-conventions:binary-compatibility-extended:jar' as it is up-to-date.

> Task :gradle-build-conventions:asm-deprecating-transformer:compileKotlin UP-TO-DATE
Custom actions are attached to task ':gradle-build-conventions:asm-deprecating-transformer:compileKotlin'.
Build cache key for task ':gradle-build-conventions:asm-deprecating-transformer:compileKotlin' is cc977e0cbb78fe30edf7987ff7614168
Skipping task ':gradle-build-conventions:asm-deprecating-transformer:compileKotlin' as it is up-to-date.
Resolve mutations for :gradle-build-conventions:asm-deprecating-transformer:compileJava (Thread[#852,Execution worker Thread 5,5,main]) started.
:gradle-build-conventions:asm-deprecating-transformer:compileJava (Thread[#852,Execution worker Thread 5,5,main]) started.

> Task :gradle-build-conventions:asm-deprecating-transformer:compileJava NO-SOURCE
Skipping task ':gradle-build-conventions:asm-deprecating-transformer:compileJava' as it has no source files and no previous output files.
Resolve mutations for :gradle-build-conventions:asm-deprecating-transformer:pluginDescriptors (Thread[#852,Execution worker Thread 5,5,main]) started.
:gradle-build-conventions:asm-deprecating-transformer:pluginDescriptors (Thread[#852,Execution worker Thread 5,5,main]) started.

> Task :gradle-build-conventions:asm-deprecating-transformer:pluginDescriptors UP-TO-DATE
Caching disabled for task ':gradle-build-conventions:asm-deprecating-transformer:pluginDescriptors' because:
  Not worth caching
Skipping task ':gradle-build-conventions:asm-deprecating-transformer:pluginDescriptors' as it is up-to-date.
Resolve mutations for :gradle-build-conventions:asm-deprecating-transformer:processResources (Thread[#852,Execution worker Thread 5,5,main]) started.
:gradle-build-conventions:asm-deprecating-transformer:processResources (Thread[#852,Execution worker Thread 5,5,main]) started.

> Task :gradle-build-conventions:asm-deprecating-transformer:processResources UP-TO-DATE
Caching disabled for task ':gradle-build-conventions:asm-deprecating-transformer:processResources' because:
  Not worth caching
Skipping task ':gradle-build-conventions:asm-deprecating-transformer:processResources' as it is up-to-date.
Resolve mutations for :gradle-build-conventions:asm-deprecating-transformer:classes (Thread[#854,Execution worker Thread 7,5,main]) started.
:gradle-build-conventions:asm-deprecating-transformer:classes (Thread[#854,Execution worker Thread 7,5,main]) started.

> Task :gradle-build-conventions:asm-deprecating-transformer:classes UP-TO-DATE
Skipping task ':gradle-build-conventions:asm-deprecating-transformer:classes' as it has no actions.
Resolve mutations for :gradle-build-conventions:asm-deprecating-transformer:jar (Thread[#854,Execution worker Thread 7,5,main]) started.
:gradle-build-conventions:asm-deprecating-transformer:jar (Thread[#854,Execution worker Thread 7,5,main]) started.

> Task :gradle-build-conventions:asm-deprecating-transformer:jar UP-TO-DATE
Caching disabled for task ':gradle-build-conventions:asm-deprecating-transformer:jar' because:
  Not worth caching
Skipping task ':gradle-build-conventions:asm-deprecating-transformer:jar' as it is up-to-date.

> Configure project :kotlin-gradle-plugin
Using Kotlin Space bootstrap version 2.3.0-dev-10303 from https://redirector.kotlinlang.org/maven/bootstrap
Redirecting Kotlin/Native compiler download url
Evaluating project ':kotlin-gradle-plugin' using build file '/Users/aria/zaedalus/kotlin/libraries/tools/kotlin-gradle-plugin/build.gradle.kts'.
Resolved plugin [id: 'gradle-plugin-common-configuration']
Resolved plugin [id: 'kotlin-git.gradle-build-conventions.binary-compatibility-extended']
Resolved plugin [id: 'android-sdk-provisioner']
Resolved plugin [id: 'asm-deprecating-transformer']
Resolved plugin [id: 'project-tests-convention']
Resolved plugin [id: 'org.gradle.java-test-fixtures']
Ignoring listeners of task graph ready event, as this build (:gradle-build-conventions) has already executed work.
destroyer locations for task group 1 (Thread[#847,included builds,5,main]) started.
Using Kotlin Gradle Plugin gradle813 variant
kotlin scripting plugin: created the scripting discovery configuration: kotlinScriptDef
kotlin scripting plugin: created the scripting discovery configuration: testKotlinScriptDef
kotlin scripting plugin: created the scripting discovery configuration: commonKotlinScriptDef
kotlin scripting plugin: created the scripting discovery configuration: gradle80KotlinScriptDef
kotlin scripting plugin: created the scripting discovery configuration: gradle81KotlinScriptDef
kotlin scripting plugin: created the scripting discovery configuration: gradle82KotlinScriptDef
kotlin scripting plugin: created the scripting discovery configuration: gradle85KotlinScriptDef
kotlin scripting plugin: created the scripting discovery configuration: gradle86KotlinScriptDef
kotlin scripting plugin: created the scripting discovery configuration: gradle88KotlinScriptDef
kotlin scripting plugin: created the scripting discovery configuration: gradle811KotlinScriptDef
kotlin scripting plugin: created the scripting discovery configuration: gradle813KotlinScriptDef
kotlin scripting plugin: created the scripting discovery configuration: testFixturesKotlinScriptDef
kotlin scripting plugin: created the scripting discovery configuration: functionalTestKotlinScriptDef
(dependency analysis) :kotlin-gradle-plugin was already configured for the java-library plugin

> Configure project :kotlin-gradle-plugin-annotations
Using Kotlin Space bootstrap version 2.3.0-dev-10303 from https://redirector.kotlinlang.org/maven/bootstrap
Redirecting Kotlin/Native compiler download url
Evaluating project ':kotlin-gradle-plugin-annotations' using build file '/Users/aria/zaedalus/kotlin/libraries/tools/kotlin-gradle-plugin-annotations/build.gradle.kts'.
Resolved plugin [id: 'org.jetbrains.kotlin.jvm', version: '2.3.0-dev-10303']
Resolved plugin [id: 'jps-compatible']
Resolved plugin [id: 'org.jetbrains.kotlinx.binary-compatibility-validator']
Using Kotlin Gradle Plugin gradle813 variant
kotlin scripting plugin: created the scripting discovery configuration: kotlinScriptDef
kotlin scripting plugin: created the scripting discovery configuration: testKotlinScriptDef

> Configure project :kotlin-gradle-plugin-api
Using Kotlin Space bootstrap version 2.3.0-dev-10303 from https://redirector.kotlinlang.org/maven/bootstrap
Redirecting Kotlin/Native compiler download url
Evaluating project ':kotlin-gradle-plugin-api' using build file '/Users/aria/zaedalus/kotlin/libraries/tools/kotlin-gradle-plugin-api/build.gradle.kts'.
Resolved plugin [id: 'gradle-plugin-dependency-configuration']
Resolved plugin [id: 'jps-compatible']
Resolved plugin [id: 'org.jetbrains.kotlinx.binary-compatibility-validator']
Resolved plugin [id: 'gradle-plugin-api-reference']
Using Kotlin Gradle Plugin gradle813 variant
kotlin scripting plugin: created the scripting discovery configuration: kotlinScriptDef
kotlin scripting plugin: created the scripting discovery configuration: testKotlinScriptDef
kotlin scripting plugin: created the scripting discovery configuration: commonKotlinScriptDef
kotlin scripting plugin: created the scripting discovery configuration: gradle80KotlinScriptDef
kotlin scripting plugin: created the scripting discovery configuration: gradle81KotlinScriptDef
kotlin scripting plugin: created the scripting discovery configuration: gradle82KotlinScriptDef
kotlin scripting plugin: created the scripting discovery configuration: gradle85KotlinScriptDef
kotlin scripting plugin: created the scripting discovery configuration: gradle86KotlinScriptDef
kotlin scripting plugin: created the scripting discovery configuration: gradle88KotlinScriptDef
kotlin scripting plugin: created the scripting discovery configuration: gradle811KotlinScriptDef
kotlin scripting plugin: created the scripting discovery configuration: gradle813KotlinScriptDef
(dependency analysis) :kotlin-gradle-plugin-api was already configured for the java-library plugin

> Configure project :kotlin-gradle-plugin-dsl-codegen
Using Kotlin Space bootstrap version 2.3.0-dev-10303 from https://redirector.kotlinlang.org/maven/bootstrap
Redirecting Kotlin/Native compiler download url
Evaluating project ':kotlin-gradle-plugin-dsl-codegen' using build file '/Users/aria/zaedalus/kotlin/libraries/tools/kotlin-gradle-plugin-dsl-codegen/build.gradle.kts'.
Resolved plugin [id: 'org.jetbrains.kotlin.jvm', version: '2.3.0-dev-10303']
Resolved plugin [id: 'project-tests-convention']
Using Kotlin Gradle Plugin gradle813 variant
kotlin scripting plugin: created the scripting discovery configuration: kotlinScriptDef
kotlin scripting plugin: created the scripting discovery configuration: testKotlinScriptDef

> Configure project :kotlin-gradle-plugin-idea
Using Kotlin Space bootstrap version 2.3.0-dev-10303 from https://redirector.kotlinlang.org/maven/bootstrap
Redirecting Kotlin/Native compiler download url
Evaluating project ':kotlin-gradle-plugin-idea' using build file '/Users/aria/zaedalus/kotlin/libraries/tools/kotlin-gradle-plugin-idea/build.gradle.kts'.
Resolved plugin [id: 'org.jetbrains.kotlin.jvm', version: '2.3.0-dev-10303']
Resolved plugin [id: 'org.gradle.java-test-fixtures']
Resolved plugin [id: 'org.gradle.maven-publish']
Resolved plugin [id: 'org.jetbrains.kotlinx.binary-compatibility-validator']
Using Kotlin Gradle Plugin gradle813 variant
kotlin scripting plugin: created the scripting discovery configuration: kotlinScriptDef
kotlin scripting plugin: created the scripting discovery configuration: testKotlinScriptDef
kotlin scripting plugin: created the scripting discovery configuration: testFixturesKotlinScriptDef

> Configure project :kotlin-gradle-plugin-idea-for-compatibility-tests
Using Kotlin Space bootstrap version 2.3.0-dev-10303 from https://redirector.kotlinlang.org/maven/bootstrap
Redirecting Kotlin/Native compiler download url
Evaluating project ':kotlin-gradle-plugin-idea-for-compatibility-tests' using build file '/Users/aria/zaedalus/kotlin/libraries/tools/kotlin-gradle-plugin-idea-for-compatibility-tests/build.gradle.kts'.

> Configure project :kotlin-gradle-plugin-idea-proto
Using Kotlin Space bootstrap version 2.3.0-dev-10303 from https://redirector.kotlinlang.org/maven/bootstrap
Redirecting Kotlin/Native compiler download url
Evaluating project ':kotlin-gradle-plugin-idea-proto' using build file '/Users/aria/zaedalus/kotlin/libraries/tools/kotlin-gradle-plugin-idea-proto/build.gradle.kts'.
Resolved plugin [id: 'org.jetbrains.kotlin.jvm', version: '2.3.0-dev-10303']
Resolved plugin [id: 'org.jetbrains.kotlinx.binary-compatibility-validator']
Using Kotlin Gradle Plugin gradle813 variant
kotlin scripting plugin: created the scripting discovery configuration: kotlinScriptDef
kotlin scripting plugin: created the scripting discovery configuration: testKotlinScriptDef

> Configure project :kotlin-gradle-plugin-integration-tests
Using Kotlin Space bootstrap version 2.3.0-dev-10303 from https://redirector.kotlinlang.org/maven/bootstrap
Redirecting Kotlin/Native compiler download url
Evaluating project ':kotlin-gradle-plugin-integration-tests' using build file '/Users/aria/zaedalus/kotlin/libraries/tools/kotlin-gradle-plugin-integration-tests/build.gradle.kts'.
Resolved plugin [id: 'org.jetbrains.kotlin.jvm', version: '2.3.0-dev-10303']
Resolved plugin [id: 'org.jetbrains.kotlin.plugin.serialization', version: '2.3.0-dev-10303']
Resolved plugin [id: 'android-sdk-provisioner']
Resolved plugin [id: 'gradle-plugin-published-compiler-dependency-configuration']
Using Kotlin Gradle Plugin gradle813 variant
kotlin scripting plugin: created the scripting discovery configuration: kotlinScriptDef
kotlin scripting plugin: created the scripting discovery configuration: testKotlinScriptDef
w: [33m[1m⚠️ Unsupported API dependency types in test source sets[0m[0m
API dependency types are used in test source sets
Dependencies:
    - org.jetbrains.kotlin:mutes-junit5:2.3.0-wit.1 (source sets: test)

Adding API dependency types to test source sets is not supported and will removed in a future version of Kotlin.

API dependencies are transitively exposed to consumers, but test source sets should not be consumable.
[32m[1mSolutions:[0m[0m
[32m • [3mReplace API dependency types in test source sets with implementation dependencies.[0m[0m
[32m • [3mFor Kotlin/JVM projects, consider using Test Fixtures https://docs.gradle.org/current/userguide/java_testing.html#sec:java_test_fixtures[0m[0m
[32m • [3mFor Test Fixtures support in non-Kotlin/JVM projects, please add your use-case to https://youtrack.jetbrains.com/issue/KT-63142[0m[0m


> Configure project :kotlin-gradle-plugin-npm-versions-codegen
Using Kotlin Space bootstrap version 2.3.0-dev-10303 from https://redirector.kotlinlang.org/maven/bootstrap
Redirecting Kotlin/Native compiler download url
Evaluating project ':kotlin-gradle-plugin-npm-versions-codegen' using build file '/Users/aria/zaedalus/kotlin/libraries/tools/kotlin-gradle-plugin-npm-versions-codegen/build.gradle.kts'.
Resolved plugin [id: 'org.jetbrains.kotlin.jvm', version: '2.3.0-dev-10303']
Resolved plugin [id: 'com.github.node-gradle.node', version: '7.0.2']
Using Kotlin Gradle Plugin gradle813 variant
kotlin scripting plugin: created the scripting discovery configuration: kotlinScriptDef
kotlin scripting plugin: created the scripting discovery configuration: testKotlinScriptDef
Starting process 'command 'uname''. Working directory: /Users/aria/zaedalus/kotlin Command: uname -m
Successfully started process 'command 'uname''

> Configure project :kotlin-gradle-plugin-tcs-android
Using Kotlin Space bootstrap version 2.3.0-dev-10303 from https://redirector.kotlinlang.org/maven/bootstrap
Redirecting Kotlin/Native compiler download url
Evaluating project ':kotlin-gradle-plugin-tcs-android' using build file '/Users/aria/zaedalus/kotlin/libraries/tools/kotlin-gradle-plugin-tcs-android/build.gradle.kts'.
Resolved plugin [id: 'org.jetbrains.kotlin.jvm', version: '2.3.0-dev-10303']
Resolved plugin [id: 'org.gradle.maven-publish']
Using Kotlin Gradle Plugin gradle813 variant
kotlin scripting plugin: created the scripting discovery configuration: kotlinScriptDef
kotlin scripting plugin: created the scripting discovery configuration: testKotlinScriptDef

> Configure project :kotlin-gradle-plugin-test-utils-embeddable
Using Kotlin Space bootstrap version 2.3.0-dev-10303 from https://redirector.kotlinlang.org/maven/bootstrap
Redirecting Kotlin/Native compiler download url
Evaluating project ':kotlin-gradle-plugin-test-utils-embeddable' using build file '/Users/aria/zaedalus/kotlin/libraries/tools/kotlin-gradle-plugin-test-utils-embeddable/build.gradle.kts'.
Resolved plugin [id: 'org.gradle.java-library']

> Configure project :kotlin-gradle-plugins-bom
Using Kotlin Space bootstrap version 2.3.0-dev-10303 from https://redirector.kotlinlang.org/maven/bootstrap
Redirecting Kotlin/Native compiler download url
Evaluating project ':kotlin-gradle-plugins-bom' using build file '/Users/aria/zaedalus/kotlin/libraries/tools/kotlin-gradle-plugins-bom/build.gradle.kts'.
Resolved plugin [id: 'java-platform']
Resolved plugin [id: 'maven-publish']

> Configure project :kotlin-gradle-statistics
Using Kotlin Space bootstrap version 2.3.0-dev-10303 from https://redirector.kotlinlang.org/maven/bootstrap
Redirecting Kotlin/Native compiler download url
Evaluating project ':kotlin-gradle-statistics' using build file '/Users/aria/zaedalus/kotlin/libraries/tools/kotlin-gradle-statistics/build.gradle.kts'.
Resolved plugin [id: 'org.gradle.java-library']
Resolved plugin [id: 'org.jetbrains.kotlin.jvm', version: '2.3.0-dev-10303']
Resolved plugin [id: 'jps-compatible']
Resolved plugin [id: 'project-tests-convention']
Resolved plugin [id: 'org.gradle.maven-publish']
Using Kotlin Gradle Plugin gradle813 variant
kotlin scripting plugin: created the scripting discovery configuration: kotlinScriptDef
kotlin scripting plugin: created the scripting discovery configuration: testKotlinScriptDef
(dependency analysis) :kotlin-gradle-statistics was already configured for the java-library plugin

> Configure project :kotlin-gradle-subplugin-example
Using Kotlin Space bootstrap version 2.3.0-dev-10303 from https://redirector.kotlinlang.org/maven/bootstrap
Redirecting Kotlin/Native compiler download url
Evaluating project ':kotlin-gradle-subplugin-example' using build file '/Users/aria/zaedalus/kotlin/libraries/examples/kotlin-gradle-subplugin-example/build.gradle'.
Resolved plugin [id: 'java-gradle-plugin']
Resolved plugin [id: 'org.jetbrains.kotlin.jvm', version: '2.3.0-dev-10303']
Resolved plugin [id: 'com.gradle.plugin-publish']
Resolved plugin [id: 'maven-publish']
Using Kotlin Gradle Plugin gradle813 variant
kotlin scripting plugin: created the scripting discovery configuration: kotlinScriptDef
kotlin scripting plugin: created the scripting discovery configuration: testKotlinScriptDef
(dependency analysis) :kotlin-gradle-subplugin-example was already configured for the java-library plugin

> Configure project :kotlin-klib-abi-reader
Using Kotlin Space bootstrap version 2.3.0-dev-10303 from https://redirector.kotlinlang.org/maven/bootstrap
Redirecting Kotlin/Native compiler download url
Evaluating project ':kotlin-klib-abi-reader' using build file '/Users/aria/zaedalus/kotlin/libraries/tools/klib-abi-reader/build.gradle.kts'.
Resolved plugin [id: 'org.jetbrains.kotlin.jvm', version: '2.3.0-dev-10303']
Resolved plugin [id: 'jps-compatible']
Using Kotlin Gradle Plugin gradle813 variant
kotlin scripting plugin: created the scripting discovery configuration: kotlinScriptDef
kotlin scripting plugin: created the scripting discovery configuration: testKotlinScriptDef

> Configure project :kotlin-lombok
Using Kotlin Space bootstrap version 2.3.0-dev-10303 from https://redirector.kotlinlang.org/maven/bootstrap
Redirecting Kotlin/Native compiler download url
Evaluating project ':kotlin-lombok' using build file '/Users/aria/zaedalus/kotlin/libraries/tools/kotlin-lombok/build.gradle.kts'.
Resolved plugin [id: 'gradle-plugin-common-configuration']
Resolved plugin [id: 'jps-compatible']
Using Kotlin Gradle Plugin gradle813 variant
kotlin scripting plugin: created the scripting discovery configuration: kotlinScriptDef
kotlin scripting plugin: created the scripting discovery configuration: testKotlinScriptDef
kotlin scripting plugin: created the scripting discovery configuration: commonKotlinScriptDef
kotlin scripting plugin: created the scripting discovery configuration: gradle80KotlinScriptDef
kotlin scripting plugin: created the scripting discovery configuration: gradle81KotlinScriptDef
kotlin scripting plugin: created the scripting discovery configuration: gradle82KotlinScriptDef
kotlin scripting plugin: created the scripting discovery configuration: gradle85KotlinScriptDef
kotlin scripting plugin: created the scripting discovery configuration: gradle86KotlinScriptDef
kotlin scripting plugin: created the scripting discovery configuration: gradle88KotlinScriptDef
kotlin scripting plugin: created the scripting discovery configuration: gradle811KotlinScriptDef
kotlin scripting plugin: created the scripting discovery configuration: gradle813KotlinScriptDef
(dependency analysis) :kotlin-lombok was already configured for the java-library plugin

> Configure project :kotlin-lombok-compiler-plugin
Using Kotlin Space bootstrap version 2.3.0-dev-10303 from https://redirector.kotlinlang.org/maven/bootstrap
Redirecting Kotlin/Native compiler download url
Evaluating project ':kotlin-lombok-compiler-plugin' using build file '/Users/aria/zaedalus/kotlin/plugins/lombok/build.gradle.kts'.
Resolved plugin [id: 'org.jetbrains.kotlin.jvm', version: '2.3.0-dev-10303']
Resolved plugin [id: 'jps-compatible']
Resolved plugin [id: 'java-test-fixtures']
Resolved plugin [id: 'project-tests-convention']
Using Kotlin Gradle Plugin gradle813 variant
kotlin scripting plugin: created the scripting discovery configuration: kotlinScriptDef
kotlin scripting plugin: created the scripting discovery configuration: testKotlinScriptDef
kotlin scripting plugin: created the scripting discovery configuration: testFixturesKotlinScriptDef

> Configure project :kotlin-lombok-compiler-plugin.cli
Using Kotlin Space bootstrap version 2.3.0-dev-10303 from https://redirector.kotlinlang.org/maven/bootstrap
Redirecting Kotlin/Native compiler download url
Evaluating project ':kotlin-lombok-compiler-plugin.cli' using build file '/Users/aria/zaedalus/kotlin/plugins/lombok/lombok.cli/build.gradle.kts'.
Resolved plugin [id: 'org.jetbrains.kotlin.jvm', version: '2.3.0-dev-10303']
Resolved plugin [id: 'jps-compatible']
Using Kotlin Gradle Plugin gradle813 variant
kotlin scripting plugin: created the scripting discovery configuration: kotlinScriptDef
kotlin scripting plugin: created the scripting discovery configuration: testKotlinScriptDef

> Configure project :kotlin-lombok-compiler-plugin.common
Using Kotlin Space bootstrap version 2.3.0-dev-10303 from https://redirector.kotlinlang.org/maven/bootstrap
Redirecting Kotlin/Native compiler download url
Evaluating project ':kotlin-lombok-compiler-plugin.common' using build file '/Users/aria/zaedalus/kotlin/plugins/lombok/lombok.common/build.gradle.kts'.
Resolved plugin [id: 'org.jetbrains.kotlin.jvm', version: '2.3.0-dev-10303']
Resolved plugin [id: 'jps-compatible']
Using Kotlin Gradle Plugin gradle813 variant
kotlin scripting plugin: created the scripting discovery configuration: kotlinScriptDef
kotlin scripting plugin: created the scripting discovery configuration: testKotlinScriptDef

> Configure project :kotlin-lombok-compiler-plugin.embeddable
Using Kotlin Space bootstrap version 2.3.0-dev-10303 from https://redirector.kotlinlang.org/maven/bootstrap
Redirecting Kotlin/Native compiler download url
Evaluating project ':kotlin-lombok-compiler-plugin.embeddable' using build file '/Users/aria/zaedalus/kotlin/plugins/lombok/lombok.embeddable/build.gradle.kts'.
Resolved plugin [id: 'org.jetbrains.kotlin.jvm', version: '2.3.0-dev-10303']
Using Kotlin Gradle Plugin gradle813 variant
kotlin scripting plugin: created the scripting discovery configuration: kotlinScriptDef
kotlin scripting plugin: created the scripting discovery configuration: testKotlinScriptDef

> Configure project :kotlin-lombok-compiler-plugin.k1
Using Kotlin Space bootstrap version 2.3.0-dev-10303 from https://redirector.kotlinlang.org/maven/bootstrap
Redirecting Kotlin/Native compiler download url
Evaluating project ':kotlin-lombok-compiler-plugin.k1' using build file '/Users/aria/zaedalus/kotlin/plugins/lombok/lombok.k1/build.gradle.kts'.
Resolved plugin [id: 'org.jetbrains.kotlin.jvm', version: '2.3.0-dev-10303']
Resolved plugin [id: 'jps-compatible']
Using Kotlin Gradle Plugin gradle813 variant
kotlin scripting plugin: created the scripting discovery configuration: kotlinScriptDef
kotlin scripting plugin: created the scripting discovery configuration: testKotlinScriptDef

> Configure project :kotlin-lombok-compiler-plugin.k2
Using Kotlin Space bootstrap version 2.3.0-dev-10303 from https://redirector.kotlinlang.org/maven/bootstrap
Redirecting Kotlin/Native compiler download url
Evaluating project ':kotlin-lombok-compiler-plugin.k2' using build file '/Users/aria/zaedalus/kotlin/plugins/lombok/lombok.k2/build.gradle.kts'.
Resolved plugin [id: 'org.jetbrains.kotlin.jvm', version: '2.3.0-dev-10303']
Resolved plugin [id: 'jps-compatible']
Using Kotlin Gradle Plugin gradle813 variant
kotlin scripting plugin: created the scripting discovery configuration: kotlinScriptDef
kotlin scripting plugin: created the scripting discovery configuration: testKotlinScriptDef

> Configure project :kotlin-main-kts
Using Kotlin Space bootstrap version 2.3.0-dev-10303 from https://redirector.kotlinlang.org/maven/bootstrap
Redirecting Kotlin/Native compiler download url
Evaluating project ':kotlin-main-kts' using build file '/Users/aria/zaedalus/kotlin/libraries/tools/kotlin-main-kts/build.gradle.kts'.
Resolved plugin [id: 'org.jetbrains.kotlin.jvm', version: '2.3.0-dev-10303']
Resolved plugin [id: 'jps-compatible']
Using Kotlin Gradle Plugin gradle813 variant
kotlin scripting plugin: created the scripting discovery configuration: kotlinScriptDef
kotlin scripting plugin: created the scripting discovery configuration: testKotlinScriptDef

> Configure project :kotlin-main-kts-test
Using Kotlin Space bootstrap version 2.3.0-dev-10303 from https://redirector.kotlinlang.org/maven/bootstrap
Redirecting Kotlin/Native compiler download url
Evaluating project ':kotlin-main-kts-test' using build file '/Users/aria/zaedalus/kotlin/libraries/tools/kotlin-main-kts-test/build.gradle.kts'.
Resolved plugin [id: 'org.jetbrains.kotlin.jvm', version: '2.3.0-dev-10303']
Resolved plugin [id: 'project-tests-convention']
Using Kotlin Gradle Plugin gradle813 variant
kotlin scripting plugin: created the scripting discovery configuration: kotlinScriptDef
kotlin scripting plugin: created the scripting discovery configuration: testKotlinScriptDef

> Configure project :kotlin-metadata
Using Kotlin Space bootstrap version 2.3.0-dev-10303 from https://redirector.kotlinlang.org/maven/bootstrap
Redirecting Kotlin/Native compiler download url
Evaluating project ':kotlin-metadata' using build file '/Users/aria/zaedalus/kotlin/libraries/kotlinx-metadata/build.gradle.kts'.
Resolved plugin [id: 'org.jetbrains.kotlin.jvm', version: '2.3.0-dev-10303']
Resolved plugin [id: 'jps-compatible']
Using Kotlin Gradle Plugin gradle813 variant
kotlin scripting plugin: created the scripting discovery configuration: kotlinScriptDef
kotlin scripting plugin: created the scripting discovery configuration: testKotlinScriptDef

> Configure project :kotlin-metadata-jvm
Using Kotlin Space bootstrap version 2.3.0-dev-10303 from https://redirector.kotlinlang.org/maven/bootstrap
Redirecting Kotlin/Native compiler download url
Evaluating project ':kotlin-metadata-jvm' using build file '/Users/aria/zaedalus/kotlin/libraries/kotlinx-metadata/jvm/build.gradle.kts'.
Resolved plugin [id: 'org.jetbrains.kotlin.jvm', version: '2.3.0-dev-10303']
Resolved plugin [id: 'jps-compatible']
Resolved plugin [id: 'org.jetbrains.kotlinx.binary-compatibility-validator']
Resolved plugin [id: 'org.jetbrains.dokka']
Resolved plugin [id: 'project-tests-convention']
Using Kotlin Gradle Plugin gradle813 variant
kotlin scripting plugin: created the scripting discovery configuration: kotlinScriptDef
kotlin scripting plugin: created the scripting discovery configuration: testKotlinScriptDef
Dokka Gradle Plugin detected PluginMode:V1Enabled (from:V1Enabled) in project ':kotlin-metadata-jvm' /Users/aria/zaedalus/kotlin/libraries/kotlinx-metadata/jvm

> Configure project :kotlin-noarg
Using Kotlin Space bootstrap version 2.3.0-dev-10303 from https://redirector.kotlinlang.org/maven/bootstrap
Redirecting Kotlin/Native compiler download url
Evaluating project ':kotlin-noarg' using build file '/Users/aria/zaedalus/kotlin/libraries/tools/kotlin-noarg/build.gradle.kts'.
Resolved plugin [id: 'gradle-plugin-common-configuration']
Using Kotlin Gradle Plugin gradle813 variant
kotlin scripting plugin: created the scripting discovery configuration: kotlinScriptDef
kotlin scripting plugin: created the scripting discovery configuration: testKotlinScriptDef
kotlin scripting plugin: created the scripting discovery configuration: commonKotlinScriptDef
kotlin scripting plugin: created the scripting discovery configuration: gradle80KotlinScriptDef
kotlin scripting plugin: created the scripting discovery configuration: gradle81KotlinScriptDef
kotlin scripting plugin: created the scripting discovery configuration: gradle82KotlinScriptDef
kotlin scripting plugin: created the scripting discovery configuration: gradle85KotlinScriptDef
kotlin scripting plugin: created the scripting discovery configuration: gradle86KotlinScriptDef
kotlin scripting plugin: created the scripting discovery configuration: gradle88KotlinScriptDef
kotlin scripting plugin: created the scripting discovery configuration: gradle811KotlinScriptDef
kotlin scripting plugin: created the scripting discovery configuration: gradle813KotlinScriptDef
(dependency analysis) :kotlin-noarg was already configured for the java-library plugin

> Configure project :kotlin-noarg-compiler-plugin
Using Kotlin Space bootstrap version 2.3.0-dev-10303 from https://redirector.kotlinlang.org/maven/bootstrap
Redirecting Kotlin/Native compiler download url
Evaluating project ':kotlin-noarg-compiler-plugin' using build file '/Users/aria/zaedalus/kotlin/plugins/noarg/build.gradle.kts'.
Resolved plugin [id: 'org.jetbrains.kotlin.jvm', version: '2.3.0-dev-10303']
Resolved plugin [id: 'jps-compatible']
Resolved plugin [id: 'java-test-fixtures']
Resolved plugin [id: 'project-tests-convention']
Resolved plugin [id: 'test-inputs-check']
Using Kotlin Gradle Plugin gradle813 variant
kotlin scripting plugin: created the scripting discovery configuration: kotlinScriptDef
kotlin scripting plugin: created the scripting discovery configuration: testKotlinScriptDef
kotlin scripting plugin: created the scripting discovery configuration: testFixturesKotlinScriptDef

> Configure project :kotlin-noarg-compiler-plugin.backend
Using Kotlin Space bootstrap version 2.3.0-dev-10303 from https://redirector.kotlinlang.org/maven/bootstrap
Redirecting Kotlin/Native compiler download url
Evaluating project ':kotlin-noarg-compiler-plugin.backend' using build file '/Users/aria/zaedalus/kotlin/plugins/noarg/noarg.backend/build.gradle.kts'.
Resolved plugin [id: 'org.jetbrains.kotlin.jvm', version: '2.3.0-dev-10303']
Resolved plugin [id: 'jps-compatible']
Using Kotlin Gradle Plugin gradle813 variant
kotlin scripting plugin: created the scripting discovery configuration: kotlinScriptDef
kotlin scripting plugin: created the scripting discovery configuration: testKotlinScriptDef

> Configure project :kotlin-noarg-compiler-plugin.cli
Using Kotlin Space bootstrap version 2.3.0-dev-10303 from https://redirector.kotlinlang.org/maven/bootstrap
Redirecting Kotlin/Native compiler download url
Evaluating project ':kotlin-noarg-compiler-plugin.cli' using build file '/Users/aria/zaedalus/kotlin/plugins/noarg/noarg.cli/build.gradle.kts'.
Resolved plugin [id: 'org.jetbrains.kotlin.jvm', version: '2.3.0-dev-10303']
Resolved plugin [id: 'jps-compatible']
Using Kotlin Gradle Plugin gradle813 variant
kotlin scripting plugin: created the scripting discovery configuration: kotlinScriptDef
kotlin scripting plugin: created the scripting discovery configuration: testKotlinScriptDef

> Configure project :kotlin-noarg-compiler-plugin.common
Using Kotlin Space bootstrap version 2.3.0-dev-10303 from https://redirector.kotlinlang.org/maven/bootstrap
Redirecting Kotlin/Native compiler download url
Evaluating project ':kotlin-noarg-compiler-plugin.common' using build file '/Users/aria/zaedalus/kotlin/plugins/noarg/noarg.common/build.gradle.kts'.
Resolved plugin [id: 'org.jetbrains.kotlin.jvm', version: '2.3.0-dev-10303']
Resolved plugin [id: 'jps-compatible']
Using Kotlin Gradle Plugin gradle813 variant
kotlin scripting plugin: created the scripting discovery configuration: kotlinScriptDef
kotlin scripting plugin: created the scripting discovery configuration: testKotlinScriptDef

> Configure project :kotlin-noarg-compiler-plugin.embeddable
Using Kotlin Space bootstrap version 2.3.0-dev-10303 from https://redirector.kotlinlang.org/maven/bootstrap
Redirecting Kotlin/Native compiler download url
Evaluating project ':kotlin-noarg-compiler-plugin.embeddable' using build file '/Users/aria/zaedalus/kotlin/plugins/noarg/noarg.embeddable/build.gradle.kts'.
Resolved plugin [id: 'org.jetbrains.kotlin.jvm', version: '2.3.0-dev-10303']
Using Kotlin Gradle Plugin gradle813 variant
kotlin scripting plugin: created the scripting discovery configuration: kotlinScriptDef
kotlin scripting plugin: created the scripting discovery configuration: testKotlinScriptDef

> Configure project :kotlin-noarg-compiler-plugin.k1
Using Kotlin Space bootstrap version 2.3.0-dev-10303 from https://redirector.kotlinlang.org/maven/bootstrap
Redirecting Kotlin/Native compiler download url
Evaluating project ':kotlin-noarg-compiler-plugin.k1' using build file '/Users/aria/zaedalus/kotlin/plugins/noarg/noarg.k1/build.gradle.kts'.
Resolved plugin [id: 'org.jetbrains.kotlin.jvm', version: '2.3.0-dev-10303']
Resolved plugin [id: 'jps-compatible']
Using Kotlin Gradle Plugin gradle813 variant
kotlin scripting plugin: created the scripting discovery configuration: kotlinScriptDef
kotlin scripting plugin: created the scripting discovery configuration: testKotlinScriptDef

> Configure project :kotlin-noarg-compiler-plugin.k2
Using Kotlin Space bootstrap version 2.3.0-dev-10303 from https://redirector.kotlinlang.org/maven/bootstrap
Redirecting Kotlin/Native compiler download url
Evaluating project ':kotlin-noarg-compiler-plugin.k2' using build file '/Users/aria/zaedalus/kotlin/plugins/noarg/noarg.k2/build.gradle.kts'.
Resolved plugin [id: 'org.jetbrains.kotlin.jvm', version: '2.3.0-dev-10303']
Resolved plugin [id: 'jps-compatible']
Using Kotlin Gradle Plugin gradle813 variant
kotlin scripting plugin: created the scripting discovery configuration: kotlinScriptDef
kotlin scripting plugin: created the scripting discovery configuration: testKotlinScriptDef

> Configure project :kotlin-parcelize-compiler
Using Kotlin Space bootstrap version 2.3.0-dev-10303 from https://redirector.kotlinlang.org/maven/bootstrap
Redirecting Kotlin/Native compiler download url
Evaluating project ':kotlin-parcelize-compiler' using build file '/Users/aria/zaedalus/kotlin/prepare/parcelize-compiler-gradle/build.gradle.kts'.
Resolved plugin [id: 'org.jetbrains.kotlin.jvm', version: '2.3.0-dev-10303']
Using Kotlin Gradle Plugin gradle813 variant
kotlin scripting plugin: created the scripting discovery configuration: kotlinScriptDef
kotlin scripting plugin: created the scripting discovery configuration: testKotlinScriptDef

> Configure project :kotlin-power-assert
Using Kotlin Space bootstrap version 2.3.0-dev-10303 from https://redirector.kotlinlang.org/maven/bootstrap
Redirecting Kotlin/Native compiler download url
Evaluating project ':kotlin-power-assert' using build file '/Users/aria/zaedalus/kotlin/libraries/tools/kotlin-power-assert/build.gradle.kts'.
Resolved plugin [id: 'gradle-plugin-common-configuration']
Using Kotlin Gradle Plugin gradle813 variant
kotlin scripting plugin: created the scripting discovery configuration: kotlinScriptDef
kotlin scripting plugin: created the scripting discovery configuration: testKotlinScriptDef
kotlin scripting plugin: created the scripting discovery configuration: commonKotlinScriptDef
kotlin scripting plugin: created the scripting discovery configuration: gradle80KotlinScriptDef
kotlin scripting plugin: created the scripting discovery configuration: gradle81KotlinScriptDef
kotlin scripting plugin: created the scripting discovery configuration: gradle82KotlinScriptDef
kotlin scripting plugin: created the scripting discovery configuration: gradle85KotlinScriptDef
kotlin scripting plugin: created the scripting discovery configuration: gradle86KotlinScriptDef
kotlin scripting plugin: created the scripting discovery configuration: gradle88KotlinScriptDef
kotlin scripting plugin: created the scripting discovery configuration: gradle811KotlinScriptDef
kotlin scripting plugin: created the scripting discovery configuration: gradle813KotlinScriptDef
(dependency analysis) :kotlin-power-assert was already configured for the java-library plugin

> Configure project :kotlin-power-assert-compiler-plugin
Using Kotlin Space bootstrap version 2.3.0-dev-10303 from https://redirector.kotlinlang.org/maven/bootstrap
Redirecting Kotlin/Native compiler download url
Evaluating project ':kotlin-power-assert-compiler-plugin' using build file '/Users/aria/zaedalus/kotlin/plugins/power-assert/build.gradle.kts'.
Resolved plugin [id: 'org.jetbrains.kotlin.jvm', version: '2.3.0-dev-10303']
Resolved plugin [id: 'jps-compatible']
Resolved plugin [id: 'java-test-fixtures']
Resolved plugin [id: 'project-tests-convention']
Resolved plugin [id: 'test-inputs-check']
Using Kotlin Gradle Plugin gradle813 variant
kotlin scripting plugin: created the scripting discovery configuration: kotlinScriptDef
kotlin scripting plugin: created the scripting discovery configuration: testKotlinScriptDef
kotlin scripting plugin: created the scripting discovery configuration: testFixturesKotlinScriptDef

> Configure project :kotlin-power-assert-compiler-plugin.backend
Using Kotlin Space bootstrap version 2.3.0-dev-10303 from https://redirector.kotlinlang.org/maven/bootstrap
Redirecting Kotlin/Native compiler download url
Evaluating project ':kotlin-power-assert-compiler-plugin.backend' using build file '/Users/aria/zaedalus/kotlin/plugins/power-assert/power-assert.backend/build.gradle.kts'.
Resolved plugin [id: 'org.jetbrains.kotlin.jvm', version: '2.3.0-dev-10303']
Resolved plugin [id: 'jps-compatible']
Using Kotlin Gradle Plugin gradle813 variant
kotlin scripting plugin: created the scripting discovery configuration: kotlinScriptDef
kotlin scripting plugin: created the scripting discovery configuration: testKotlinScriptDef

> Configure project :kotlin-power-assert-compiler-plugin.cli
Using Kotlin Space bootstrap version 2.3.0-dev-10303 from https://redirector.kotlinlang.org/maven/bootstrap
Redirecting Kotlin/Native compiler download url
Evaluating project ':kotlin-power-assert-compiler-plugin.cli' using build file '/Users/aria/zaedalus/kotlin/plugins/power-assert/power-assert.cli/build.gradle.kts'.
Resolved plugin [id: 'org.jetbrains.kotlin.jvm', version: '2.3.0-dev-10303']
Resolved plugin [id: 'jps-compatible']
Using Kotlin Gradle Plugin gradle813 variant
kotlin scripting plugin: created the scripting discovery configuration: kotlinScriptDef
kotlin scripting plugin: created the scripting discovery configuration: testKotlinScriptDef

> Configure project :kotlin-power-assert-compiler-plugin.embeddable
Using Kotlin Space bootstrap version 2.3.0-dev-10303 from https://redirector.kotlinlang.org/maven/bootstrap
Redirecting Kotlin/Native compiler download url
Evaluating project ':kotlin-power-assert-compiler-plugin.embeddable' using build file '/Users/aria/zaedalus/kotlin/plugins/power-assert/power-assert.embeddable/build.gradle.kts'.
Resolved plugin [id: 'org.jetbrains.kotlin.jvm', version: '2.3.0-dev-10303']
Using Kotlin Gradle Plugin gradle813 variant
kotlin scripting plugin: created the scripting discovery configuration: kotlinScriptDef
kotlin scripting plugin: created the scripting discovery configuration: testKotlinScriptDef

> Configure project :kotlin-preloader
Using Kotlin Space bootstrap version 2.3.0-dev-10303 from https://redirector.kotlinlang.org/maven/bootstrap
Redirecting Kotlin/Native compiler download url
Evaluating project ':kotlin-preloader' using build file '/Users/aria/zaedalus/kotlin/compiler/preloader/build.gradle.kts'.
Resolved plugin [id: 'org.jetbrains.kotlin.jvm', version: '2.3.0-dev-10303']
Resolved plugin [id: 'jps-compatible']
Using Kotlin Gradle Plugin gradle813 variant
kotlin scripting plugin: created the scripting discovery configuration: kotlinScriptDef
kotlin scripting plugin: created the scripting discovery configuration: testKotlinScriptDef

> Configure project :kotlin-privacy-manifests-plugin
Using Kotlin Space bootstrap version 2.3.0-dev-10303 from https://redirector.kotlinlang.org/maven/bootstrap
Redirecting Kotlin/Native compiler download url
Evaluating project ':kotlin-privacy-manifests-plugin' using build file '/Users/aria/zaedalus/kotlin/libraries/tools/kotlin-privacy-manifests-plugin/build.gradle.kts'.
Resolved plugin [id: 'org.jetbrains.kotlin.jvm', version: '2.3.0-dev-10303']
Resolved plugin [id: 'org.gradle.java-gradle-plugin']
Resolved plugin [id: 'org.gradle.maven-publish']
Using Kotlin Gradle Plugin gradle813 variant
kotlin scripting plugin: created the scripting discovery configuration: kotlinScriptDef
kotlin scripting plugin: created the scripting discovery configuration: testKotlinScriptDef
(dependency analysis) :kotlin-privacy-manifests-plugin was already configured for the java-library plugin

> Configure project :kotlin-reflect
Using Kotlin Space bootstrap version 2.3.0-dev-10303 from https://redirector.kotlinlang.org/maven/bootstrap
Redirecting Kotlin/Native compiler download url
Evaluating project ':kotlin-reflect' using build file '/Users/aria/zaedalus/kotlin/libraries/reflect/build.gradle.kts'.
Resolved plugin [id: 'org.jetbrains.kotlin.jvm', version: '2.3.0-dev-10303']
Using Kotlin Gradle Plugin gradle813 variant
kotlin scripting plugin: created the scripting discovery configuration: kotlinScriptDef
kotlin scripting plugin: created the scripting discovery configuration: testKotlinScriptDef
kotlin scripting plugin: created the scripting discovery configuration: java9KotlinScriptDef

> Configure project :kotlin-runner
Using Kotlin Space bootstrap version 2.3.0-dev-10303 from https://redirector.kotlinlang.org/maven/bootstrap
Redirecting Kotlin/Native compiler download url
Evaluating project ':kotlin-runner' using build file '/Users/aria/zaedalus/kotlin/compiler/cli/cli-runner/build.gradle.kts'.
Resolved plugin [id: 'org.jetbrains.kotlin.jvm', version: '2.3.0-dev-10303']
Resolved plugin [id: 'jps-compatible']
Using Kotlin Gradle Plugin gradle813 variant
kotlin scripting plugin: created the scripting discovery configuration: kotlinScriptDef
kotlin scripting plugin: created the scripting discovery configuration: testKotlinScriptDef

> Configure project :kotlin-sam-with-receiver
Using Kotlin Space bootstrap version 2.3.0-dev-10303 from https://redirector.kotlinlang.org/maven/bootstrap
Redirecting Kotlin/Native compiler download url
Evaluating project ':kotlin-sam-with-receiver' using build file '/Users/aria/zaedalus/kotlin/libraries/tools/kotlin-sam-with-receiver/build.gradle.kts'.
Resolved plugin [id: 'gradle-plugin-common-configuration']
Using Kotlin Gradle Plugin gradle813 variant
kotlin scripting plugin: created the scripting discovery configuration: kotlinScriptDef
kotlin scripting plugin: created the scripting discovery configuration: testKotlinScriptDef
kotlin scripting plugin: created the scripting discovery configuration: commonKotlinScriptDef
kotlin scripting plugin: created the scripting discovery configuration: gradle80KotlinScriptDef
kotlin scripting plugin: created the scripting discovery configuration: gradle81KotlinScriptDef
kotlin scripting plugin: created the scripting discovery configuration: gradle82KotlinScriptDef
kotlin scripting plugin: created the scripting discovery configuration: gradle85KotlinScriptDef
kotlin scripting plugin: created the scripting discovery configuration: gradle86KotlinScriptDef
kotlin scripting plugin: created the scripting discovery configuration: gradle88KotlinScriptDef
kotlin scripting plugin: created the scripting discovery configuration: gradle811KotlinScriptDef
kotlin scripting plugin: created the scripting discovery configuration: gradle813KotlinScriptDef
(dependency analysis) :kotlin-sam-with-receiver was already configured for the java-library plugin

> Configure project :kotlin-sam-with-receiver-compiler-plugin
Using Kotlin Space bootstrap version 2.3.0-dev-10303 from https://redirector.kotlinlang.org/maven/bootstrap
Redirecting Kotlin/Native compiler download url
Evaluating project ':kotlin-sam-with-receiver-compiler-plugin' using build file '/Users/aria/zaedalus/kotlin/plugins/sam-with-receiver/build.gradle.kts'.
Resolved plugin [id: 'org.jetbrains.kotlin.jvm', version: '2.3.0-dev-10303']
Resolved plugin [id: 'jps-compatible']
Resolved plugin [id: 'java-test-fixtures']
Resolved plugin [id: 'project-tests-convention']
Using Kotlin Gradle Plugin gradle813 variant
kotlin scripting plugin: created the scripting discovery configuration: kotlinScriptDef
kotlin scripting plugin: created the scripting discovery configuration: testKotlinScriptDef
kotlin scripting plugin: created the scripting discovery configuration: testFixturesKotlinScriptDef

> Configure project :kotlin-sam-with-receiver-compiler-plugin.cli
Using Kotlin Space bootstrap version 2.3.0-dev-10303 from https://redirector.kotlinlang.org/maven/bootstrap
Redirecting Kotlin/Native compiler download url
Evaluating project ':kotlin-sam-with-receiver-compiler-plugin.cli' using build file '/Users/aria/zaedalus/kotlin/plugins/sam-with-receiver/sam-with-receiver.cli/build.gradle.kts'.
Resolved plugin [id: 'org.jetbrains.kotlin.jvm', version: '2.3.0-dev-10303']
Resolved plugin [id: 'jps-compatible']
Using Kotlin Gradle Plugin gradle813 variant
kotlin scripting plugin: created the scripting discovery configuration: kotlinScriptDef
kotlin scripting plugin: created the scripting discovery configuration: testKotlinScriptDef

> Configure project :kotlin-sam-with-receiver-compiler-plugin.common
Using Kotlin Space bootstrap version 2.3.0-dev-10303 from https://redirector.kotlinlang.org/maven/bootstrap
Redirecting Kotlin/Native compiler download url
Evaluating project ':kotlin-sam-with-receiver-compiler-plugin.common' using build file '/Users/aria/zaedalus/kotlin/plugins/sam-with-receiver/sam-with-receiver.common/build.gradle.kts'.
Resolved plugin [id: 'org.jetbrains.kotlin.jvm', version: '2.3.0-dev-10303']
Resolved plugin [id: 'jps-compatible']
Using Kotlin Gradle Plugin gradle813 variant
kotlin scripting plugin: created the scripting discovery configuration: kotlinScriptDef
kotlin scripting plugin: created the scripting discovery configuration: testKotlinScriptDef

> Configure project :kotlin-sam-with-receiver-compiler-plugin.embeddable
Using Kotlin Space bootstrap version 2.3.0-dev-10303 from https://redirector.kotlinlang.org/maven/bootstrap
Redirecting Kotlin/Native compiler download url
Evaluating project ':kotlin-sam-with-receiver-compiler-plugin.embeddable' using build file '/Users/aria/zaedalus/kotlin/plugins/sam-with-receiver/sam-with-receiver.embeddable/build.gradle.kts'.
Resolved plugin [id: 'org.jetbrains.kotlin.jvm', version: '2.3.0-dev-10303']
Using Kotlin Gradle Plugin gradle813 variant
kotlin scripting plugin: created the scripting discovery configuration: kotlinScriptDef
kotlin scripting plugin: created the scripting discovery configuration: testKotlinScriptDef

> Configure project :kotlin-sam-with-receiver-compiler-plugin.k1
Using Kotlin Space bootstrap version 2.3.0-dev-10303 from https://redirector.kotlinlang.org/maven/bootstrap
Redirecting Kotlin/Native compiler download url
Evaluating project ':kotlin-sam-with-receiver-compiler-plugin.k1' using build file '/Users/aria/zaedalus/kotlin/plugins/sam-with-receiver/sam-with-receiver.k1/build.gradle.kts'.
Resolved plugin [id: 'org.jetbrains.kotlin.jvm', version: '2.3.0-dev-10303']
Resolved plugin [id: 'jps-compatible']
Using Kotlin Gradle Plugin gradle813 variant
kotlin scripting plugin: created the scripting discovery configuration: kotlinScriptDef
kotlin scripting plugin: created the scripting discovery configuration: testKotlinScriptDef

> Configure project :kotlin-sam-with-receiver-compiler-plugin.k2
Using Kotlin Space bootstrap version 2.3.0-dev-10303 from https://redirector.kotlinlang.org/maven/bootstrap
Redirecting Kotlin/Native compiler download url
Evaluating project ':kotlin-sam-with-receiver-compiler-plugin.k2' using build file '/Users/aria/zaedalus/kotlin/plugins/sam-with-receiver/sam-with-receiver.k2/build.gradle.kts'.
Resolved plugin [id: 'org.jetbrains.kotlin.jvm', version: '2.3.0-dev-10303']
Resolved plugin [id: 'jps-compatible']
Using Kotlin Gradle Plugin gradle813 variant
kotlin scripting plugin: created the scripting discovery configuration: kotlinScriptDef
kotlin scripting plugin: created the scripting discovery configuration: testKotlinScriptDef

> Configure project :kotlin-script-runtime
Using Kotlin Space bootstrap version 2.3.0-dev-10303 from https://redirector.kotlinlang.org/maven/bootstrap
Redirecting Kotlin/Native compiler download url
Evaluating project ':kotlin-script-runtime' using build file '/Users/aria/zaedalus/kotlin/libraries/tools/script-runtime/build.gradle'.
Using Kotlin Gradle Plugin gradle813 variant
kotlin scripting plugin: created the scripting discovery configuration: kotlinScriptDef
kotlin scripting plugin: created the scripting discovery configuration: testKotlinScriptDef

> Configure project :kotlin-scripting-common
Using Kotlin Space bootstrap version 2.3.0-dev-10303 from https://redirector.kotlinlang.org/maven/bootstrap
Redirecting Kotlin/Native compiler download url
Evaluating project ':kotlin-scripting-common' using build file '/Users/aria/zaedalus/kotlin/libraries/scripting/common/build.gradle.kts'.
Resolved plugin [id: 'org.jetbrains.kotlin.jvm', version: '2.3.0-dev-10303']
Resolved plugin [id: 'jps-compatible']
Using Kotlin Gradle Plugin gradle813 variant
kotlin scripting plugin: created the scripting discovery configuration: kotlinScriptDef
kotlin scripting plugin: created the scripting discovery configuration: testKotlinScriptDef

> Configure project :kotlin-scripting-compiler
Using Kotlin Space bootstrap version 2.3.0-dev-10303 from https://redirector.kotlinlang.org/maven/bootstrap
Redirecting Kotlin/Native compiler download url
Evaluating project ':kotlin-scripting-compiler' using build file '/Users/aria/zaedalus/kotlin/plugins/scripting/scripting-compiler/build.gradle.kts'.
Resolved plugin [id: 'org.jetbrains.kotlin.jvm', version: '2.3.0-dev-10303']
Resolved plugin [id: 'jps-compatible']
Resolved plugin [id: 'project-tests-convention']
Using Kotlin Gradle Plugin gradle813 variant
kotlin scripting plugin: created the scripting discovery configuration: kotlinScriptDef
kotlin scripting plugin: created the scripting discovery configuration: testKotlinScriptDef
w: [33m[1m⚠️ Unsupported API dependency types in test source sets[0m[0m
API dependency types are used in test source sets
Dependencies:
    - org.jetbrains.kotlin:cli-common:2.3.0-wit.1 (source sets: test)
    - org.jetbrains.kotlin:cli:2.3.0-wit.1 (source sets: test)
    - org.jetbrains.kotlin:frontend.java:2.3.0-wit.1 (source sets: test)
    - org.jetbrains.kotlin:frontend:2.3.0-wit.1 (source sets: test)
    - org.jetbrains.kotlin:kotlin-scripting-dependencies-maven:2.3.0-wit.1 (source sets: test)
    - org.jetbrains.kotlin:kotlin-test:2.3.0-wit.1 (source sets: test)
    - org.jetbrains.kotlin:plugin-api:2.3.0-wit.1 (source sets: test)
    - org.jetbrains.kotlin:tests-common:2.3.0-wit.1 (source sets: test)
    - org.jetbrains.kotlin:util:2.3.0-wit.1 (source sets: test)

Adding API dependency types to test source sets is not supported and will removed in a future version of Kotlin.

API dependencies are transitively exposed to consumers, but test source sets should not be consumable.
[32m[1mSolutions:[0m[0m
[32m • [3mReplace API dependency types in test source sets with implementation dependencies.[0m[0m
[32m • [3mFor Kotlin/JVM projects, consider using Test Fixtures https://docs.gradle.org/current/userguide/java_testing.html#sec:java_test_fixtures[0m[0m
[32m • [3mFor Test Fixtures support in non-Kotlin/JVM projects, please add your use-case to https://youtrack.jetbrains.com/issue/KT-63142[0m[0m


> Configure project :kotlin-scripting-compiler-embeddable
Using Kotlin Space bootstrap version 2.3.0-dev-10303 from https://redirector.kotlinlang.org/maven/bootstrap
Redirecting Kotlin/Native compiler download url
Evaluating project ':kotlin-scripting-compiler-embeddable' using build file '/Users/aria/zaedalus/kotlin/plugins/scripting/scripting-compiler-embeddable/build.gradle.kts'.
Resolved plugin [id: 'org.gradle.java-library']

> Configure project :kotlin-scripting-compiler-impl
Using Kotlin Space bootstrap version 2.3.0-dev-10303 from https://redirector.kotlinlang.org/maven/bootstrap
Redirecting Kotlin/Native compiler download url
Evaluating project ':kotlin-scripting-compiler-impl' using build file '/Users/aria/zaedalus/kotlin/plugins/scripting/scripting-compiler-impl/build.gradle.kts'.
Resolved plugin [id: 'org.jetbrains.kotlin.jvm', version: '2.3.0-dev-10303']
Resolved plugin [id: 'jps-compatible']
Using Kotlin Gradle Plugin gradle813 variant
kotlin scripting plugin: created the scripting discovery configuration: kotlinScriptDef
kotlin scripting plugin: created the scripting discovery configuration: testKotlinScriptDef

> Configure project :kotlin-scripting-compiler-impl-embeddable
Using Kotlin Space bootstrap version 2.3.0-dev-10303 from https://redirector.kotlinlang.org/maven/bootstrap
Redirecting Kotlin/Native compiler download url
Evaluating project ':kotlin-scripting-compiler-impl-embeddable' using build file '/Users/aria/zaedalus/kotlin/plugins/scripting/scripting-compiler-impl-embeddable/build.gradle.kts'.
Resolved plugin [id: 'org.gradle.java']

> Configure project :kotlin-scripting-dependencies
Using Kotlin Space bootstrap version 2.3.0-dev-10303 from https://redirector.kotlinlang.org/maven/bootstrap
Redirecting Kotlin/Native compiler download url
Evaluating project ':kotlin-scripting-dependencies' using build file '/Users/aria/zaedalus/kotlin/libraries/scripting/dependencies/build.gradle.kts'.
Resolved plugin [id: 'org.jetbrains.kotlin.jvm', version: '2.3.0-dev-10303']
Resolved plugin [id: 'jps-compatible']
Using Kotlin Gradle Plugin gradle813 variant
kotlin scripting plugin: created the scripting discovery configuration: kotlinScriptDef
kotlin scripting plugin: created the scripting discovery configuration: testKotlinScriptDef

> Configure project :kotlin-scripting-dependencies-maven
Using Kotlin Space bootstrap version 2.3.0-dev-10303 from https://redirector.kotlinlang.org/maven/bootstrap
Redirecting Kotlin/Native compiler download url
Evaluating project ':kotlin-scripting-dependencies-maven' using build file '/Users/aria/zaedalus/kotlin/libraries/scripting/dependencies-maven/build.gradle.kts'.
Resolved plugin [id: 'org.jetbrains.kotlin.jvm', version: '2.3.0-dev-10303']
Resolved plugin [id: 'jps-compatible']
Using Kotlin Gradle Plugin gradle813 variant
kotlin scripting plugin: created the scripting discovery configuration: kotlinScriptDef
kotlin scripting plugin: created the scripting discovery configuration: testKotlinScriptDef

> Configure project :kotlin-scripting-dependencies-maven-all
Using Kotlin Space bootstrap version 2.3.0-dev-10303 from https://redirector.kotlinlang.org/maven/bootstrap
Redirecting Kotlin/Native compiler download url
Evaluating project ':kotlin-scripting-dependencies-maven-all' using build file '/Users/aria/zaedalus/kotlin/libraries/scripting/dependencies-maven-all/build.gradle.kts'.
Resolved plugin [id: 'org.jetbrains.kotlin.jvm', version: '2.3.0-dev-10303']
Resolved plugin [id: 'jps-compatible']
Using Kotlin Gradle Plugin gradle813 variant
kotlin scripting plugin: created the scripting discovery configuration: kotlinScriptDef
kotlin scripting plugin: created the scripting discovery configuration: testKotlinScriptDef

> Configure project :kotlin-scripting-ide-common
Using Kotlin Space bootstrap version 2.3.0-dev-10303 from https://redirector.kotlinlang.org/maven/bootstrap
Redirecting Kotlin/Native compiler download url
Evaluating project ':kotlin-scripting-ide-common' using build file '/Users/aria/zaedalus/kotlin/plugins/scripting/scripting-ide-common/build.gradle.kts'.
Resolved plugin [id: 'org.jetbrains.kotlin.jvm', version: '2.3.0-dev-10303']
Resolved plugin [id: 'jps-compatible']
Using Kotlin Gradle Plugin gradle813 variant
kotlin scripting plugin: created the scripting discovery configuration: kotlinScriptDef
kotlin scripting plugin: created the scripting discovery configuration: testKotlinScriptDef

> Configure project :kotlin-scripting-ide-services
Using Kotlin Space bootstrap version 2.3.0-dev-10303 from https://redirector.kotlinlang.org/maven/bootstrap
Redirecting Kotlin/Native compiler download url
Evaluating project ':kotlin-scripting-ide-services' using build file '/Users/aria/zaedalus/kotlin/plugins/scripting/scripting-ide-services-embeddable/build.gradle.kts'.
Resolved plugin [id: 'org.gradle.java']

> Configure project :kotlin-scripting-ide-services-test
Using Kotlin Space bootstrap version 2.3.0-dev-10303 from https://redirector.kotlinlang.org/maven/bootstrap
Redirecting Kotlin/Native compiler download url
Evaluating project ':kotlin-scripting-ide-services-test' using build file '/Users/aria/zaedalus/kotlin/plugins/scripting/scripting-ide-services-test/build.gradle.kts'.
Resolved plugin [id: 'org.jetbrains.kotlin.jvm', version: '2.3.0-dev-10303']
Resolved plugin [id: 'project-tests-convention']
Using Kotlin Gradle Plugin gradle813 variant
kotlin scripting plugin: created the scripting discovery configuration: kotlinScriptDef
kotlin scripting plugin: created the scripting discovery configuration: testKotlinScriptDef
w: [33m[1m⚠️ Unsupported API dependency types in test source sets[0m[0m
API dependency types are used in test source sets
Dependencies:
    - org.jetbrains.kotlin:cli:2.3.0-wit.1 (source sets: test)
    - org.jetbrains.kotlin:kotlin-scripting-compiler:2.3.0-wit.1 (source sets: test)
    - org.jetbrains.kotlin:kotlin-scripting-dependencies-maven:2.3.0-wit.1 (source sets: test)
    - org.jetbrains.kotlin:kotlin-scripting-ide-services-unshaded:2.3.0-wit.1 (source sets: test)
    - org.jetbrains.kotlin:kotlin-stdlib-jdk8:2.3.0-wit.1 (source sets: test)

Adding API dependency types to test source sets is not supported and will removed in a future version of Kotlin.

API dependencies are transitively exposed to consumers, but test source sets should not be consumable.
[32m[1mSolutions:[0m[0m
[32m • [3mReplace API dependency types in test source sets with implementation dependencies.[0m[0m
[32m • [3mFor Kotlin/JVM projects, consider using Test Fixtures https://docs.gradle.org/current/userguide/java_testing.html#sec:java_test_fixtures[0m[0m
[32m • [3mFor Test Fixtures support in non-Kotlin/JVM projects, please add your use-case to https://youtrack.jetbrains.com/issue/KT-63142[0m[0m


> Configure project :kotlin-scripting-ide-services-unshaded
Using Kotlin Space bootstrap version 2.3.0-dev-10303 from https://redirector.kotlinlang.org/maven/bootstrap
Redirecting Kotlin/Native compiler download url
Evaluating project ':kotlin-scripting-ide-services-unshaded' using build file '/Users/aria/zaedalus/kotlin/plugins/scripting/scripting-ide-services/build.gradle.kts'.
Resolved plugin [id: 'org.jetbrains.kotlin.jvm', version: '2.3.0-dev-10303']
Resolved plugin [id: 'jps-compatible']
Using Kotlin Gradle Plugin gradle813 variant
kotlin scripting plugin: created the scripting discovery configuration: kotlinScriptDef
kotlin scripting plugin: created the scripting discovery configuration: testKotlinScriptDef

> Configure project :kotlin-scripting-intellij
Using Kotlin Space bootstrap version 2.3.0-dev-10303 from https://redirector.kotlinlang.org/maven/bootstrap
Redirecting Kotlin/Native compiler download url
Evaluating project ':kotlin-scripting-intellij' using build file '/Users/aria/zaedalus/kotlin/libraries/scripting/intellij/build.gradle.kts'.
Resolved plugin [id: 'org.jetbrains.kotlin.jvm', version: '2.3.0-dev-10303']
Resolved plugin [id: 'jps-compatible']
Using Kotlin Gradle Plugin gradle813 variant
kotlin scripting plugin: created the scripting discovery configuration: kotlinScriptDef
kotlin scripting plugin: created the scripting discovery configuration: testKotlinScriptDef

> Configure project :kotlin-scripting-jsr223
Using Kotlin Space bootstrap version 2.3.0-dev-10303 from https://redirector.kotlinlang.org/maven/bootstrap
Redirecting Kotlin/Native compiler download url
Evaluating project ':kotlin-scripting-jsr223' using build file '/Users/aria/zaedalus/kotlin/libraries/scripting/jsr223-embeddable/build.gradle.kts'.
Resolved plugin [id: 'org.gradle.java']

> Configure project :kotlin-scripting-jsr223-test
Using Kotlin Space bootstrap version 2.3.0-dev-10303 from https://redirector.kotlinlang.org/maven/bootstrap
Redirecting Kotlin/Native compiler download url
Evaluating project ':kotlin-scripting-jsr223-test' using build file '/Users/aria/zaedalus/kotlin/libraries/scripting/jsr223-test/build.gradle.kts'.
Resolved plugin [id: 'org.jetbrains.kotlin.jvm', version: '2.3.0-dev-10303']
Resolved plugin [id: 'project-tests-convention']
Using Kotlin Gradle Plugin gradle813 variant
kotlin scripting plugin: created the scripting discovery configuration: kotlinScriptDef
kotlin scripting plugin: created the scripting discovery configuration: testKotlinScriptDef

> Configure project :kotlin-scripting-jsr223-unshaded
Using Kotlin Space bootstrap version 2.3.0-dev-10303 from https://redirector.kotlinlang.org/maven/bootstrap
Redirecting Kotlin/Native compiler download url
Evaluating project ':kotlin-scripting-jsr223-unshaded' using build file '/Users/aria/zaedalus/kotlin/libraries/scripting/jsr223/build.gradle.kts'.
Resolved plugin [id: 'org.jetbrains.kotlin.jvm', version: '2.3.0-dev-10303']
Using Kotlin Gradle Plugin gradle813 variant
kotlin scripting plugin: created the scripting discovery configuration: kotlinScriptDef
kotlin scripting plugin: created the scripting discovery configuration: testKotlinScriptDef

> Configure project :kotlin-scripting-jvm
Using Kotlin Space bootstrap version 2.3.0-dev-10303 from https://redirector.kotlinlang.org/maven/bootstrap
Redirecting Kotlin/Native compiler download url
Evaluating project ':kotlin-scripting-jvm' using build file '/Users/aria/zaedalus/kotlin/libraries/scripting/jvm/build.gradle.kts'.
Resolved plugin [id: 'org.jetbrains.kotlin.jvm', version: '2.3.0-dev-10303']
Resolved plugin [id: 'jps-compatible']
Using Kotlin Gradle Plugin gradle813 variant
kotlin scripting plugin: created the scripting discovery configuration: kotlinScriptDef
kotlin scripting plugin: created the scripting discovery configuration: testKotlinScriptDef

> Configure project :kotlin-scripting-jvm-host
Using Kotlin Space bootstrap version 2.3.0-dev-10303 from https://redirector.kotlinlang.org/maven/bootstrap
Redirecting Kotlin/Native compiler download url
Evaluating project ':kotlin-scripting-jvm-host' using build file '/Users/aria/zaedalus/kotlin/libraries/scripting/jvm-host-embeddable/build.gradle.kts'.
Resolved plugin [id: 'org.gradle.java']

> Configure project :kotlin-scripting-jvm-host-test
Using Kotlin Space bootstrap version 2.3.0-dev-10303 from https://redirector.kotlinlang.org/maven/bootstrap
Redirecting Kotlin/Native compiler download url
Evaluating project ':kotlin-scripting-jvm-host-test' using build file '/Users/aria/zaedalus/kotlin/libraries/scripting/jvm-host-test/build.gradle.kts'.
Resolved plugin [id: 'org.jetbrains.kotlin.jvm', version: '2.3.0-dev-10303']
Resolved plugin [id: 'project-tests-convention']
Using Kotlin Gradle Plugin gradle813 variant
kotlin scripting plugin: created the scripting discovery configuration: kotlinScriptDef
kotlin scripting plugin: created the scripting discovery configuration: testKotlinScriptDef
w: [33m[1m⚠️ Unsupported API dependency types in test source sets[0m[0m
API dependency types are used in test source sets
Dependencies:
    - org.jetbrains.kotlin:daemon-common:2.3.0-wit.1 (source sets: test)
    - org.jetbrains.kotlin:intellij-core:2.3.0-wit.1 (source sets: test)
    - org.jetbrains.kotlin:kotlin-scripting-compiler:2.3.0-wit.1 (source sets: test)
    - org.jetbrains.kotlin:kotlin-scripting-jvm-host-unshaded:2.3.0-wit.1 (source sets: test)
    - org.jetbrains.kotlin:kotlin-test:2.3.0-wit.1 (source sets: test)
    - org.jetbrains.kotlin:tests-compiler-utils:2.3.0-wit.1 (source sets: test)

Adding API dependency types to test source sets is not supported and will removed in a future version of Kotlin.

API dependencies are transitively exposed to consumers, but test source sets should not be consumable.
[32m[1mSolutions:[0m[0m
[32m • [3mReplace API dependency types in test source sets with implementation dependencies.[0m[0m
[32m • [3mFor Kotlin/JVM projects, consider using Test Fixtures https://docs.gradle.org/current/userguide/java_testing.html#sec:java_test_fixtures[0m[0m
[32m • [3mFor Test Fixtures support in non-Kotlin/JVM projects, please add your use-case to https://youtrack.jetbrains.com/issue/KT-63142[0m[0m


> Configure project :kotlin-scripting-jvm-host-unshaded
Using Kotlin Space bootstrap version 2.3.0-dev-10303 from https://redirector.kotlinlang.org/maven/bootstrap
Redirecting Kotlin/Native compiler download url
Evaluating project ':kotlin-scripting-jvm-host-unshaded' using build file '/Users/aria/zaedalus/kotlin/libraries/scripting/jvm-host/build.gradle.kts'.
Resolved plugin [id: 'org.jetbrains.kotlin.jvm', version: '2.3.0-dev-10303']
Resolved plugin [id: 'jps-compatible']
Using Kotlin Gradle Plugin gradle813 variant
kotlin scripting plugin: created the scripting discovery configuration: kotlinScriptDef
kotlin scripting plugin: created the scripting discovery configuration: testKotlinScriptDef

> Configure project :kotlin-serialization
Using Kotlin Space bootstrap version 2.3.0-dev-10303 from https://redirector.kotlinlang.org/maven/bootstrap
Redirecting Kotlin/Native compiler download url
Evaluating project ':kotlin-serialization' using build file '/Users/aria/zaedalus/kotlin/libraries/tools/kotlin-serialization/build.gradle.kts'.
Resolved plugin [id: 'gradle-plugin-common-configuration']
Using Kotlin Gradle Plugin gradle813 variant
kotlin scripting plugin: created the scripting discovery configuration: kotlinScriptDef
kotlin scripting plugin: created the scripting discovery configuration: testKotlinScriptDef
kotlin scripting plugin: created the scripting discovery configuration: commonKotlinScriptDef
kotlin scripting plugin: created the scripting discovery configuration: gradle80KotlinScriptDef
kotlin scripting plugin: created the scripting discovery configuration: gradle81KotlinScriptDef
kotlin scripting plugin: created the scripting discovery configuration: gradle82KotlinScriptDef
kotlin scripting plugin: created the scripting discovery configuration: gradle85KotlinScriptDef
kotlin scripting plugin: created the scripting discovery configuration: gradle86KotlinScriptDef
kotlin scripting plugin: created the scripting discovery configuration: gradle88KotlinScriptDef
kotlin scripting plugin: created the scripting discovery configuration: gradle811KotlinScriptDef
kotlin scripting plugin: created the scripting discovery configuration: gradle813KotlinScriptDef
(dependency analysis) :kotlin-serialization was already configured for the java-library plugin

> Configure project :kotlin-serialization-unshaded
Using Kotlin Space bootstrap version 2.3.0-dev-10303 from https://redirector.kotlinlang.org/maven/bootstrap
Redirecting Kotlin/Native compiler download url
Evaluating project ':kotlin-serialization-unshaded' using build file '/Users/aria/zaedalus/kotlin/libraries/tools/kotlin-serialization-unshaded/build.gradle'.
Using Kotlin Gradle Plugin gradle813 variant
kotlin scripting plugin: created the scripting discovery configuration: kotlinScriptDef
kotlin scripting plugin: created the scripting discovery configuration: testKotlinScriptDef
Resolve mutations for :gradle-build-conventions:binaryen-configuration:checkKotlinGradlePluginConfigurationErrors (Thread[#851,Execution worker Thread 4,5,main]) started.
Resolve mutations for :gradle-plugin:compileJava (Thread[#870,Execution worker Thread 22,5,main]) started.
:gradle-build-conventions:binaryen-configuration:checkKotlinGradlePluginConfigurationErrors (Thread[#851,Execution worker Thread 4,5,main]) started.
:gradle-plugin:compileJava (Thread[#870,Execution worker Thread 22,5,main]) started.

> Task :gradle-build-conventions:binaryen-configuration:checkKotlinGradlePluginConfigurationErrors SKIPPED
Skipping task ':gradle-build-conventions:binaryen-configuration:checkKotlinGradlePluginConfigurationErrors' as task onlyIf 'errorDiagnostics are present' is false.
Resolve mutations for :gradle-build-conventions:binaryen-configuration:generateExternalPluginSpecBuilders (Thread[#851,Execution worker Thread 4,5,main]) started.
:gradle-build-conventions:binaryen-configuration:generateExternalPluginSpecBuilders (Thread[#859,Execution worker Thread 11,5,main]) started.

> Task :gradle-build-conventions:binaryen-configuration:generateExternalPluginSpecBuilders UP-TO-DATE
Build cache key for task ':gradle-build-conventions:binaryen-configuration:generateExternalPluginSpecBuilders' is c31e52188e873987ce1b09fa1935e39d
Skipping task ':gradle-build-conventions:binaryen-configuration:generateExternalPluginSpecBuilders' as it is up-to-date.
Resolve mutations for :gradle-build-conventions:binaryen-configuration:extractPrecompiledScriptPluginPlugins (Thread[#859,Execution worker Thread 11,5,main]) started.
:gradle-build-conventions:binaryen-configuration:extractPrecompiledScriptPluginPlugins (Thread[#859,Execution worker Thread 11,5,main]) started.

> Task :gradle-build-conventions:binaryen-configuration:extractPrecompiledScriptPluginPlugins UP-TO-DATE
Build cache key for task ':gradle-build-conventions:binaryen-configuration:extractPrecompiledScriptPluginPlugins' is 656c96d3f73e9b4aae44d7aabe42a770
Skipping task ':gradle-build-conventions:binaryen-configuration:extractPrecompiledScriptPluginPlugins' as it is up-to-date.

> Task :gradle-plugin:compileJava UP-TO-DATE
Build cache key for task ':gradle-plugin:compileJava' is 417189254b33ca3b01c6058bfb9219bd
Skipping task ':gradle-plugin:compileJava' as it is up-to-date.
Resolve mutations for :gradle-build-conventions:binaryen-configuration:compilePluginsBlocks (Thread[#859,Execution worker Thread 11,5,main]) started.
No compile result for :gradle-plugin:compileJava
No compile result for :gradle-plugin:compileJava
No compile result for :gradle-plugin:compileJava
No compile result for :gradle-plugin:compileJava
:gradle-build-conventions:binaryen-configuration:compilePluginsBlocks (Thread[#859,Execution worker Thread 11,5,main]) started.
Resolve mutations for :gradle-plugin:pluginDescriptors (Thread[#870,Execution worker Thread 22,5,main]) started.
:gradle-plugin:pluginDescriptors (Thread[#870,Execution worker Thread 22,5,main]) started.

> Task :gradle-plugin:pluginDescriptors UP-TO-DATE
Caching disabled for task ':gradle-plugin:pluginDescriptors' because:
  Not worth caching
Skipping task ':gradle-plugin:pluginDescriptors' as it is up-to-date.
Resolve mutations for :gradle-plugin:processResources (Thread[#870,Execution worker Thread 22,5,main]) started.
:gradle-plugin:processResources (Thread[#870,Execution worker Thread 22,5,main]) started.

> Task :gradle-plugin:processResources UP-TO-DATE
Caching disabled for task ':gradle-plugin:processResources' because:
  Not worth caching
Skipping task ':gradle-plugin:processResources' as it is up-to-date.
Resolve mutations for :gradle-plugin:classes (Thread[#870,Execution worker Thread 22,5,main]) started.
:gradle-plugin:classes (Thread[#870,Execution worker Thread 22,5,main]) started.

> Task :gradle-plugin:classes UP-TO-DATE
Skipping task ':gradle-plugin:classes' as it has no actions.
Resolve mutations for :gradle-plugin:jar (Thread[#870,Execution worker Thread 22,5,main]) started.
:gradle-plugin:jar (Thread[#869,Execution worker Thread 21,5,main]) started.

> Task :gradle-plugin:jar UP-TO-DATE
Caching disabled for task ':gradle-plugin:jar' because:
  Not worth caching
Skipping task ':gradle-plugin:jar' as it is up-to-date.

> Task :gradle-build-conventions:binaryen-configuration:compilePluginsBlocks UP-TO-DATE
Custom actions are attached to task ':gradle-build-conventions:binaryen-configuration:compilePluginsBlocks'.
Build cache key for task ':gradle-build-conventions:binaryen-configuration:compilePluginsBlocks' is bb5f84dc1889327c3e87d3083439df04
Skipping task ':gradle-build-conventions:binaryen-configuration:compilePluginsBlocks' as it is up-to-date.
Resolve mutations for :gradle-build-conventions:binaryen-configuration:generatePrecompiledScriptPluginAccessors (Thread[#859,Execution worker Thread 11,5,main]) started.
:gradle-build-conventions:binaryen-configuration:generatePrecompiledScriptPluginAccessors (Thread[#859,Execution worker Thread 11,5,main]) started.

> Task :gradle-build-conventions:binaryen-configuration:generatePrecompiledScriptPluginAccessors UP-TO-DATE
Build cache key for task ':gradle-build-conventions:binaryen-configuration:generatePrecompiledScriptPluginAccessors' is 67559b6ae4092ff3c1d6e4b6f4dbedfa
Skipping task ':gradle-build-conventions:binaryen-configuration:generatePrecompiledScriptPluginAccessors' as it is up-to-date.
Resolve mutations for :gradle-build-conventions:binaryen-configuration:generateScriptPluginAdapters (Thread[#859,Execution worker Thread 11,5,main]) started.
:gradle-build-conventions:binaryen-configuration:generateScriptPluginAdapters (Thread[#859,Execution worker Thread 11,5,main]) started.

> Task :gradle-build-conventions:binaryen-configuration:generateScriptPluginAdapters UP-TO-DATE
Build cache key for task ':gradle-build-conventions:binaryen-configuration:generateScriptPluginAdapters' is d9d107cf7fda632e3bd4b490b63a94fb
Skipping task ':gradle-build-conventions:binaryen-configuration:generateScriptPluginAdapters' as it is up-to-date.
Resolve mutations for :gradle-build-conventions:binaryen-configuration:compileKotlin (Thread[#853,Execution worker Thread 6,5,main]) started.
:gradle-build-conventions:binaryen-configuration:compileKotlin (Thread[#853,Execution worker Thread 6,5,main]) started.

> Task :gradle-build-conventions:binaryen-configuration:compileKotlin UP-TO-DATE
Custom actions are attached to task ':gradle-build-conventions:binaryen-configuration:compileKotlin'.
Build cache key for task ':gradle-build-conventions:binaryen-configuration:compileKotlin' is b3ff35aa568867f7e3b26da7af6c6017
Skipping task ':gradle-build-conventions:binaryen-configuration:compileKotlin' as it is up-to-date.
Resolve mutations for :gradle-build-conventions:binaryen-configuration:compileJava (Thread[#853,Execution worker Thread 6,5,main]) started.
:gradle-build-conventions:binaryen-configuration:compileJava (Thread[#853,Execution worker Thread 6,5,main]) started.

> Task :gradle-build-conventions:binaryen-configuration:compileJava NO-SOURCE
Skipping task ':gradle-build-conventions:binaryen-configuration:compileJava' as it has no source files and no previous output files.
Resolve mutations for :gradle-build-conventions:binaryen-configuration:pluginDescriptors (Thread[#853,Execution worker Thread 6,5,main]) started.
:gradle-build-conventions:binaryen-configuration:pluginDescriptors (Thread[#853,Execution worker Thread 6,5,main]) started.

> Task :gradle-build-conventions:binaryen-configuration:pluginDescriptors UP-TO-DATE
Caching disabled for task ':gradle-build-conventions:binaryen-configuration:pluginDescriptors' because:
  Not worth caching
Skipping task ':gradle-build-conventions:binaryen-configuration:pluginDescriptors' as it is up-to-date.
Resolve mutations for :gradle-build-conventions:binaryen-configuration:processResources (Thread[#853,Execution worker Thread 6,5,main]) started.
:gradle-build-conventions:binaryen-configuration:processResources (Thread[#853,Execution worker Thread 6,5,main]) started.

> Task :gradle-build-conventions:binaryen-configuration:processResources UP-TO-DATE
Caching disabled for task ':gradle-build-conventions:binaryen-configuration:processResources' because:
  Not worth caching
Skipping task ':gradle-build-conventions:binaryen-configuration:processResources' as it is up-to-date.
Resolve mutations for :gradle-build-conventions:binaryen-configuration:classes (Thread[#853,Execution worker Thread 6,5,main]) started.
:gradle-build-conventions:binaryen-configuration:classes (Thread[#853,Execution worker Thread 6,5,main]) started.

> Task :gradle-build-conventions:binaryen-configuration:classes UP-TO-DATE
Skipping task ':gradle-build-conventions:binaryen-configuration:classes' as it has no actions.
Resolve mutations for :gradle-build-conventions:binaryen-configuration:jar (Thread[#853,Execution worker Thread 6,5,main]) started.
:gradle-build-conventions:binaryen-configuration:jar (Thread[#853,Execution worker Thread 6,5,main]) started.

> Task :gradle-build-conventions:binaryen-configuration:jar UP-TO-DATE
Caching disabled for task ':gradle-build-conventions:binaryen-configuration:jar' because:
  Not worth caching
Skipping task ':gradle-build-conventions:binaryen-configuration:jar' as it is up-to-date.

> Configure project :kotlin-stdlib
Using Kotlin Space bootstrap version 2.3.0-dev-10303 from https://redirector.kotlinlang.org/maven/bootstrap
Redirecting Kotlin/Native compiler download url
Evaluating project ':kotlin-stdlib' using build file '/Users/aria/zaedalus/kotlin/libraries/stdlib/build.gradle.kts'.
Resolved plugin [id: 'org.jetbrains.kotlin.multiplatform', version: '2.3.0-dev-10303']
Resolved plugin [id: 'org.gradle.maven-publish']
Resolved plugin [id: 'org.gradle.signing']
Resolved plugin [id: 'nodejs-cache-redirector-configuration']
Resolved plugin [id: 'd8-configuration']
Resolved plugin [id: 'binaryen-configuration']
Resolved plugin [id: 'de.undercouch.download', version: '5.1.0']
Resolved plugin [id: 'org.jetbrains.kotlin.wit.gradle', version: '2.3.0-dev-10303']
Ignoring listeners of task graph ready event, as this build (:gradle-build-conventions) has already executed work.
Using Kotlin Gradle Plugin gradle813 variant
[KOTLIN] Storing cached files in /Users/aria/.gradle
kotlin scripting plugin: created the scripting discovery configuration: kotlinScriptDef
kotlin scripting plugin: created the scripting discovery configuration: testKotlinScriptDef
kotlin scripting plugin: created the scripting discovery configuration: compileOnlyDeclarationsKotlinScriptDef
kotlin scripting plugin: created the scripting discovery configuration: mainJdk7KotlinScriptDef
kotlin scripting plugin: created the scripting discovery configuration: mainJdk8KotlinScriptDef
kotlin scripting plugin: created the scripting discovery configuration: java9KotlinScriptDef
kotlin scripting plugin: created the scripting discovery configuration: longRunningTestKotlinScriptDef
kotlin scripting plugin: created the scripting discovery configuration: recursiveDeletionTestKotlinScriptDef
[KOTLIN] Storing cached files in /Users/aria/.gradle
[KOTLIN] Storing cached files in /Users/aria/.gradle
[KOTLIN] Storing cached files in /Users/aria/.gradle
[KOTLIN] Storing cached files in /Users/aria/.gradle
[KOTLIN] Storing cached files in /Users/aria/.gradle
[KOTLIN] Storing cached files in /Users/aria/.gradle
w: [33m[1m⚠️ 'org.jetbrains.kotlin.multiplatform' plugin 'withJava()' configuration deprecation.[0m[0m
Kotlin multiplatform plugin always configures Java sources compilation and 'withJava()' configuration is deprecated.
[32m[1mSolution:[0m[0m
[32m[3mPlease remove 'withJava()' method call from build configuration.[0m[0m

w: [33m[1m⚠️ Invalid Source Set Dependency Across Trees[0m[0m
Kotlin Source Set 'componentMain' can't depend on 'wasmCommonMain' as they are from different Source Set Trees.
[32m[1mSolution:[0m[0m
[32m[3mPlease remove this dependency edge.[0m[0m

w: [33m[1m⚠️ Unsupported API dependency types in test source sets[0m[0m
API dependency types are used in test source sets
Dependencies:
    - org.jetbrains.kotlin:kotlin-test:2.3.0-wit.1 (source sets: jsTest, jvmTest, jvmTest, wasmJsTest, wasmWasiTest)

Adding API dependency types to test source sets is not supported and will removed in a future version of Kotlin.

API dependencies are transitively exposed to consumers, but test source sets should not be consumable.
[32m[1mSolutions:[0m[0m
[32m • [3mReplace API dependency types in test source sets with implementation dependencies.[0m[0m
[32m • [3mFor Kotlin/JVM projects, consider using Test Fixtures https://docs.gradle.org/current/userguide/java_testing.html#sec:java_test_fixtures[0m[0m
[32m • [3mFor Test Fixtures support in non-Kotlin/JVM projects, please add your use-case to https://youtrack.jetbrains.com/issue/KT-63142[0m[0m


> Configure project :kotlin-stdlib-common
Using Kotlin Space bootstrap version 2.3.0-dev-10303 from https://redirector.kotlinlang.org/maven/bootstrap
Redirecting Kotlin/Native compiler download url
Evaluating project ':kotlin-stdlib-common' using build file '/Users/aria/zaedalus/kotlin/libraries/stdlib/common/build.gradle'.
Resolved plugin [id: 'maven-publish']

> Configure project :kotlin-stdlib-jdk7
Using Kotlin Space bootstrap version 2.3.0-dev-10303 from https://redirector.kotlinlang.org/maven/bootstrap
Redirecting Kotlin/Native compiler download url
Evaluating project ':kotlin-stdlib-jdk7' using build file '/Users/aria/zaedalus/kotlin/libraries/stdlib/jdk7/build.gradle'.
Using Kotlin Gradle Plugin gradle813 variant
kotlin scripting plugin: created the scripting discovery configuration: kotlinScriptDef
kotlin scripting plugin: created the scripting discovery configuration: testKotlinScriptDef
kotlin scripting plugin: created the scripting discovery configuration: java9KotlinScriptDef

> Configure project :kotlin-stdlib-jdk8
Using Kotlin Space bootstrap version 2.3.0-dev-10303 from https://redirector.kotlinlang.org/maven/bootstrap
Redirecting Kotlin/Native compiler download url
Evaluating project ':kotlin-stdlib-jdk8' using build file '/Users/aria/zaedalus/kotlin/libraries/stdlib/jdk8/build.gradle'.
Using Kotlin Gradle Plugin gradle813 variant
kotlin scripting plugin: created the scripting discovery configuration: kotlinScriptDef
kotlin scripting plugin: created the scripting discovery configuration: testKotlinScriptDef
kotlin scripting plugin: created the scripting discovery configuration: java9KotlinScriptDef
kotlin scripting plugin: created the scripting discovery configuration: moduleTestKotlinScriptDef

> Configure project :kotlin-stdlib-js-ir-minimal-for-test
Using Kotlin Space bootstrap version 2.3.0-dev-10303 from https://redirector.kotlinlang.org/maven/bootstrap
Redirecting Kotlin/Native compiler download url
Evaluating project ':kotlin-stdlib-js-ir-minimal-for-test' using build file '/Users/aria/zaedalus/kotlin/libraries/stdlib/js-ir-minimal-for-test/build.gradle.kts'.
Resolved plugin [id: 'org.jetbrains.kotlin.multiplatform', version: '2.3.0-dev-10303']
Resolved plugin [id: 'nodejs-cache-redirector-configuration']
Using Kotlin Gradle Plugin gradle813 variant
w: [33m[1m⚠️ Default Kotlin Hierarchy Template Not Applied Correctly[0m[0m
The Default Kotlin Hierarchy Template was not applied to 'project ':kotlin-stdlib-js-ir-minimal-for-test'':
Explicit .dependsOn() edges were configured for the following source sets:
[commonJsAndWasmJs, commonNonJvmMain, jsMain]

Consider removing dependsOn-calls or disabling the default template by adding
    'kotlin.mpp.applyDefaultHierarchyTemplate=false'
to your gradle.properties
[32m[1mSolution:[0m[0m
[32m[3mPlease remove the dependsOn-calls or disable the default template.[0m[0m
[36mLearn more about hierarchy templates: [0m[34mhttps://kotl.in/hierarchy-template[0m[36m[0m


> Configure project :kotlin-stdlib-jvm-minimal-for-test
Using Kotlin Space bootstrap version 2.3.0-dev-10303 from https://redirector.kotlinlang.org/maven/bootstrap
Redirecting Kotlin/Native compiler download url
Evaluating project ':kotlin-stdlib-jvm-minimal-for-test' using build file '/Users/aria/zaedalus/kotlin/libraries/stdlib/jvm-minimal-for-test/build.gradle.kts'.
Resolved plugin [id: 'org.jetbrains.kotlin.multiplatform', version: '2.3.0-dev-10303']
Resolved plugin [id: 'org.gradle.maven-publish']
Using Kotlin Gradle Plugin gradle813 variant
kotlin scripting plugin: created the scripting discovery configuration: kotlinScriptDef
kotlin scripting plugin: created the scripting discovery configuration: testKotlinScriptDef

> Configure project :kotlin-stdlib-wasm-component
Using Kotlin Space bootstrap version 2.3.0-dev-10303 from https://redirector.kotlinlang.org/maven/bootstrap
Redirecting Kotlin/Native compiler download url
Evaluating project ':kotlin-stdlib-wasm-component' using build file '/Users/aria/zaedalus/kotlin/libraries/stdlib-wasm-component/build.gradle.kts'.
Resolved plugin [id: 'org.jetbrains.kotlin.multiplatform', version: '2.3.0-dev-10303']
Resolved plugin [id: 'org.gradle.maven-publish']
Resolved plugin [id: 'org.gradle.signing']
Using Kotlin Gradle Plugin gradle813 variant
[KOTLIN] Storing cached files in /Users/aria/.gradle
w: [33m[1m⚠️ Default Kotlin Hierarchy Template Not Applied Correctly[0m[0m
The Default Kotlin Hierarchy Template was not applied to 'project ':kotlin-stdlib-wasm-component'':
Explicit .dependsOn() edges were configured for the following source sets:
[wasmCommonMain, wasmWasiMain]

Consider removing dependsOn-calls or disabling the default template by adding
    'kotlin.mpp.applyDefaultHierarchyTemplate=false'
to your gradle.properties
[32m[1mSolution:[0m[0m
[32m[3mPlease remove the dependsOn-calls or disable the default template.[0m[0m
[36mLearn more about hierarchy templates: [0m[34mhttps://kotl.in/hierarchy-template[0m[36m[0m


> Configure project :kotlin-test
Using Kotlin Space bootstrap version 2.3.0-dev-10303 from https://redirector.kotlinlang.org/maven/bootstrap
Redirecting Kotlin/Native compiler download url
Evaluating project ':kotlin-test' using build file '/Users/aria/zaedalus/kotlin/libraries/kotlin.test/build.gradle.kts'.
Resolved plugin [id: 'org.jetbrains.kotlin.multiplatform', version: '2.3.0-dev-10303']
Resolved plugin [id: 'org.gradle.maven-publish']
Resolved plugin [id: 'org.gradle.signing']
Resolved plugin [id: 'nodejs-cache-redirector-configuration']
Resolved plugin [id: 'binaryen-configuration']
Using Kotlin Gradle Plugin gradle813 variant
[KOTLIN] Storing cached files in /Users/aria/.gradle
kotlin scripting plugin: created the scripting discovery configuration: kotlinScriptDef
kotlin scripting plugin: created the scripting discovery configuration: testKotlinScriptDef
kotlin scripting plugin: created the scripting discovery configuration: JUnitKotlinScriptDef
kotlin scripting plugin: created the scripting discovery configuration: JUnitTestKotlinScriptDef
kotlin scripting plugin: created the scripting discovery configuration: JUnit5KotlinScriptDef
kotlin scripting plugin: created the scripting discovery configuration: JUnit5TestKotlinScriptDef
kotlin scripting plugin: created the scripting discovery configuration: TestNGKotlinScriptDef
kotlin scripting plugin: created the scripting discovery configuration: TestNGTestKotlinScriptDef
w: [33m[1m⚠️ Invalid Source Set Dependency Across Trees[0m[0m
    Following Kotlin Source Set groups can't depend on 'annotationsCommonMain' together as they belong to different Kotlin Source Set Trees.
    Source Sets from 'main' Tree:
  * 'jsMain'
  * 'wasmCommonMain'
Source Sets from 'JUnit' Tree:
  * 'jvmJUnit'
Source Sets from 'JUnit5' Tree:
  * 'jvmJUnit5'
Source Sets from 'TestNG' Tree:
  * 'jvmTestNG'
[32m[1mSolution:[0m[0m
[32m[3mPlease keep dependsOn edges only from one group and remove the others. [0m[0m

w: [33m[1m⚠️ Invalid Source Set Dependency Across Trees[0m[0m
    Following Kotlin Source Set groups can't depend on 'commonTest' together as they belong to different Kotlin Source Set Trees.
    Source Sets from 'test' Tree:
  * 'jsTest'
  * 'jvmTest'
  * 'wasmJsTest'
  * 'wasmWasiTest'
Source Sets from 'JUnit5Test' Tree:
  * 'jvmJUnit5Test'
Source Sets from 'JUnitTest' Tree:
  * 'jvmJUnitTest'
Source Sets from 'TestNGTest' Tree:
  * 'jvmTestNGTest'
[32m[1mSolution:[0m[0m
[32m[3mPlease keep dependsOn edges only from one group and remove the others. [0m[0m


> Configure project :kotlin-tooling-core
Using Kotlin Space bootstrap version 2.3.0-dev-10303 from https://redirector.kotlinlang.org/maven/bootstrap
Redirecting Kotlin/Native compiler download url
Evaluating project ':kotlin-tooling-core' using build file '/Users/aria/zaedalus/kotlin/libraries/tools/kotlin-tooling-core/build.gradle.kts'.
Resolved plugin [id: 'org.jetbrains.kotlin.jvm', version: '2.3.0-dev-10303']
Resolved plugin [id: 'jps-compatible']
Resolved plugin [id: 'org.jetbrains.kotlinx.binary-compatibility-validator']
Using Kotlin Gradle Plugin gradle813 variant
kotlin scripting plugin: created the scripting discovery configuration: kotlinScriptDef
kotlin scripting plugin: created the scripting discovery configuration: testKotlinScriptDef

> Configure project :kotlin-tooling-metadata
Using Kotlin Space bootstrap version 2.3.0-dev-10303 from https://redirector.kotlinlang.org/maven/bootstrap
Redirecting Kotlin/Native compiler download url
Evaluating project ':kotlin-tooling-metadata' using build file '/Users/aria/zaedalus/kotlin/libraries/tools/kotlin-tooling-metadata/build.gradle.kts'.
Resolved plugin [id: 'org.gradle.java']
Resolved plugin [id: 'org.jetbrains.kotlin.jvm', version: '2.3.0-dev-10303']
Resolved plugin [id: 'jps-compatible']
Using Kotlin Gradle Plugin gradle813 variant
kotlin scripting plugin: created the scripting discovery configuration: kotlinScriptDef
kotlin scripting plugin: created the scripting discovery configuration: testKotlinScriptDef

> Configure project :kotlin-util-io
Using Kotlin Space bootstrap version 2.3.0-dev-10303 from https://redirector.kotlinlang.org/maven/bootstrap
Redirecting Kotlin/Native compiler download url
Evaluating project ':kotlin-util-io' using build file '/Users/aria/zaedalus/kotlin/compiler/util-io/build.gradle.kts'.
Resolved plugin [id: 'org.jetbrains.kotlin.jvm', version: '2.3.0-dev-10303']
Resolved plugin [id: 'jps-compatible']
Using Kotlin Gradle Plugin gradle813 variant
kotlin scripting plugin: created the scripting discovery configuration: kotlinScriptDef
kotlin scripting plugin: created the scripting discovery configuration: testKotlinScriptDef

> Configure project :kotlin-util-klib
Using Kotlin Space bootstrap version 2.3.0-dev-10303 from https://redirector.kotlinlang.org/maven/bootstrap
Redirecting Kotlin/Native compiler download url
Evaluating project ':kotlin-util-klib' using build file '/Users/aria/zaedalus/kotlin/compiler/util-klib/build.gradle.kts'.
Resolved plugin [id: 'org.jetbrains.kotlin.jvm', version: '2.3.0-dev-10303']
Resolved plugin [id: 'jps-compatible']
Using Kotlin Gradle Plugin gradle813 variant
kotlin scripting plugin: created the scripting discovery configuration: kotlinScriptDef
kotlin scripting plugin: created the scripting discovery configuration: testKotlinScriptDef

> Configure project :kotlin-util-klib-abi
Using Kotlin Space bootstrap version 2.3.0-dev-10303 from https://redirector.kotlinlang.org/maven/bootstrap
Redirecting Kotlin/Native compiler download url
Evaluating project ':kotlin-util-klib-abi' using build file '/Users/aria/zaedalus/kotlin/compiler/util-klib-abi/build.gradle.kts'.
Resolved plugin [id: 'org.jetbrains.kotlin.jvm', version: '2.3.0-dev-10303']
Resolved plugin [id: 'jps-compatible']
Resolved plugin [id: 'java-test-fixtures']
Resolved plugin [id: 'project-tests-convention']
Resolved plugin [id: 'test-inputs-check']
Using Kotlin Gradle Plugin gradle813 variant
kotlin scripting plugin: created the scripting discovery configuration: kotlinScriptDef
kotlin scripting plugin: created the scripting discovery configuration: testKotlinScriptDef
kotlin scripting plugin: created the scripting discovery configuration: testFixturesKotlinScriptDef

> Configure project :kotlin-util-klib-metadata
Using Kotlin Space bootstrap version 2.3.0-dev-10303 from https://redirector.kotlinlang.org/maven/bootstrap
Redirecting Kotlin/Native compiler download url
Evaluating project ':kotlin-util-klib-metadata' using build file '/Users/aria/zaedalus/kotlin/compiler/util-klib-metadata/build.gradle.kts'.
Resolved plugin [id: 'org.jetbrains.kotlin.jvm', version: '2.3.0-dev-10303']
Resolved plugin [id: 'jps-compatible']
Resolved plugin [id: 'gradle-plugin-published-compiler-dependency-configuration']
Using Kotlin Gradle Plugin gradle813 variant
kotlin scripting plugin: created the scripting discovery configuration: kotlinScriptDef
kotlin scripting plugin: created the scripting discovery configuration: testKotlinScriptDef

> Configure project :kotlinx-atomicfu-runtime
Using Kotlin Space bootstrap version 2.3.0-dev-10303 from https://redirector.kotlinlang.org/maven/bootstrap
Redirecting Kotlin/Native compiler download url
Evaluating project ':kotlinx-atomicfu-runtime' using build file '/Users/aria/zaedalus/kotlin/plugins/atomicfu/atomicfu-runtime/build.gradle.kts'.
Resolved plugin [id: 'org.jetbrains.kotlin.js', version: '2.3.0-dev-10303']
Resolved plugin [id: 'org.gradle.maven-publish']
Resolved plugin [id: 'nodejs-cache-redirector-configuration']
Using Kotlin Gradle Plugin gradle813 variant
w: 'kotlin-js' Gradle plugin is deprecated and will be removed in the future. 
Please use 'kotlin("multiplatform")' plugin with a 'js()' target instead. See the migration guide: https://kotl.in/t6m3vu

> Configure project :kotlinx-metadata-klib
Using Kotlin Space bootstrap version 2.3.0-dev-10303 from https://redirector.kotlinlang.org/maven/bootstrap
Redirecting Kotlin/Native compiler download url
Evaluating project ':kotlinx-metadata-klib' using build file '/Users/aria/zaedalus/kotlin/libraries/kotlinx-metadata/klib/build.gradle.kts'.
Resolved plugin [id: 'org.jetbrains.kotlin.jvm', version: '2.3.0-dev-10303']
Resolved plugin [id: 'jps-compatible']
Using Kotlin Gradle Plugin gradle813 variant
kotlin scripting plugin: created the scripting discovery configuration: kotlinScriptDef
kotlin scripting plugin: created the scripting discovery configuration: testKotlinScriptDef

> Configure project :kotlinx-serialization-compiler-plugin
Using Kotlin Space bootstrap version 2.3.0-dev-10303 from https://redirector.kotlinlang.org/maven/bootstrap
Redirecting Kotlin/Native compiler download url
Evaluating project ':kotlinx-serialization-compiler-plugin' using build file '/Users/aria/zaedalus/kotlin/plugins/kotlinx-serialization/build.gradle.kts'.
Resolved plugin [id: 'org.jetbrains.kotlin.jvm', version: '2.3.0-dev-10303']
Resolved plugin [id: 'jps-compatible']
Resolved plugin [id: 'd8-configuration']
Resolved plugin [id: 'java-test-fixtures']
Resolved plugin [id: 'project-tests-convention']
Using Kotlin Gradle Plugin gradle813 variant
kotlin scripting plugin: created the scripting discovery configuration: kotlinScriptDef
kotlin scripting plugin: created the scripting discovery configuration: testKotlinScriptDef
kotlin scripting plugin: created the scripting discovery configuration: testFixturesKotlinScriptDef

> Configure project :kotlinx-serialization-compiler-plugin.backend
Using Kotlin Space bootstrap version 2.3.0-dev-10303 from https://redirector.kotlinlang.org/maven/bootstrap
Redirecting Kotlin/Native compiler download url
Evaluating project ':kotlinx-serialization-compiler-plugin.backend' using build file '/Users/aria/zaedalus/kotlin/plugins/kotlinx-serialization/kotlinx-serialization.backend/build.gradle.kts'.
Resolved plugin [id: 'org.jetbrains.kotlin.jvm', version: '2.3.0-dev-10303']
Resolved plugin [id: 'jps-compatible']
Using Kotlin Gradle Plugin gradle813 variant
kotlin scripting plugin: created the scripting discovery configuration: kotlinScriptDef
kotlin scripting plugin: created the scripting discovery configuration: testKotlinScriptDef

> Configure project :kotlinx-serialization-compiler-plugin.cli
Using Kotlin Space bootstrap version 2.3.0-dev-10303 from https://redirector.kotlinlang.org/maven/bootstrap
Redirecting Kotlin/Native compiler download url
Evaluating project ':kotlinx-serialization-compiler-plugin.cli' using build file '/Users/aria/zaedalus/kotlin/plugins/kotlinx-serialization/kotlinx-serialization.cli/build.gradle.kts'.
Resolved plugin [id: 'org.jetbrains.kotlin.jvm', version: '2.3.0-dev-10303']
Resolved plugin [id: 'jps-compatible']
Using Kotlin Gradle Plugin gradle813 variant
kotlin scripting plugin: created the scripting discovery configuration: kotlinScriptDef
kotlin scripting plugin: created the scripting discovery configuration: testKotlinScriptDef

> Configure project :kotlinx-serialization-compiler-plugin.common
Using Kotlin Space bootstrap version 2.3.0-dev-10303 from https://redirector.kotlinlang.org/maven/bootstrap
Redirecting Kotlin/Native compiler download url
Evaluating project ':kotlinx-serialization-compiler-plugin.common' using build file '/Users/aria/zaedalus/kotlin/plugins/kotlinx-serialization/kotlinx-serialization.common/build.gradle.kts'.
Resolved plugin [id: 'org.jetbrains.kotlin.jvm', version: '2.3.0-dev-10303']
Resolved plugin [id: 'jps-compatible']
Using Kotlin Gradle Plugin gradle813 variant
kotlin scripting plugin: created the scripting discovery configuration: kotlinScriptDef
kotlin scripting plugin: created the scripting discovery configuration: testKotlinScriptDef

> Configure project :kotlinx-serialization-compiler-plugin.embeddable
Using Kotlin Space bootstrap version 2.3.0-dev-10303 from https://redirector.kotlinlang.org/maven/bootstrap
Redirecting Kotlin/Native compiler download url
Evaluating project ':kotlinx-serialization-compiler-plugin.embeddable' using build file '/Users/aria/zaedalus/kotlin/plugins/kotlinx-serialization/kotlinx-serialization.embeddable/build.gradle.kts'.
Resolved plugin [id: 'org.jetbrains.kotlin.jvm', version: '2.3.0-dev-10303']
Using Kotlin Gradle Plugin gradle813 variant
kotlin scripting plugin: created the scripting discovery configuration: kotlinScriptDef
kotlin scripting plugin: created the scripting discovery configuration: testKotlinScriptDef

> Configure project :kotlinx-serialization-compiler-plugin.k1
Using Kotlin Space bootstrap version 2.3.0-dev-10303 from https://redirector.kotlinlang.org/maven/bootstrap
Redirecting Kotlin/Native compiler download url
Evaluating project ':kotlinx-serialization-compiler-plugin.k1' using build file '/Users/aria/zaedalus/kotlin/plugins/kotlinx-serialization/kotlinx-serialization.k1/build.gradle.kts'.
Resolved plugin [id: 'org.jetbrains.kotlin.jvm', version: '2.3.0-dev-10303']
Resolved plugin [id: 'jps-compatible']
Using Kotlin Gradle Plugin gradle813 variant
kotlin scripting plugin: created the scripting discovery configuration: kotlinScriptDef
kotlin scripting plugin: created the scripting discovery configuration: testKotlinScriptDef

> Configure project :kotlinx-serialization-compiler-plugin.k2
Using Kotlin Space bootstrap version 2.3.0-dev-10303 from https://redirector.kotlinlang.org/maven/bootstrap
Redirecting Kotlin/Native compiler download url
Evaluating project ':kotlinx-serialization-compiler-plugin.k2' using build file '/Users/aria/zaedalus/kotlin/plugins/kotlinx-serialization/kotlinx-serialization.k2/build.gradle.kts'.
Resolved plugin [id: 'org.jetbrains.kotlin.jvm', version: '2.3.0-dev-10303']
Resolved plugin [id: 'jps-compatible']
Using Kotlin Gradle Plugin gradle813 variant
kotlin scripting plugin: created the scripting discovery configuration: kotlinScriptDef
kotlin scripting plugin: created the scripting discovery configuration: testKotlinScriptDef

> Configure project :libraries
Using Kotlin Space bootstrap version 2.3.0-dev-10303 from https://redirector.kotlinlang.org/maven/bootstrap
Redirecting Kotlin/Native compiler download url
Evaluating project ':libraries' using build file '/Users/aria/zaedalus/kotlin/libraries/build.gradle'.

> Configure project :native
Using Kotlin Space bootstrap version 2.3.0-dev-10303 from https://redirector.kotlinlang.org/maven/bootstrap
Redirecting Kotlin/Native compiler download url
Evaluating project ':native' using build file '/Users/aria/zaedalus/kotlin/native/build.gradle'.

> Configure project :pill
Using Kotlin Space bootstrap version 2.3.0-dev-10303 from https://redirector.kotlinlang.org/maven/bootstrap
Redirecting Kotlin/Native compiler download url
Evaluating project ':pill' using build file '/Users/aria/zaedalus/kotlin/plugins/pill/build.gradle'.

> Configure project :plugins
Using Kotlin Space bootstrap version 2.3.0-dev-10303 from https://redirector.kotlinlang.org/maven/bootstrap
Redirecting Kotlin/Native compiler download url
Evaluating project ':plugins' using build file '/Users/aria/zaedalus/kotlin/plugins/build.gradle'.

> Configure project :prepare
Using Kotlin Space bootstrap version 2.3.0-dev-10303 from https://redirector.kotlinlang.org/maven/bootstrap
Redirecting Kotlin/Native compiler download url
Evaluating project ':prepare' using build file '/Users/aria/zaedalus/kotlin/prepare/build.gradle'.

> Configure project :repo
Using Kotlin Space bootstrap version 2.3.0-dev-10303 from https://redirector.kotlinlang.org/maven/bootstrap
Redirecting Kotlin/Native compiler download url
Evaluating project ':repo' using build file '/Users/aria/zaedalus/kotlin/repo/build.gradle'.

> Configure project :tools
Using Kotlin Space bootstrap version 2.3.0-dev-10303 from https://redirector.kotlinlang.org/maven/bootstrap
Redirecting Kotlin/Native compiler download url
Evaluating project ':tools' using build file '/Users/aria/zaedalus/kotlin/libraries/tools/build.gradle'.

> Configure project :wasm
Using Kotlin Space bootstrap version 2.3.0-dev-10303 from https://redirector.kotlinlang.org/maven/bootstrap
Redirecting Kotlin/Native compiler download url
Evaluating project ':wasm' using build file '/Users/aria/zaedalus/kotlin/wasm/build.gradle'.

> Configure project :wit
Using Kotlin Space bootstrap version 2.3.0-dev-10303 from https://redirector.kotlinlang.org/maven/bootstrap
Redirecting Kotlin/Native compiler download url
Evaluating project ':wit' using build file '/Users/aria/zaedalus/kotlin/wit/build.gradle'.

> Configure project :analysis:analysis-api
Using Kotlin Space bootstrap version 2.3.0-dev-10303 from https://redirector.kotlinlang.org/maven/bootstrap
Redirecting Kotlin/Native compiler download url
Evaluating project ':analysis:analysis-api' using build file '/Users/aria/zaedalus/kotlin/analysis/analysis-api/build.gradle.kts'.
Resolved plugin [id: 'org.jetbrains.kotlin.jvm', version: '2.3.0-dev-10303']
Resolved plugin [id: 'jps-compatible']
Resolved plugin [id: 'org.jetbrains.kotlinx.binary-compatibility-validator']
Resolved plugin [id: 'project-tests-convention']
Using Kotlin Gradle Plugin gradle813 variant
kotlin scripting plugin: created the scripting discovery configuration: kotlinScriptDef
kotlin scripting plugin: created the scripting discovery configuration: testKotlinScriptDef

> Configure project :analysis:analysis-api-fe10
Using Kotlin Space bootstrap version 2.3.0-dev-10303 from https://redirector.kotlinlang.org/maven/bootstrap
Redirecting Kotlin/Native compiler download url
Evaluating project ':analysis:analysis-api-fe10' using build file '/Users/aria/zaedalus/kotlin/analysis/analysis-api-fe10/build.gradle.kts'.
Resolved plugin [id: 'org.jetbrains.kotlin.jvm', version: '2.3.0-dev-10303']
Resolved plugin [id: 'jps-compatible']
Resolved plugin [id: 'java-test-fixtures']
Resolved plugin [id: 'project-tests-convention']
Using Kotlin Gradle Plugin gradle813 variant
kotlin scripting plugin: created the scripting discovery configuration: kotlinScriptDef
kotlin scripting plugin: created the scripting discovery configuration: testKotlinScriptDef
kotlin scripting plugin: created the scripting discovery configuration: testFixturesKotlinScriptDef
Resolve mutations for :gradle-build-conventions:generators:checkKotlinGradlePluginConfigurationErrors (Thread[#870,Execution worker Thread 22,5,main]) started.
:gradle-build-conventions:generators:checkKotlinGradlePluginConfigurationErrors (Thread[#870,Execution worker Thread 22,5,main]) started.

> Task :gradle-build-conventions:generators:checkKotlinGradlePluginConfigurationErrors SKIPPED
Skipping task ':gradle-build-conventions:generators:checkKotlinGradlePluginConfigurationErrors' as task onlyIf 'errorDiagnostics are present' is false.
Resolve mutations for :gradle-build-conventions:generators:generateExternalPluginSpecBuilders (Thread[#870,Execution worker Thread 22,5,main]) started.
:gradle-build-conventions:generators:generateExternalPluginSpecBuilders (Thread[#870,Execution worker Thread 22,5,main]) started.

> Task :gradle-build-conventions:generators:generateExternalPluginSpecBuilders UP-TO-DATE
Build cache key for task ':gradle-build-conventions:generators:generateExternalPluginSpecBuilders' is 1d48058545310f6396fba5c65eeefd2f
Skipping task ':gradle-build-conventions:generators:generateExternalPluginSpecBuilders' as it is up-to-date.
Resolve mutations for :gradle-build-conventions:generators:extractPrecompiledScriptPluginPlugins (Thread[#870,Execution worker Thread 22,5,main]) started.
:gradle-build-conventions:generators:extractPrecompiledScriptPluginPlugins (Thread[#852,Execution worker Thread 5,5,main]) started.

> Task :gradle-build-conventions:generators:extractPrecompiledScriptPluginPlugins UP-TO-DATE
Build cache key for task ':gradle-build-conventions:generators:extractPrecompiledScriptPluginPlugins' is fb35cd98c203c69fbced2a9d1283505f
Skipping task ':gradle-build-conventions:generators:extractPrecompiledScriptPluginPlugins' as it is up-to-date.
Resolve mutations for :gradle-build-conventions:generators:compilePluginsBlocks (Thread[#852,Execution worker Thread 5,5,main]) started.
:gradle-build-conventions:generators:compilePluginsBlocks (Thread[#852,Execution worker Thread 5,5,main]) started.

> Task :gradle-build-conventions:generators:compilePluginsBlocks UP-TO-DATE
Custom actions are attached to task ':gradle-build-conventions:generators:compilePluginsBlocks'.
Build cache key for task ':gradle-build-conventions:generators:compilePluginsBlocks' is 8d098c7196f40100978f429baad2f0c4
Skipping task ':gradle-build-conventions:generators:compilePluginsBlocks' as it is up-to-date.
Resolve mutations for :gradle-build-conventions:generators:generatePrecompiledScriptPluginAccessors (Thread[#852,Execution worker Thread 5,5,main]) started.
:gradle-build-conventions:generators:generatePrecompiledScriptPluginAccessors (Thread[#852,Execution worker Thread 5,5,main]) started.

> Task :gradle-build-conventions:generators:generatePrecompiledScriptPluginAccessors UP-TO-DATE
Build cache key for task ':gradle-build-conventions:generators:generatePrecompiledScriptPluginAccessors' is 4239e472059ad7e82b0e4a5aabcf9e04
Skipping task ':gradle-build-conventions:generators:generatePrecompiledScriptPluginAccessors' as it is up-to-date.
Resolve mutations for :gradle-build-conventions:generators:generateScriptPluginAdapters (Thread[#849,Execution worker Thread 2,5,main]) started.
:gradle-build-conventions:generators:generateScriptPluginAdapters (Thread[#849,Execution worker Thread 2,5,main]) started.

> Task :gradle-build-conventions:generators:generateScriptPluginAdapters UP-TO-DATE
Build cache key for task ':gradle-build-conventions:generators:generateScriptPluginAdapters' is f03658e667de8d0fc41b3c5fe6695a04
Skipping task ':gradle-build-conventions:generators:generateScriptPluginAdapters' as it is up-to-date.
Resolve mutations for :gradle-build-conventions:generators:compileKotlin (Thread[#849,Execution worker Thread 2,5,main]) started.
:gradle-build-conventions:generators:compileKotlin (Thread[#849,Execution worker Thread 2,5,main]) started.

> Task :gradle-build-conventions:generators:compileKotlin UP-TO-DATE
Custom actions are attached to task ':gradle-build-conventions:generators:compileKotlin'.
Build cache key for task ':gradle-build-conventions:generators:compileKotlin' is 63238907b3e94f10dc3ebebce7c08ef0
Skipping task ':gradle-build-conventions:generators:compileKotlin' as it is up-to-date.
Resolve mutations for :gradle-build-conventions:generators:compileJava (Thread[#849,Execution worker Thread 2,5,main]) started.
:gradle-build-conventions:generators:compileJava (Thread[#849,Execution worker Thread 2,5,main]) started.

> Task :gradle-build-conventions:generators:compileJava NO-SOURCE
Skipping task ':gradle-build-conventions:generators:compileJava' as it has no source files and no previous output files.
Resolve mutations for :gradle-build-conventions:generators:pluginDescriptors (Thread[#849,Execution worker Thread 2,5,main]) started.
:gradle-build-conventions:generators:pluginDescriptors (Thread[#849,Execution worker Thread 2,5,main]) started.

> Task :gradle-build-conventions:generators:pluginDescriptors UP-TO-DATE
Caching disabled for task ':gradle-build-conventions:generators:pluginDescriptors' because:
  Not worth caching
Skipping task ':gradle-build-conventions:generators:pluginDescriptors' as it is up-to-date.
Resolve mutations for :gradle-build-conventions:generators:processResources (Thread[#849,Execution worker Thread 2,5,main]) started.
:gradle-build-conventions:generators:processResources (Thread[#849,Execution worker Thread 2,5,main]) started.

> Task :gradle-build-conventions:generators:processResources UP-TO-DATE
Caching disabled for task ':gradle-build-conventions:generators:processResources' because:
  Not worth caching
Skipping task ':gradle-build-conventions:generators:processResources' as it is up-to-date.
Resolve mutations for :gradle-build-conventions:generators:classes (Thread[#849,Execution worker Thread 2,5,main]) started.
:gradle-build-conventions:generators:classes (Thread[#852,Execution worker Thread 5,5,main]) started.

> Task :gradle-build-conventions:generators:classes UP-TO-DATE
Skipping task ':gradle-build-conventions:generators:classes' as it has no actions.
Resolve mutations for :gradle-build-conventions:generators:jar (Thread[#852,Execution worker Thread 5,5,main]) started.
:gradle-build-conventions:generators:jar (Thread[#852,Execution worker Thread 5,5,main]) started.

> Task :gradle-build-conventions:generators:jar UP-TO-DATE
Caching disabled for task ':gradle-build-conventions:generators:jar' because:
  Not worth caching
Skipping task ':gradle-build-conventions:generators:jar' as it is up-to-date.

> Configure project :analysis:analysis-api-fir
Using Kotlin Space bootstrap version 2.3.0-dev-10303 from https://redirector.kotlinlang.org/maven/bootstrap
Redirecting Kotlin/Native compiler download url
Evaluating project ':analysis:analysis-api-fir' using build file '/Users/aria/zaedalus/kotlin/analysis/analysis-api-fir/build.gradle.kts'.
Resolved plugin [id: 'org.jetbrains.kotlin.jvm', version: '2.3.0-dev-10303']
Resolved plugin [id: 'jps-compatible']
Resolved plugin [id: 'generated-sources']
Resolved plugin [id: 'java-test-fixtures']
Resolved plugin [id: 'project-tests-convention']
Ignoring listeners of task graph ready event, as this build (:gradle-build-conventions) has already executed work.
Using Kotlin Gradle Plugin gradle813 variant
kotlin scripting plugin: created the scripting discovery configuration: kotlinScriptDef
kotlin scripting plugin: created the scripting discovery configuration: testKotlinScriptDef
kotlin scripting plugin: created the scripting discovery configuration: testFixturesKotlinScriptDef

> Configure project :analysis:analysis-api-impl-base
Using Kotlin Space bootstrap version 2.3.0-dev-10303 from https://redirector.kotlinlang.org/maven/bootstrap
Redirecting Kotlin/Native compiler download url
Evaluating project ':analysis:analysis-api-impl-base' using build file '/Users/aria/zaedalus/kotlin/analysis/analysis-api-impl-base/build.gradle.kts'.
Resolved plugin [id: 'org.jetbrains.kotlin.jvm', version: '2.3.0-dev-10303']
Resolved plugin [id: 'jps-compatible']
Resolved plugin [id: 'java-test-fixtures']
Using Kotlin Gradle Plugin gradle813 variant
kotlin scripting plugin: created the scripting discovery configuration: kotlinScriptDef
kotlin scripting plugin: created the scripting discovery configuration: testKotlinScriptDef
kotlin scripting plugin: created the scripting discovery configuration: testFixturesKotlinScriptDef

> Configure project :analysis:analysis-api-platform-interface
Using Kotlin Space bootstrap version 2.3.0-dev-10303 from https://redirector.kotlinlang.org/maven/bootstrap
Redirecting Kotlin/Native compiler download url
Evaluating project ':analysis:analysis-api-platform-interface' using build file '/Users/aria/zaedalus/kotlin/analysis/analysis-api-platform-interface/build.gradle.kts'.
Resolved plugin [id: 'org.jetbrains.kotlin.jvm', version: '2.3.0-dev-10303']
Resolved plugin [id: 'jps-compatible']
Using Kotlin Gradle Plugin gradle813 variant
kotlin scripting plugin: created the scripting discovery configuration: kotlinScriptDef
kotlin scripting plugin: created the scripting discovery configuration: testKotlinScriptDef

> Configure project :analysis:analysis-api-standalone
Using Kotlin Space bootstrap version 2.3.0-dev-10303 from https://redirector.kotlinlang.org/maven/bootstrap
Redirecting Kotlin/Native compiler download url
Evaluating project ':analysis:analysis-api-standalone' using build file '/Users/aria/zaedalus/kotlin/analysis/analysis-api-standalone/build.gradle.kts'.
Resolved plugin [id: 'org.jetbrains.kotlin.jvm', version: '2.3.0-dev-10303']
Resolved plugin [id: 'jps-compatible']
Resolved plugin [id: 'java-test-fixtures']
Resolved plugin [id: 'project-tests-convention']
Using Kotlin Gradle Plugin gradle813 variant
kotlin scripting plugin: created the scripting discovery configuration: kotlinScriptDef
kotlin scripting plugin: created the scripting discovery configuration: testKotlinScriptDef
kotlin scripting plugin: created the scripting discovery configuration: testFixturesKotlinScriptDef

> Configure project :analysis:analysis-internal-utils
Using Kotlin Space bootstrap version 2.3.0-dev-10303 from https://redirector.kotlinlang.org/maven/bootstrap
Redirecting Kotlin/Native compiler download url
Evaluating project ':analysis:analysis-internal-utils' using build file '/Users/aria/zaedalus/kotlin/analysis/analysis-internal-utils/build.gradle.kts'.
Resolved plugin [id: 'org.jetbrains.kotlin.jvm', version: '2.3.0-dev-10303']
Resolved plugin [id: 'jps-compatible']
Using Kotlin Gradle Plugin gradle813 variant
kotlin scripting plugin: created the scripting discovery configuration: kotlinScriptDef
kotlin scripting plugin: created the scripting discovery configuration: testKotlinScriptDef

> Configure project :analysis:analysis-test-framework
Using Kotlin Space bootstrap version 2.3.0-dev-10303 from https://redirector.kotlinlang.org/maven/bootstrap
Redirecting Kotlin/Native compiler download url
Evaluating project ':analysis:analysis-test-framework' using build file '/Users/aria/zaedalus/kotlin/analysis/analysis-test-framework/build.gradle.kts'.
Resolved plugin [id: 'org.jetbrains.kotlin.jvm', version: '2.3.0-dev-10303']
Resolved plugin [id: 'jps-compatible']
Resolved plugin [id: 'java-test-fixtures']
Using Kotlin Gradle Plugin gradle813 variant
kotlin scripting plugin: created the scripting discovery configuration: kotlinScriptDef
kotlin scripting plugin: created the scripting discovery configuration: testKotlinScriptDef
kotlin scripting plugin: created the scripting discovery configuration: testFixturesKotlinScriptDef

> Configure project :analysis:analysis-tools
Using Kotlin Space bootstrap version 2.3.0-dev-10303 from https://redirector.kotlinlang.org/maven/bootstrap
Redirecting Kotlin/Native compiler download url
Evaluating project ':analysis:analysis-tools' using build file '/Users/aria/zaedalus/kotlin/analysis/analysis-tools/build.gradle'.

> Configure project :analysis:decompiled
Using Kotlin Space bootstrap version 2.3.0-dev-10303 from https://redirector.kotlinlang.org/maven/bootstrap
Redirecting Kotlin/Native compiler download url
Evaluating project ':analysis:decompiled' using build file '/Users/aria/zaedalus/kotlin/analysis/decompiled/build.gradle'.

> Configure project :analysis:kt-references
Using Kotlin Space bootstrap version 2.3.0-dev-10303 from https://redirector.kotlinlang.org/maven/bootstrap
Redirecting Kotlin/Native compiler download url
Evaluating project ':analysis:kt-references' using build file '/Users/aria/zaedalus/kotlin/analysis/kt-references/build.gradle.kts'.
Resolved plugin [id: 'org.jetbrains.kotlin.jvm', version: '2.3.0-dev-10303']
Resolved plugin [id: 'jps-compatible']
Using Kotlin Gradle Plugin gradle813 variant
kotlin scripting plugin: created the scripting discovery configuration: kotlinScriptDef
kotlin scripting plugin: created the scripting discovery configuration: testKotlinScriptDef

> Configure project :analysis:light-classes-base
Using Kotlin Space bootstrap version 2.3.0-dev-10303 from https://redirector.kotlinlang.org/maven/bootstrap
Redirecting Kotlin/Native compiler download url
Evaluating project ':analysis:light-classes-base' using build file '/Users/aria/zaedalus/kotlin/analysis/light-classes-base/build.gradle.kts'.
Resolved plugin [id: 'org.jetbrains.kotlin.jvm', version: '2.3.0-dev-10303']
Resolved plugin [id: 'jps-compatible']
Using Kotlin Gradle Plugin gradle813 variant
kotlin scripting plugin: created the scripting discovery configuration: kotlinScriptDef
kotlin scripting plugin: created the scripting discovery configuration: testKotlinScriptDef

> Configure project :analysis:low-level-api-fir
Using Kotlin Space bootstrap version 2.3.0-dev-10303 from https://redirector.kotlinlang.org/maven/bootstrap
Redirecting Kotlin/Native compiler download url
Evaluating project ':analysis:low-level-api-fir' using build file '/Users/aria/zaedalus/kotlin/analysis/low-level-api-fir/build.gradle.kts'.
Resolved plugin [id: 'org.jetbrains.kotlin.jvm', version: '2.3.0-dev-10303']
Resolved plugin [id: 'jps-compatible']
Resolved plugin [id: 'java-test-fixtures']
Resolved plugin [id: 'project-tests-convention']
Using Kotlin Gradle Plugin gradle813 variant
kotlin scripting plugin: created the scripting discovery configuration: kotlinScriptDef
kotlin scripting plugin: created the scripting discovery configuration: testKotlinScriptDef
kotlin scripting plugin: created the scripting discovery configuration: testFixturesKotlinScriptDef

> Configure project :analysis:stubs
Using Kotlin Space bootstrap version 2.3.0-dev-10303 from https://redirector.kotlinlang.org/maven/bootstrap
Redirecting Kotlin/Native compiler download url
Evaluating project ':analysis:stubs' using build file '/Users/aria/zaedalus/kotlin/analysis/stubs/build.gradle.kts'.
Resolved plugin [id: 'org.jetbrains.kotlin.jvm', version: '2.3.0-dev-10303']
Resolved plugin [id: 'jps-compatible']
Resolved plugin [id: 'java-test-fixtures']
Resolved plugin [id: 'project-tests-convention']
Using Kotlin Gradle Plugin gradle813 variant
kotlin scripting plugin: created the scripting discovery configuration: kotlinScriptDef
kotlin scripting plugin: created the scripting discovery configuration: testKotlinScriptDef
kotlin scripting plugin: created the scripting discovery configuration: testFixturesKotlinScriptDef

> Configure project :analysis:symbol-light-classes
Using Kotlin Space bootstrap version 2.3.0-dev-10303 from https://redirector.kotlinlang.org/maven/bootstrap
Redirecting Kotlin/Native compiler download url
Evaluating project ':analysis:symbol-light-classes' using build file '/Users/aria/zaedalus/kotlin/analysis/symbol-light-classes/build.gradle.kts'.
Resolved plugin [id: 'org.jetbrains.kotlin.jvm', version: '2.3.0-dev-10303']
Resolved plugin [id: 'jps-compatible']
Resolved plugin [id: 'java-test-fixtures']
Resolved plugin [id: 'project-tests-convention']
Using Kotlin Gradle Plugin gradle813 variant
kotlin scripting plugin: created the scripting discovery configuration: kotlinScriptDef
kotlin scripting plugin: created the scripting discovery configuration: testKotlinScriptDef
kotlin scripting plugin: created the scripting discovery configuration: testFixturesKotlinScriptDef

> Configure project :compiler:android-tests
Using Kotlin Space bootstrap version 2.3.0-dev-10303 from https://redirector.kotlinlang.org/maven/bootstrap
Redirecting Kotlin/Native compiler download url
Evaluating project ':compiler:android-tests' using build file '/Users/aria/zaedalus/kotlin/compiler/android-tests/build.gradle.kts'.
Resolved plugin [id: 'org.jetbrains.kotlin.jvm', version: '2.3.0-dev-10303']
Resolved plugin [id: 'jps-compatible']
Resolved plugin [id: 'android-sdk-provisioner']
Resolved plugin [id: 'project-tests-convention']
Using Kotlin Gradle Plugin gradle813 variant
kotlin scripting plugin: created the scripting discovery configuration: kotlinScriptDef
kotlin scripting plugin: created the scripting discovery configuration: testKotlinScriptDef
w: [33m[1m⚠️ Unsupported API dependency types in test source sets[0m[0m
API dependency types are used in test source sets
Dependencies:
    - com.jetbrains.intellij.platform:jps-model:251.27812.49 (source sets: test)
    - org.jetbrains.kotlin:backend:2.3.0-wit.1 (source sets: test)
    - org.jetbrains.kotlin:cli:2.3.0-wit.1 (source sets: test)
    - org.jetbrains.kotlin:descriptors.jvm:2.3.0-wit.1 (source sets: test)
    - org.jetbrains.kotlin:descriptors:2.3.0-wit.1 (source sets: test)
    - org.jetbrains.kotlin:frontend.java:2.3.0-wit.1 (source sets: test)
    - org.jetbrains.kotlin:frontend:2.3.0-wit.1 (source sets: test)
    - org.jetbrains.kotlin:incremental-compilation-impl:2.3.0-wit.1 (source sets: test)
    - org.jetbrains.kotlin:kotlin-stdlib:2.3.0-wit.1 (source sets: test)
    - org.jetbrains.kotlin:test-infrastructure-utils:2.3.0-wit.1 (source sets: test)
    - org.jetbrains.kotlin:test-infrastructure:2.3.0-wit.1 (source sets: test)
    - org.jetbrains.kotlin:tests-common-new:2.3.0-wit.1 (source sets: test)
    - org.jetbrains.kotlin:tests-common:2.3.0-wit.1 (source sets: test)
    - org.jetbrains.kotlin:tests-compiler-utils:2.3.0-wit.1 (source sets: test)
    - org.jetbrains.kotlin:util:2.3.0-wit.1 (source sets: test)

Adding API dependency types to test source sets is not supported and will removed in a future version of Kotlin.

API dependencies are transitively exposed to consumers, but test source sets should not be consumable.
[32m[1mSolutions:[0m[0m
[32m • [3mReplace API dependency types in test source sets with implementation dependencies.[0m[0m
[32m • [3mFor Kotlin/JVM projects, consider using Test Fixtures https://docs.gradle.org/current/userguide/java_testing.html#sec:java_test_fixtures[0m[0m
[32m • [3mFor Test Fixtures support in non-Kotlin/JVM projects, please add your use-case to https://youtrack.jetbrains.com/issue/KT-63142[0m[0m


> Configure project :compiler:arguments
Using Kotlin Space bootstrap version 2.3.0-dev-10303 from https://redirector.kotlinlang.org/maven/bootstrap
Redirecting Kotlin/Native compiler download url
Evaluating project ':compiler:arguments' using build file '/Users/aria/zaedalus/kotlin/compiler/arguments/build.gradle.kts'.
Resolved plugin [id: 'org.jetbrains.kotlin.jvm', version: '2.3.0-dev-10303']
Resolved plugin [id: 'org.jetbrains.kotlin.plugin.serialization', version: '2.3.0-dev-10303']
Resolved plugin [id: 'project-tests-convention']
Using Kotlin Gradle Plugin gradle813 variant
kotlin scripting plugin: created the scripting discovery configuration: kotlinScriptDef
kotlin scripting plugin: created the scripting discovery configuration: testKotlinScriptDef
w: [33m[1m⚠️ Unsupported API dependency types in test source sets[0m[0m
API dependency types are used in test source sets
Dependencies:
    - org.jetbrains.kotlin:kotlin-test:2.3.0-wit.1 (source sets: test)

Adding API dependency types to test source sets is not supported and will removed in a future version of Kotlin.

API dependencies are transitively exposed to consumers, but test source sets should not be consumable.
[32m[1mSolutions:[0m[0m
[32m • [3mReplace API dependency types in test source sets with implementation dependencies.[0m[0m
[32m • [3mFor Kotlin/JVM projects, consider using Test Fixtures https://docs.gradle.org/current/userguide/java_testing.html#sec:java_test_fixtures[0m[0m
[32m • [3mFor Test Fixtures support in non-Kotlin/JVM projects, please add your use-case to https://youtrack.jetbrains.com/issue/KT-63142[0m[0m


> Configure project :compiler:arguments.common
Using Kotlin Space bootstrap version 2.3.0-dev-10303 from https://redirector.kotlinlang.org/maven/bootstrap
Redirecting Kotlin/Native compiler download url
Evaluating project ':compiler:arguments.common' using build file '/Users/aria/zaedalus/kotlin/compiler/arguments.common/build.gradle.kts'.
Resolved plugin [id: 'org.jetbrains.kotlin.jvm', version: '2.3.0-dev-10303']
Resolved plugin [id: 'jps-compatible']
Resolved plugin [id: 'gradle-plugin-compiler-dependency-configuration']
Using Kotlin Gradle Plugin gradle813 variant
kotlin scripting plugin: created the scripting discovery configuration: kotlinScriptDef
kotlin scripting plugin: created the scripting discovery configuration: testKotlinScriptDef

> Configure project :compiler:backend
Using Kotlin Space bootstrap version 2.3.0-dev-10303 from https://redirector.kotlinlang.org/maven/bootstrap
Redirecting Kotlin/Native compiler download url
Evaluating project ':compiler:backend' using build file '/Users/aria/zaedalus/kotlin/compiler/backend/build.gradle.kts'.
Resolved plugin [id: 'org.jetbrains.kotlin.jvm', version: '2.3.0-dev-10303']
Resolved plugin [id: 'jps-compatible']
Using Kotlin Gradle Plugin gradle813 variant
kotlin scripting plugin: created the scripting discovery configuration: kotlinScriptDef
kotlin scripting plugin: created the scripting discovery configuration: testKotlinScriptDef

> Configure project :compiler:backend.common.jvm
Using Kotlin Space bootstrap version 2.3.0-dev-10303 from https://redirector.kotlinlang.org/maven/bootstrap
Redirecting Kotlin/Native compiler download url
Evaluating project ':compiler:backend.common.jvm' using build file '/Users/aria/zaedalus/kotlin/compiler/backend.common.jvm/build.gradle.kts'.
Resolved plugin [id: 'org.jetbrains.kotlin.jvm', version: '2.3.0-dev-10303']
Resolved plugin [id: 'jps-compatible']
Using Kotlin Gradle Plugin gradle813 variant
kotlin scripting plugin: created the scripting discovery configuration: kotlinScriptDef
kotlin scripting plugin: created the scripting discovery configuration: testKotlinScriptDef

> Configure project :compiler:backend.js
Using Kotlin Space bootstrap version 2.3.0-dev-10303 from https://redirector.kotlinlang.org/maven/bootstrap
Redirecting Kotlin/Native compiler download url
Evaluating project ':compiler:backend.js' using build file '/Users/aria/zaedalus/kotlin/compiler/ir/backend.js/build.gradle.kts'.
Resolved plugin [id: 'org.jetbrains.kotlin.jvm', version: '2.3.0-dev-10303']
Resolved plugin [id: 'jps-compatible']
Using Kotlin Gradle Plugin gradle813 variant
kotlin scripting plugin: created the scripting discovery configuration: kotlinScriptDef
kotlin scripting plugin: created the scripting discovery configuration: testKotlinScriptDef

> Configure project :compiler:backend.jvm
Using Kotlin Space bootstrap version 2.3.0-dev-10303 from https://redirector.kotlinlang.org/maven/bootstrap
Redirecting Kotlin/Native compiler download url
Evaluating project ':compiler:backend.jvm' using build file '/Users/aria/zaedalus/kotlin/compiler/ir/backend.jvm/build.gradle.kts'.
Resolved plugin [id: 'org.jetbrains.kotlin.jvm', version: '2.3.0-dev-10303']
Resolved plugin [id: 'jps-compatible']
Using Kotlin Gradle Plugin gradle813 variant
kotlin scripting plugin: created the scripting discovery configuration: kotlinScriptDef
kotlin scripting plugin: created the scripting discovery configuration: testKotlinScriptDef

> Configure project :compiler:backend.jvm.codegen
Using Kotlin Space bootstrap version 2.3.0-dev-10303 from https://redirector.kotlinlang.org/maven/bootstrap
Redirecting Kotlin/Native compiler download url
Evaluating project ':compiler:backend.jvm.codegen' using build file '/Users/aria/zaedalus/kotlin/compiler/ir/backend.jvm/codegen/build.gradle.kts'.
Resolved plugin [id: 'org.jetbrains.kotlin.jvm', version: '2.3.0-dev-10303']
Resolved plugin [id: 'jps-compatible']
Using Kotlin Gradle Plugin gradle813 variant
kotlin scripting plugin: created the scripting discovery configuration: kotlinScriptDef
kotlin scripting plugin: created the scripting discovery configuration: testKotlinScriptDef

> Configure project :compiler:backend.jvm.entrypoint
Using Kotlin Space bootstrap version 2.3.0-dev-10303 from https://redirector.kotlinlang.org/maven/bootstrap
Redirecting Kotlin/Native compiler download url
Evaluating project ':compiler:backend.jvm.entrypoint' using build file '/Users/aria/zaedalus/kotlin/compiler/ir/backend.jvm/entrypoint/build.gradle.kts'.
Resolved plugin [id: 'org.jetbrains.kotlin.jvm', version: '2.3.0-dev-10303']
Resolved plugin [id: 'jps-compatible']
Using Kotlin Gradle Plugin gradle813 variant
kotlin scripting plugin: created the scripting discovery configuration: kotlinScriptDef
kotlin scripting plugin: created the scripting discovery configuration: testKotlinScriptDef

> Configure project :compiler:backend.jvm.lower
Using Kotlin Space bootstrap version 2.3.0-dev-10303 from https://redirector.kotlinlang.org/maven/bootstrap
Redirecting Kotlin/Native compiler download url
Evaluating project ':compiler:backend.jvm.lower' using build file '/Users/aria/zaedalus/kotlin/compiler/ir/backend.jvm/lower/build.gradle.kts'.
Resolved plugin [id: 'org.jetbrains.kotlin.jvm', version: '2.3.0-dev-10303']
Resolved plugin [id: 'jps-compatible']
Resolved plugin [id: 'test-inputs-check']
Using Kotlin Gradle Plugin gradle813 variant
kotlin scripting plugin: created the scripting discovery configuration: kotlinScriptDef
kotlin scripting plugin: created the scripting discovery configuration: testKotlinScriptDef

> Configure project :compiler:backend.wasm
Using Kotlin Space bootstrap version 2.3.0-dev-10303 from https://redirector.kotlinlang.org/maven/bootstrap
Redirecting Kotlin/Native compiler download url
Evaluating project ':compiler:backend.wasm' using build file '/Users/aria/zaedalus/kotlin/compiler/ir/backend.wasm/build.gradle.kts'.
Resolved plugin [id: 'org.jetbrains.kotlin.jvm', version: '2.3.0-dev-10303']
Resolved plugin [id: 'jps-compatible']
Using Kotlin Gradle Plugin gradle813 variant
kotlin scripting plugin: created the scripting discovery configuration: kotlinScriptDef
kotlin scripting plugin: created the scripting discovery configuration: testKotlinScriptDef

> Configure project :compiler:build-tools
Using Kotlin Space bootstrap version 2.3.0-dev-10303 from https://redirector.kotlinlang.org/maven/bootstrap
Redirecting Kotlin/Native compiler download url
Evaluating project ':compiler:build-tools' using build file '/Users/aria/zaedalus/kotlin/compiler/build-tools/build.gradle'.

> Configure project :compiler:cli
Using Kotlin Space bootstrap version 2.3.0-dev-10303 from https://redirector.kotlinlang.org/maven/bootstrap
Redirecting Kotlin/Native compiler download url
Evaluating project ':compiler:cli' using build file '/Users/aria/zaedalus/kotlin/compiler/cli/build.gradle.kts'.
Resolved plugin [id: 'org.jetbrains.kotlin.jvm', version: '2.3.0-dev-10303']
Resolved plugin [id: 'jps-compatible']
Resolved plugin [id: 'gradle-plugin-compiler-dependency-configuration']
Using Kotlin Gradle Plugin gradle813 variant
kotlin scripting plugin: created the scripting discovery configuration: kotlinScriptDef
kotlin scripting plugin: created the scripting discovery configuration: testKotlinScriptDef

> Configure project :compiler:cli-base
Using Kotlin Space bootstrap version 2.3.0-dev-10303 from https://redirector.kotlinlang.org/maven/bootstrap
Redirecting Kotlin/Native compiler download url
Evaluating project ':compiler:cli-base' using build file '/Users/aria/zaedalus/kotlin/compiler/cli/cli-base/build.gradle.kts'.
Resolved plugin [id: 'org.jetbrains.kotlin.jvm', version: '2.3.0-dev-10303']
Resolved plugin [id: 'jps-compatible']
Resolved plugin [id: 'generated-sources']
Using Kotlin Gradle Plugin gradle813 variant
kotlin scripting plugin: created the scripting discovery configuration: kotlinScriptDef
kotlin scripting plugin: created the scripting discovery configuration: testKotlinScriptDef

> Configure project :compiler:cli-common
Using Kotlin Space bootstrap version 2.3.0-dev-10303 from https://redirector.kotlinlang.org/maven/bootstrap
Redirecting Kotlin/Native compiler download url
Evaluating project ':compiler:cli-common' using build file '/Users/aria/zaedalus/kotlin/compiler/cli/cli-common/build.gradle.kts'.
Resolved plugin [id: 'org.jetbrains.kotlin.jvm', version: '2.3.0-dev-10303']
Resolved plugin [id: 'jps-compatible']
Resolved plugin [id: 'gradle-plugin-compiler-dependency-configuration']
Resolved plugin [id: 'generated-sources']
Using Kotlin Gradle Plugin gradle813 variant
kotlin scripting plugin: created the scripting discovery configuration: kotlinScriptDef
kotlin scripting plugin: created the scripting discovery configuration: testKotlinScriptDef

> Configure project :compiler:cli-js
Using Kotlin Space bootstrap version 2.3.0-dev-10303 from https://redirector.kotlinlang.org/maven/bootstrap
Redirecting Kotlin/Native compiler download url
Evaluating project ':compiler:cli-js' using build file '/Users/aria/zaedalus/kotlin/compiler/cli/cli-js/build.gradle.kts'.
Resolved plugin [id: 'org.jetbrains.kotlin.jvm', version: '2.3.0-dev-10303']
Resolved plugin [id: 'jps-compatible']
Resolved plugin [id: 'share-kotlin-wasm-custom-formatters']
Using Kotlin Gradle Plugin gradle813 variant
kotlin scripting plugin: created the scripting discovery configuration: kotlinScriptDef
kotlin scripting plugin: created the scripting discovery configuration: testKotlinScriptDef

> Configure project :compiler:compiler.version
Using Kotlin Space bootstrap version 2.3.0-dev-10303 from https://redirector.kotlinlang.org/maven/bootstrap
Redirecting Kotlin/Native compiler download url
Evaluating project ':compiler:compiler.version' using build file '/Users/aria/zaedalus/kotlin/compiler/compiler.version/build.gradle.kts'.
Resolved plugin [id: 'org.gradle.java']
Resolved plugin [id: 'jps-compatible']
Resolved plugin [id: 'gradle-plugin-compiler-dependency-configuration']
Using Kotlin Gradle Plugin gradle813 variant
kotlin scripting plugin: created the scripting discovery configuration: kotlinScriptDef
kotlin scripting plugin: created the scripting discovery configuration: testKotlinScriptDef

> Configure project :compiler:config
Using Kotlin Space bootstrap version 2.3.0-dev-10303 from https://redirector.kotlinlang.org/maven/bootstrap
Redirecting Kotlin/Native compiler download url
Evaluating project ':compiler:config' using build file '/Users/aria/zaedalus/kotlin/compiler/config/build.gradle.kts'.
Resolved plugin [id: 'org.jetbrains.kotlin.jvm', version: '2.3.0-dev-10303']
Resolved plugin [id: 'jps-compatible']
Resolved plugin [id: 'gradle-plugin-compiler-dependency-configuration']
Resolved plugin [id: 'generated-sources']
Using Kotlin Gradle Plugin gradle813 variant
kotlin scripting plugin: created the scripting discovery configuration: kotlinScriptDef
kotlin scripting plugin: created the scripting discovery configuration: testKotlinScriptDef

> Configure project :compiler:config.jvm
Using Kotlin Space bootstrap version 2.3.0-dev-10303 from https://redirector.kotlinlang.org/maven/bootstrap
Redirecting Kotlin/Native compiler download url
Evaluating project ':compiler:config.jvm' using build file '/Users/aria/zaedalus/kotlin/compiler/config.jvm/build.gradle.kts'.
Resolved plugin [id: 'org.jetbrains.kotlin.jvm', version: '2.3.0-dev-10303']
Resolved plugin [id: 'jps-compatible']
Resolved plugin [id: 'gradle-plugin-compiler-dependency-configuration']
Resolved plugin [id: 'generated-sources']
Using Kotlin Gradle Plugin gradle813 variant
kotlin scripting plugin: created the scripting discovery configuration: kotlinScriptDef
kotlin scripting plugin: created the scripting discovery configuration: testKotlinScriptDef

> Configure project :compiler:container
Using Kotlin Space bootstrap version 2.3.0-dev-10303 from https://redirector.kotlinlang.org/maven/bootstrap
Redirecting Kotlin/Native compiler download url
Evaluating project ':compiler:container' using build file '/Users/aria/zaedalus/kotlin/compiler/container/build.gradle.kts'.
Resolved plugin [id: 'org.jetbrains.kotlin.jvm', version: '2.3.0-dev-10303']
Resolved plugin [id: 'jps-compatible']
Resolved plugin [id: 'test-inputs-check']
Resolved plugin [id: 'project-tests-convention']
Using Kotlin Gradle Plugin gradle813 variant
kotlin scripting plugin: created the scripting discovery configuration: kotlinScriptDef
kotlin scripting plugin: created the scripting discovery configuration: testKotlinScriptDef
w: [33m[1m⚠️ Unsupported API dependency types in test source sets[0m[0m
API dependency types are used in test source sets
Dependencies:
    - org.jetbrains.kotlin:kotlin-stdlib:2.3.0-wit.1 (source sets: test)
    - org.jetbrains.kotlin:kotlin-test:2.3.0-wit.1 (source sets: test)

Adding API dependency types to test source sets is not supported and will removed in a future version of Kotlin.

API dependencies are transitively exposed to consumers, but test source sets should not be consumable.
[32m[1mSolutions:[0m[0m
[32m • [3mReplace API dependency types in test source sets with implementation dependencies.[0m[0m
[32m • [3mFor Kotlin/JVM projects, consider using Test Fixtures https://docs.gradle.org/current/userguide/java_testing.html#sec:java_test_fixtures[0m[0m
[32m • [3mFor Test Fixtures support in non-Kotlin/JVM projects, please add your use-case to https://youtrack.jetbrains.com/issue/KT-63142[0m[0m


> Configure project :compiler:fir
Using Kotlin Space bootstrap version 2.3.0-dev-10303 from https://redirector.kotlinlang.org/maven/bootstrap
Redirecting Kotlin/Native compiler download url
Evaluating project ':compiler:fir' using build file '/Users/aria/zaedalus/kotlin/compiler/fir/build.gradle.kts'.

> Configure project :compiler:frontend
Using Kotlin Space bootstrap version 2.3.0-dev-10303 from https://redirector.kotlinlang.org/maven/bootstrap
Redirecting Kotlin/Native compiler download url
Evaluating project ':compiler:frontend' using build file '/Users/aria/zaedalus/kotlin/compiler/frontend/build.gradle.kts'.
Resolved plugin [id: 'org.jetbrains.kotlin.jvm', version: '2.3.0-dev-10303']
Resolved plugin [id: 'jps-compatible']
Using Kotlin Gradle Plugin gradle813 variant
kotlin scripting plugin: created the scripting discovery configuration: kotlinScriptDef
kotlin scripting plugin: created the scripting discovery configuration: testKotlinScriptDef

> Configure project :compiler:frontend.common
Using Kotlin Space bootstrap version 2.3.0-dev-10303 from https://redirector.kotlinlang.org/maven/bootstrap
Redirecting Kotlin/Native compiler download url
Evaluating project ':compiler:frontend.common' using build file '/Users/aria/zaedalus/kotlin/compiler/frontend.common/build.gradle.kts'.
Resolved plugin [id: 'org.jetbrains.kotlin.jvm', version: '2.3.0-dev-10303']
Resolved plugin [id: 'jps-compatible']
Using Kotlin Gradle Plugin gradle813 variant
kotlin scripting plugin: created the scripting discovery configuration: kotlinScriptDef
kotlin scripting plugin: created the scripting discovery configuration: testKotlinScriptDef

> Configure project :compiler:frontend.common-psi
Using Kotlin Space bootstrap version 2.3.0-dev-10303 from https://redirector.kotlinlang.org/maven/bootstrap
Redirecting Kotlin/Native compiler download url
Evaluating project ':compiler:frontend.common-psi' using build file '/Users/aria/zaedalus/kotlin/compiler/frontend.common-psi/build.gradle.kts'.
Resolved plugin [id: 'org.jetbrains.kotlin.jvm', version: '2.3.0-dev-10303']
Resolved plugin [id: 'jps-compatible']
Using Kotlin Gradle Plugin gradle813 variant
kotlin scripting plugin: created the scripting discovery configuration: kotlinScriptDef
kotlin scripting plugin: created the scripting discovery configuration: testKotlinScriptDef

> Configure project :compiler:frontend.common.jvm
Using Kotlin Space bootstrap version 2.3.0-dev-10303 from https://redirector.kotlinlang.org/maven/bootstrap
Redirecting Kotlin/Native compiler download url
Evaluating project ':compiler:frontend.common.jvm' using build file '/Users/aria/zaedalus/kotlin/compiler/frontend.common.jvm/build.gradle.kts'.
Resolved plugin [id: 'org.jetbrains.kotlin.jvm', version: '2.3.0-dev-10303']
Resolved plugin [id: 'jps-compatible']
Using Kotlin Gradle Plugin gradle813 variant
kotlin scripting plugin: created the scripting discovery configuration: kotlinScriptDef
kotlin scripting plugin: created the scripting discovery configuration: testKotlinScriptDef

> Configure project :compiler:frontend.java
Using Kotlin Space bootstrap version 2.3.0-dev-10303 from https://redirector.kotlinlang.org/maven/bootstrap
Redirecting Kotlin/Native compiler download url
Evaluating project ':compiler:frontend.java' using build file '/Users/aria/zaedalus/kotlin/compiler/frontend.java/build.gradle.kts'.
Resolved plugin [id: 'org.jetbrains.kotlin.jvm', version: '2.3.0-dev-10303']
Resolved plugin [id: 'jps-compatible']
Using Kotlin Gradle Plugin gradle813 variant
kotlin scripting plugin: created the scripting discovery configuration: kotlinScriptDef
kotlin scripting plugin: created the scripting discovery configuration: testKotlinScriptDef

> Configure project :compiler:incremental-compilation-impl
Using Kotlin Space bootstrap version 2.3.0-dev-10303 from https://redirector.kotlinlang.org/maven/bootstrap
Redirecting Kotlin/Native compiler download url
Evaluating project ':compiler:incremental-compilation-impl' using build file '/Users/aria/zaedalus/kotlin/compiler/incremental-compilation-impl/build.gradle.kts'.
Resolved plugin [id: 'org.jetbrains.kotlin.jvm', version: '2.3.0-dev-10303']
Resolved plugin [id: 'jps-compatible']
Resolved plugin [id: 'd8-configuration']
Resolved plugin [id: 'java-test-fixtures']
Resolved plugin [id: 'project-tests-convention']
Using Kotlin Gradle Plugin gradle813 variant
kotlin scripting plugin: created the scripting discovery configuration: kotlinScriptDef
kotlin scripting plugin: created the scripting discovery configuration: testKotlinScriptDef
kotlin scripting plugin: created the scripting discovery configuration: testFixturesKotlinScriptDef

> Configure project :compiler:ir.actualization
Using Kotlin Space bootstrap version 2.3.0-dev-10303 from https://redirector.kotlinlang.org/maven/bootstrap
Redirecting Kotlin/Native compiler download url
Evaluating project ':compiler:ir.actualization' using build file '/Users/aria/zaedalus/kotlin/compiler/ir/ir.actualization/build.gradle.kts'.
Resolved plugin [id: 'org.jetbrains.kotlin.jvm', version: '2.3.0-dev-10303']
Resolved plugin [id: 'jps-compatible']
Using Kotlin Gradle Plugin gradle813 variant
kotlin scripting plugin: created the scripting discovery configuration: kotlinScriptDef
kotlin scripting plugin: created the scripting discovery configuration: testKotlinScriptDef

> Configure project :compiler:ir.backend.common
Using Kotlin Space bootstrap version 2.3.0-dev-10303 from https://redirector.kotlinlang.org/maven/bootstrap
Redirecting Kotlin/Native compiler download url
Evaluating project ':compiler:ir.backend.common' using build file '/Users/aria/zaedalus/kotlin/compiler/ir/backend.common/build.gradle.kts'.
Resolved plugin [id: 'org.jetbrains.kotlin.jvm', version: '2.3.0-dev-10303']
Resolved plugin [id: 'jps-compatible']
Using Kotlin Gradle Plugin gradle813 variant
kotlin scripting plugin: created the scripting discovery configuration: kotlinScriptDef
kotlin scripting plugin: created the scripting discovery configuration: testKotlinScriptDef

> Configure project :compiler:ir.backend.native
Using Kotlin Space bootstrap version 2.3.0-dev-10303 from https://redirector.kotlinlang.org/maven/bootstrap
Redirecting Kotlin/Native compiler download url
Evaluating project ':compiler:ir.backend.native' using build file '/Users/aria/zaedalus/kotlin/compiler/ir/backend.native/build.gradle.kts'.
Resolved plugin [id: 'org.jetbrains.kotlin.jvm', version: '2.3.0-dev-10303']
Resolved plugin [id: 'jps-compatible']
Using Kotlin Gradle Plugin gradle813 variant
kotlin scripting plugin: created the scripting discovery configuration: kotlinScriptDef
kotlin scripting plugin: created the scripting discovery configuration: testKotlinScriptDef

> Configure project :compiler:ir.inline
Using Kotlin Space bootstrap version 2.3.0-dev-10303 from https://redirector.kotlinlang.org/maven/bootstrap
Redirecting Kotlin/Native compiler download url
Evaluating project ':compiler:ir.inline' using build file '/Users/aria/zaedalus/kotlin/compiler/ir/ir.inline/build.gradle.kts'.
Resolved plugin [id: 'org.jetbrains.kotlin.jvm', version: '2.3.0-dev-10303']
Resolved plugin [id: 'jps-compatible']
Using Kotlin Gradle Plugin gradle813 variant
kotlin scripting plugin: created the scripting discovery configuration: kotlinScriptDef
kotlin scripting plugin: created the scripting discovery configuration: testKotlinScriptDef

> Configure project :compiler:ir.interpreter
Using Kotlin Space bootstrap version 2.3.0-dev-10303 from https://redirector.kotlinlang.org/maven/bootstrap
Redirecting Kotlin/Native compiler download url
Evaluating project ':compiler:ir.interpreter' using build file '/Users/aria/zaedalus/kotlin/compiler/ir/ir.interpreter/build.gradle.kts'.
Resolved plugin [id: 'org.jetbrains.kotlin.jvm', version: '2.3.0-dev-10303']
Resolved plugin [id: 'jps-compatible']
Using Kotlin Gradle Plugin gradle813 variant
kotlin scripting plugin: created the scripting discovery configuration: kotlinScriptDef
kotlin scripting plugin: created the scripting discovery configuration: testKotlinScriptDef

> Configure project :compiler:ir.objcinterop
Using Kotlin Space bootstrap version 2.3.0-dev-10303 from https://redirector.kotlinlang.org/maven/bootstrap
Redirecting Kotlin/Native compiler download url
Evaluating project ':compiler:ir.objcinterop' using build file '/Users/aria/zaedalus/kotlin/compiler/ir/ir.objcinterop/build.gradle.kts'.
Resolved plugin [id: 'org.jetbrains.kotlin.jvm', version: '2.3.0-dev-10303']
Resolved plugin [id: 'jps-compatible']
Using Kotlin Gradle Plugin gradle813 variant
kotlin scripting plugin: created the scripting discovery configuration: kotlinScriptDef
kotlin scripting plugin: created the scripting discovery configuration: testKotlinScriptDef

> Configure project :compiler:ir.psi2ir
Using Kotlin Space bootstrap version 2.3.0-dev-10303 from https://redirector.kotlinlang.org/maven/bootstrap
Redirecting Kotlin/Native compiler download url
Evaluating project ':compiler:ir.psi2ir' using build file '/Users/aria/zaedalus/kotlin/compiler/ir/ir.psi2ir/build.gradle.kts'.
Resolved plugin [id: 'org.jetbrains.kotlin.jvm', version: '2.3.0-dev-10303']
Resolved plugin [id: 'jps-compatible']
Using Kotlin Gradle Plugin gradle813 variant
kotlin scripting plugin: created the scripting discovery configuration: kotlinScriptDef
kotlin scripting plugin: created the scripting discovery configuration: testKotlinScriptDef

> Configure project :compiler:ir.serialization.common
Using Kotlin Space bootstrap version 2.3.0-dev-10303 from https://redirector.kotlinlang.org/maven/bootstrap
Redirecting Kotlin/Native compiler download url
Evaluating project ':compiler:ir.serialization.common' using build file '/Users/aria/zaedalus/kotlin/compiler/ir/serialization.common/build.gradle.kts'.
Resolved plugin [id: 'org.jetbrains.kotlin.jvm', version: '2.3.0-dev-10303']
Resolved plugin [id: 'jps-compatible']
Resolved plugin [id: 'gradle-plugin-compiler-dependency-configuration']
Using Kotlin Gradle Plugin gradle813 variant
kotlin scripting plugin: created the scripting discovery configuration: kotlinScriptDef
kotlin scripting plugin: created the scripting discovery configuration: testKotlinScriptDef

> Configure project :compiler:ir.serialization.js
Using Kotlin Space bootstrap version 2.3.0-dev-10303 from https://redirector.kotlinlang.org/maven/bootstrap
Redirecting Kotlin/Native compiler download url
Evaluating project ':compiler:ir.serialization.js' using build file '/Users/aria/zaedalus/kotlin/compiler/ir/serialization.js/build.gradle.kts'.
Resolved plugin [id: 'org.jetbrains.kotlin.jvm', version: '2.3.0-dev-10303']
Resolved plugin [id: 'jps-compatible']
Using Kotlin Gradle Plugin gradle813 variant
kotlin scripting plugin: created the scripting discovery configuration: kotlinScriptDef
kotlin scripting plugin: created the scripting discovery configuration: testKotlinScriptDef

> Configure project :compiler:ir.serialization.jvm
Using Kotlin Space bootstrap version 2.3.0-dev-10303 from https://redirector.kotlinlang.org/maven/bootstrap
Redirecting Kotlin/Native compiler download url
Evaluating project ':compiler:ir.serialization.jvm' using build file '/Users/aria/zaedalus/kotlin/compiler/ir/serialization.jvm/build.gradle.kts'.
Resolved plugin [id: 'org.jetbrains.kotlin.jvm', version: '2.3.0-dev-10303']
Resolved plugin [id: 'jps-compatible']
Using Kotlin Gradle Plugin gradle813 variant
kotlin scripting plugin: created the scripting discovery configuration: kotlinScriptDef
kotlin scripting plugin: created the scripting discovery configuration: testKotlinScriptDef

> Configure project :compiler:ir.serialization.native
Using Kotlin Space bootstrap version 2.3.0-dev-10303 from https://redirector.kotlinlang.org/maven/bootstrap
Redirecting Kotlin/Native compiler download url
Evaluating project ':compiler:ir.serialization.native' using build file '/Users/aria/zaedalus/kotlin/compiler/ir/serialization.native/build.gradle.kts'.
Resolved plugin [id: 'org.jetbrains.kotlin.jvm', version: '2.3.0-dev-10303']
Resolved plugin [id: 'jps-compatible']
Using Kotlin Gradle Plugin gradle813 variant
kotlin scripting plugin: created the scripting discovery configuration: kotlinScriptDef
kotlin scripting plugin: created the scripting discovery configuration: testKotlinScriptDef

> Configure project :compiler:ir.tree
Using Kotlin Space bootstrap version 2.3.0-dev-10303 from https://redirector.kotlinlang.org/maven/bootstrap
Redirecting Kotlin/Native compiler download url
Evaluating project ':compiler:ir.tree' using build file '/Users/aria/zaedalus/kotlin/compiler/ir/ir.tree/build.gradle.kts'.
Resolved plugin [id: 'org.jetbrains.kotlin.jvm', version: '2.3.0-dev-10303']
Resolved plugin [id: 'jps-compatible']
Resolved plugin [id: 'generated-sources']
Using Kotlin Gradle Plugin gradle813 variant
kotlin scripting plugin: created the scripting discovery configuration: kotlinScriptDef
kotlin scripting plugin: created the scripting discovery configuration: testKotlinScriptDef

> Configure project :compiler:ir.validation
Using Kotlin Space bootstrap version 2.3.0-dev-10303 from https://redirector.kotlinlang.org/maven/bootstrap
Redirecting Kotlin/Native compiler download url
Evaluating project ':compiler:ir.validation' using build file '/Users/aria/zaedalus/kotlin/compiler/ir/ir.validation/build.gradle.kts'.
Resolved plugin [id: 'org.jetbrains.kotlin.jvm', version: '2.3.0-dev-10303']
Resolved plugin [id: 'jps-compatible']
Resolved plugin [id: 'test-inputs-check']
Using Kotlin Gradle Plugin gradle813 variant
kotlin scripting plugin: created the scripting discovery configuration: kotlinScriptDef
kotlin scripting plugin: created the scripting discovery configuration: testKotlinScriptDef

> Configure project :compiler:javac-wrapper
Using Kotlin Space bootstrap version 2.3.0-dev-10303 from https://redirector.kotlinlang.org/maven/bootstrap
Redirecting Kotlin/Native compiler download url
Evaluating project ':compiler:javac-wrapper' using build file '/Users/aria/zaedalus/kotlin/compiler/javac-wrapper/build.gradle.kts'.
Resolved plugin [id: 'org.jetbrains.kotlin.jvm', version: '2.3.0-dev-10303']
Resolved plugin [id: 'jps-compatible']
Using Kotlin Gradle Plugin gradle813 variant
kotlin scripting plugin: created the scripting discovery configuration: kotlinScriptDef
kotlin scripting plugin: created the scripting discovery configuration: testKotlinScriptDef

> Configure project :compiler:light-classes
Using Kotlin Space bootstrap version 2.3.0-dev-10303 from https://redirector.kotlinlang.org/maven/bootstrap
Redirecting Kotlin/Native compiler download url
Evaluating project ':compiler:light-classes' using build file '/Users/aria/zaedalus/kotlin/compiler/light-classes/build.gradle.kts'.
Resolved plugin [id: 'org.jetbrains.kotlin.jvm', version: '2.3.0-dev-10303']
Resolved plugin [id: 'jps-compatible']
Using Kotlin Gradle Plugin gradle813 variant
kotlin scripting plugin: created the scripting discovery configuration: kotlinScriptDef
kotlin scripting plugin: created the scripting discovery configuration: testKotlinScriptDef

> Configure project :compiler:multiplatform-parsing
Using Kotlin Space bootstrap version 2.3.0-dev-10303 from https://redirector.kotlinlang.org/maven/bootstrap
Redirecting Kotlin/Native compiler download url
Evaluating project ':compiler:multiplatform-parsing' using build file '/Users/aria/zaedalus/kotlin/compiler/multiplatform-parsing/build.gradle.kts'.
Resolved plugin [id: 'org.jetbrains.kotlin.multiplatform', version: '2.3.0-dev-10303']
Resolved plugin [id: 'generated-sources']
Using Kotlin Gradle Plugin gradle813 variant
kotlin scripting plugin: created the scripting discovery configuration: kotlinScriptDef
kotlin scripting plugin: created the scripting discovery configuration: testKotlinScriptDef
[KOTLIN] Storing cached files in /Users/aria/.gradle
w: [33m[1m⚠️ Unsupported API dependency types in test source sets[0m[0m
API dependency types are used in test source sets
Dependencies:
    - org.jetbrains.kotlin:kotlin-test:2.3.0-wit.1 (source sets: jvmTest)

Adding API dependency types to test source sets is not supported and will removed in a future version of Kotlin.

API dependencies are transitively exposed to consumers, but test source sets should not be consumable.
[32m[1mSolutions:[0m[0m
[32m • [3mReplace API dependency types in test source sets with implementation dependencies.[0m[0m
[32m • [3mFor Kotlin/JVM projects, consider using Test Fixtures https://docs.gradle.org/current/userguide/java_testing.html#sec:java_test_fixtures[0m[0m
[32m • [3mFor Test Fixtures support in non-Kotlin/JVM projects, please add your use-case to https://youtrack.jetbrains.com/issue/KT-63142[0m[0m


> Configure project :compiler:plugin-api
Using Kotlin Space bootstrap version 2.3.0-dev-10303 from https://redirector.kotlinlang.org/maven/bootstrap
Redirecting Kotlin/Native compiler download url
Evaluating project ':compiler:plugin-api' using build file '/Users/aria/zaedalus/kotlin/compiler/plugin-api/build.gradle.kts'.
Resolved plugin [id: 'org.jetbrains.kotlin.jvm', version: '2.3.0-dev-10303']
Resolved plugin [id: 'jps-compatible']
Resolved plugin [id: 'gradle-plugin-compiler-dependency-configuration']
Using Kotlin Gradle Plugin gradle813 variant
kotlin scripting plugin: created the scripting discovery configuration: kotlinScriptDef
kotlin scripting plugin: created the scripting discovery configuration: testKotlinScriptDef

> Configure project :compiler:psi
Using Kotlin Space bootstrap version 2.3.0-dev-10303 from https://redirector.kotlinlang.org/maven/bootstrap
Redirecting Kotlin/Native compiler download url
Evaluating project ':compiler:psi' using build file '/Users/aria/zaedalus/kotlin/compiler/psi/build.gradle'.

> Configure project :compiler:resolution
Using Kotlin Space bootstrap version 2.3.0-dev-10303 from https://redirector.kotlinlang.org/maven/bootstrap
Redirecting Kotlin/Native compiler download url
Evaluating project ':compiler:resolution' using build file '/Users/aria/zaedalus/kotlin/compiler/resolution/build.gradle.kts'.
Resolved plugin [id: 'org.jetbrains.kotlin.jvm', version: '2.3.0-dev-10303']
Resolved plugin [id: 'jps-compatible']
Using Kotlin Gradle Plugin gradle813 variant
kotlin scripting plugin: created the scripting discovery configuration: kotlinScriptDef
kotlin scripting plugin: created the scripting discovery configuration: testKotlinScriptDef

> Configure project :compiler:resolution.common
Using Kotlin Space bootstrap version 2.3.0-dev-10303 from https://redirector.kotlinlang.org/maven/bootstrap
Redirecting Kotlin/Native compiler download url
Evaluating project ':compiler:resolution.common' using build file '/Users/aria/zaedalus/kotlin/compiler/resolution.common/build.gradle.kts'.
Resolved plugin [id: 'org.jetbrains.kotlin.jvm', version: '2.3.0-dev-10303']
Resolved plugin [id: 'jps-compatible']
Using Kotlin Gradle Plugin gradle813 variant
kotlin scripting plugin: created the scripting discovery configuration: kotlinScriptDef
kotlin scripting plugin: created the scripting discovery configuration: testKotlinScriptDef

> Configure project :compiler:resolution.common.jvm
Using Kotlin Space bootstrap version 2.3.0-dev-10303 from https://redirector.kotlinlang.org/maven/bootstrap
Redirecting Kotlin/Native compiler download url
Evaluating project ':compiler:resolution.common.jvm' using build file '/Users/aria/zaedalus/kotlin/compiler/resolution.common.jvm/build.gradle.kts'.
Resolved plugin [id: 'org.jetbrains.kotlin.jvm', version: '2.3.0-dev-10303']
Resolved plugin [id: 'jps-compatible']
Using Kotlin Gradle Plugin gradle813 variant
kotlin scripting plugin: created the scripting discovery configuration: kotlinScriptDef
kotlin scripting plugin: created the scripting discovery configuration: testKotlinScriptDef

> Configure project :compiler:serialization
Using Kotlin Space bootstrap version 2.3.0-dev-10303 from https://redirector.kotlinlang.org/maven/bootstrap
Redirecting Kotlin/Native compiler download url
Evaluating project ':compiler:serialization' using build file '/Users/aria/zaedalus/kotlin/compiler/serialization/build.gradle.kts'.
Resolved plugin [id: 'org.jetbrains.kotlin.jvm', version: '2.3.0-dev-10303']
Resolved plugin [id: 'jps-compatible']
Using Kotlin Gradle Plugin gradle813 variant
kotlin scripting plugin: created the scripting discovery configuration: kotlinScriptDef
kotlin scripting plugin: created the scripting discovery configuration: testKotlinScriptDef

> Configure project :compiler:test-infrastructure
Using Kotlin Space bootstrap version 2.3.0-dev-10303 from https://redirector.kotlinlang.org/maven/bootstrap
Redirecting Kotlin/Native compiler download url
Evaluating project ':compiler:test-infrastructure' using build file '/Users/aria/zaedalus/kotlin/compiler/test-infrastructure/build.gradle.kts'.
Resolved plugin [id: 'org.jetbrains.kotlin.jvm', version: '2.3.0-dev-10303']
Resolved plugin [id: 'jps-compatible']
Resolved plugin [id: 'java-test-fixtures']
Using Kotlin Gradle Plugin gradle813 variant
kotlin scripting plugin: created the scripting discovery configuration: kotlinScriptDef
kotlin scripting plugin: created the scripting discovery configuration: testKotlinScriptDef
kotlin scripting plugin: created the scripting discovery configuration: testFixturesKotlinScriptDef

> Configure project :compiler:test-infrastructure-utils
Using Kotlin Space bootstrap version 2.3.0-dev-10303 from https://redirector.kotlinlang.org/maven/bootstrap
Redirecting Kotlin/Native compiler download url
Evaluating project ':compiler:test-infrastructure-utils' using build file '/Users/aria/zaedalus/kotlin/compiler/test-infrastructure-utils/build.gradle.kts'.
Resolved plugin [id: 'org.jetbrains.kotlin.jvm', version: '2.3.0-dev-10303']
Resolved plugin [id: 'jps-compatible']
Resolved plugin [id: 'java-test-fixtures']
Resolved plugin [id: 'project-tests-convention']
Resolved plugin [id: 'gradle-plugin-compiler-dependency-configuration']
Using Kotlin Gradle Plugin gradle813 variant
kotlin scripting plugin: created the scripting discovery configuration: kotlinScriptDef
kotlin scripting plugin: created the scripting discovery configuration: testKotlinScriptDef
kotlin scripting plugin: created the scripting discovery configuration: testFixturesKotlinScriptDef

> Configure project :compiler:test-security-manager
Using Kotlin Space bootstrap version 2.3.0-dev-10303 from https://redirector.kotlinlang.org/maven/bootstrap
Redirecting Kotlin/Native compiler download url
Evaluating project ':compiler:test-security-manager' using build file '/Users/aria/zaedalus/kotlin/compiler/test-security-manager/build.gradle.kts'.
Resolved plugin [id: 'org.jetbrains.kotlin.jvm', version: '2.3.0-dev-10303']
Resolved plugin [id: 'jps-compatible']
Using Kotlin Gradle Plugin gradle813 variant
kotlin scripting plugin: created the scripting discovery configuration: kotlinScriptDef
kotlin scripting plugin: created the scripting discovery configuration: testKotlinScriptDef

> Configure project :compiler:tests-against-klib
Using Kotlin Space bootstrap version 2.3.0-dev-10303 from https://redirector.kotlinlang.org/maven/bootstrap
Redirecting Kotlin/Native compiler download url
Evaluating project ':compiler:tests-against-klib' using build file '/Users/aria/zaedalus/kotlin/compiler/tests-against-klib/build.gradle.kts'.
Resolved plugin [id: 'org.jetbrains.kotlin.jvm', version: '2.3.0-dev-10303']
Resolved plugin [id: 'jps-compatible']
Resolved plugin [id: 'project-tests-convention']
Resolved plugin [id: 'test-inputs-check']
Resolved plugin [id: 'java-test-fixtures']
Using Kotlin Gradle Plugin gradle813 variant
kotlin scripting plugin: created the scripting discovery configuration: kotlinScriptDef
kotlin scripting plugin: created the scripting discovery configuration: testKotlinScriptDef
kotlin scripting plugin: created the scripting discovery configuration: testFixturesKotlinScriptDef

> Configure project :compiler:tests-common
Using Kotlin Space bootstrap version 2.3.0-dev-10303 from https://redirector.kotlinlang.org/maven/bootstrap
Redirecting Kotlin/Native compiler download url
Evaluating project ':compiler:tests-common' using build file '/Users/aria/zaedalus/kotlin/compiler/tests-common/build.gradle.kts'.
Resolved plugin [id: 'org.jetbrains.kotlin.jvm', version: '2.3.0-dev-10303']
Resolved plugin [id: 'jps-compatible']
Resolved plugin [id: 'java-test-fixtures']
Using Kotlin Gradle Plugin gradle813 variant
kotlin scripting plugin: created the scripting discovery configuration: kotlinScriptDef
kotlin scripting plugin: created the scripting discovery configuration: testKotlinScriptDef
kotlin scripting plugin: created the scripting discovery configuration: testFixturesKotlinScriptDef

> Configure project :compiler:tests-common-new
Using Kotlin Space bootstrap version 2.3.0-dev-10303 from https://redirector.kotlinlang.org/maven/bootstrap
Redirecting Kotlin/Native compiler download url
Evaluating project ':compiler:tests-common-new' using build file '/Users/aria/zaedalus/kotlin/compiler/tests-common-new/build.gradle.kts'.
Resolved plugin [id: 'org.jetbrains.kotlin.jvm', version: '2.3.0-dev-10303']
Resolved plugin [id: 'jps-compatible']
Resolved plugin [id: 'project-tests-convention']
Resolved plugin [id: 'test-inputs-check']
Resolved plugin [id: 'share-foreign-java-nullability-annotations']
Resolved plugin [id: 'java-test-fixtures']
Using Kotlin Gradle Plugin gradle813 variant
kotlin scripting plugin: created the scripting discovery configuration: kotlinScriptDef
kotlin scripting plugin: created the scripting discovery configuration: testKotlinScriptDef
kotlin scripting plugin: created the scripting discovery configuration: testFixturesKotlinScriptDef

> Configure project :compiler:tests-compiler-utils
Using Kotlin Space bootstrap version 2.3.0-dev-10303 from https://redirector.kotlinlang.org/maven/bootstrap
Redirecting Kotlin/Native compiler download url
Evaluating project ':compiler:tests-compiler-utils' using build file '/Users/aria/zaedalus/kotlin/compiler/tests-compiler-utils/build.gradle.kts'.
Resolved plugin [id: 'org.jetbrains.kotlin.jvm', version: '2.3.0-dev-10303']
Resolved plugin [id: 'jps-compatible']
Resolved plugin [id: 'java-test-fixtures']
Using Kotlin Gradle Plugin gradle813 variant
kotlin scripting plugin: created the scripting discovery configuration: kotlinScriptDef
kotlin scripting plugin: created the scripting discovery configuration: testKotlinScriptDef
kotlin scripting plugin: created the scripting discovery configuration: testFixturesKotlinScriptDef

> Configure project :compiler:tests-different-jdk
Using Kotlin Space bootstrap version 2.3.0-dev-10303 from https://redirector.kotlinlang.org/maven/bootstrap
Redirecting Kotlin/Native compiler download url
Evaluating project ':compiler:tests-different-jdk' using build file '/Users/aria/zaedalus/kotlin/compiler/tests-different-jdk/build.gradle.kts'.
Resolved plugin [id: 'org.jetbrains.kotlin.jvm', version: '2.3.0-dev-10303']
Resolved plugin [id: 'jps-compatible']
Resolved plugin [id: 'project-tests-convention']
Using Kotlin Gradle Plugin gradle813 variant
kotlin scripting plugin: created the scripting discovery configuration: kotlinScriptDef
kotlin scripting plugin: created the scripting discovery configuration: testKotlinScriptDef

> Configure project :compiler:tests-integration
Using Kotlin Space bootstrap version 2.3.0-dev-10303 from https://redirector.kotlinlang.org/maven/bootstrap
Redirecting Kotlin/Native compiler download url
Evaluating project ':compiler:tests-integration' using build file '/Users/aria/zaedalus/kotlin/compiler/tests-integration/build.gradle.kts'.
Resolved plugin [id: 'org.jetbrains.kotlin.jvm', version: '2.3.0-dev-10303']
Resolved plugin [id: 'jps-compatible']
Resolved plugin [id: 'java-test-fixtures']
Resolved plugin [id: 'project-tests-convention']
Using Kotlin Gradle Plugin gradle813 variant
kotlin scripting plugin: created the scripting discovery configuration: kotlinScriptDef
kotlin scripting plugin: created the scripting discovery configuration: testKotlinScriptDef
kotlin scripting plugin: created the scripting discovery configuration: testFixturesKotlinScriptDef

> Configure project :compiler:tests-java8
Using Kotlin Space bootstrap version 2.3.0-dev-10303 from https://redirector.kotlinlang.org/maven/bootstrap
Redirecting Kotlin/Native compiler download url
Evaluating project ':compiler:tests-java8' using build file '/Users/aria/zaedalus/kotlin/compiler/tests-java8/build.gradle.kts'.
Resolved plugin [id: 'org.jetbrains.kotlin.jvm', version: '2.3.0-dev-10303']
Resolved plugin [id: 'jps-compatible']
Resolved plugin [id: 'project-tests-convention']
Resolved plugin [id: 'test-inputs-check']
Resolved plugin [id: 'java-test-fixtures']
Using Kotlin Gradle Plugin gradle813 variant
kotlin scripting plugin: created the scripting discovery configuration: kotlinScriptDef
kotlin scripting plugin: created the scripting discovery configuration: testKotlinScriptDef
kotlin scripting plugin: created the scripting discovery configuration: testFixturesKotlinScriptDef

> Configure project :compiler:tests-mutes
Using Kotlin Space bootstrap version 2.3.0-dev-10303 from https://redirector.kotlinlang.org/maven/bootstrap
Redirecting Kotlin/Native compiler download url
Evaluating project ':compiler:tests-mutes' using build file '/Users/aria/zaedalus/kotlin/compiler/tests-mutes/build.gradle.kts'.
Resolved plugin [id: 'org.jetbrains.kotlin.jvm', version: '2.3.0-dev-10303']
Resolved plugin [id: 'jps-compatible']
Resolved plugin [id: 'gradle-plugin-compiler-dependency-configuration']
Using Kotlin Gradle Plugin gradle813 variant
kotlin scripting plugin: created the scripting discovery configuration: kotlinScriptDef
kotlin scripting plugin: created the scripting discovery configuration: testKotlinScriptDef

> Configure project :compiler:tests-spec
Using Kotlin Space bootstrap version 2.3.0-dev-10303 from https://redirector.kotlinlang.org/maven/bootstrap
Redirecting Kotlin/Native compiler download url
Evaluating project ':compiler:tests-spec' using build file '/Users/aria/zaedalus/kotlin/compiler/tests-spec/build.gradle.kts'.
Resolved plugin [id: 'org.jetbrains.kotlin.jvm', version: '2.3.0-dev-10303']
Resolved plugin [id: 'jps-compatible']
Resolved plugin [id: 'project-tests-convention']
Resolved plugin [id: 'test-inputs-check']
Resolved plugin [id: 'java-test-fixtures']
Using Kotlin Gradle Plugin gradle813 variant
kotlin scripting plugin: created the scripting discovery configuration: kotlinScriptDef
kotlin scripting plugin: created the scripting discovery configuration: testKotlinScriptDef
kotlin scripting plugin: created the scripting discovery configuration: testFixturesKotlinScriptDef

> Configure project :compiler:util
Using Kotlin Space bootstrap version 2.3.0-dev-10303 from https://redirector.kotlinlang.org/maven/bootstrap
Redirecting Kotlin/Native compiler download url
Evaluating project ':compiler:util' using build file '/Users/aria/zaedalus/kotlin/compiler/util/build.gradle.kts'.
Resolved plugin [id: 'org.jetbrains.kotlin.jvm', version: '2.3.0-dev-10303']
Resolved plugin [id: 'jps-compatible']
Resolved plugin [id: 'gradle-plugin-compiler-dependency-configuration']
Resolved plugin [id: 'project-tests-convention']
Resolved plugin [id: 'test-inputs-check']
Using Kotlin Gradle Plugin gradle813 variant
kotlin scripting plugin: created the scripting discovery configuration: kotlinScriptDef
kotlin scripting plugin: created the scripting discovery configuration: testKotlinScriptDef

> Configure project :core:compiler.common
Using Kotlin Space bootstrap version 2.3.0-dev-10303 from https://redirector.kotlinlang.org/maven/bootstrap
Redirecting Kotlin/Native compiler download url
Evaluating project ':core:compiler.common' using build file '/Users/aria/zaedalus/kotlin/core/compiler.common/build.gradle.kts'.
Resolved plugin [id: 'org.jetbrains.kotlin.jvm', version: '2.3.0-dev-10303']
Resolved plugin [id: 'jps-compatible']
Resolved plugin [id: 'gradle-plugin-compiler-dependency-configuration']
Using Kotlin Gradle Plugin gradle813 variant
kotlin scripting plugin: created the scripting discovery configuration: kotlinScriptDef
kotlin scripting plugin: created the scripting discovery configuration: testKotlinScriptDef

> Configure project :core:compiler.common.js
Using Kotlin Space bootstrap version 2.3.0-dev-10303 from https://redirector.kotlinlang.org/maven/bootstrap
Redirecting Kotlin/Native compiler download url
Evaluating project ':core:compiler.common.js' using build file '/Users/aria/zaedalus/kotlin/core/compiler.common.js/build.gradle.kts'.
Resolved plugin [id: 'org.jetbrains.kotlin.jvm', version: '2.3.0-dev-10303']
Resolved plugin [id: 'jps-compatible']
Using Kotlin Gradle Plugin gradle813 variant
kotlin scripting plugin: created the scripting discovery configuration: kotlinScriptDef
kotlin scripting plugin: created the scripting discovery configuration: testKotlinScriptDef

> Configure project :core:compiler.common.jvm
Using Kotlin Space bootstrap version 2.3.0-dev-10303 from https://redirector.kotlinlang.org/maven/bootstrap
Redirecting Kotlin/Native compiler download url
Evaluating project ':core:compiler.common.jvm' using build file '/Users/aria/zaedalus/kotlin/core/compiler.common.jvm/build.gradle.kts'.
Resolved plugin [id: 'org.jetbrains.kotlin.jvm', version: '2.3.0-dev-10303']
Resolved plugin [id: 'jps-compatible']
Resolved plugin [id: 'gradle-plugin-compiler-dependency-configuration']
Using Kotlin Gradle Plugin gradle813 variant
kotlin scripting plugin: created the scripting discovery configuration: kotlinScriptDef
kotlin scripting plugin: created the scripting discovery configuration: testKotlinScriptDef

> Configure project :core:compiler.common.native
Using Kotlin Space bootstrap version 2.3.0-dev-10303 from https://redirector.kotlinlang.org/maven/bootstrap
Redirecting Kotlin/Native compiler download url
Evaluating project ':core:compiler.common.native' using build file '/Users/aria/zaedalus/kotlin/core/compiler.common.native/build.gradle.kts'.
Resolved plugin [id: 'org.jetbrains.kotlin.jvm', version: '2.3.0-dev-10303']
Resolved plugin [id: 'jps-compatible']
Using Kotlin Gradle Plugin gradle813 variant
kotlin scripting plugin: created the scripting discovery configuration: kotlinScriptDef
kotlin scripting plugin: created the scripting discovery configuration: testKotlinScriptDef

> Configure project :core:compiler.common.wasm
Using Kotlin Space bootstrap version 2.3.0-dev-10303 from https://redirector.kotlinlang.org/maven/bootstrap
Redirecting Kotlin/Native compiler download url
Evaluating project ':core:compiler.common.wasm' using build file '/Users/aria/zaedalus/kotlin/core/compiler.common.wasm/build.gradle.kts'.
Resolved plugin [id: 'org.jetbrains.kotlin.jvm', version: '2.3.0-dev-10303']
Resolved plugin [id: 'jps-compatible']
Using Kotlin Gradle Plugin gradle813 variant
kotlin scripting plugin: created the scripting discovery configuration: kotlinScriptDef
kotlin scripting plugin: created the scripting discovery configuration: testKotlinScriptDef

> Configure project :core:compiler.common.web
Using Kotlin Space bootstrap version 2.3.0-dev-10303 from https://redirector.kotlinlang.org/maven/bootstrap
Redirecting Kotlin/Native compiler download url
Evaluating project ':core:compiler.common.web' using build file '/Users/aria/zaedalus/kotlin/core/compiler.common.web/build.gradle.kts'.
Resolved plugin [id: 'org.jetbrains.kotlin.jvm', version: '2.3.0-dev-10303']
Resolved plugin [id: 'jps-compatible']
Using Kotlin Gradle Plugin gradle813 variant
kotlin scripting plugin: created the scripting discovery configuration: kotlinScriptDef
kotlin scripting plugin: created the scripting discovery configuration: testKotlinScriptDef

> Configure project :core:descriptors
Using Kotlin Space bootstrap version 2.3.0-dev-10303 from https://redirector.kotlinlang.org/maven/bootstrap
Redirecting Kotlin/Native compiler download url
Evaluating project ':core:descriptors' using build file '/Users/aria/zaedalus/kotlin/core/descriptors/build.gradle.kts'.
Resolved plugin [id: 'org.jetbrains.kotlin.jvm', version: '2.3.0-dev-10303']
Resolved plugin [id: 'jps-compatible']
Resolved plugin [id: 'gradle-plugin-compiler-dependency-configuration']
Using Kotlin Gradle Plugin gradle813 variant
kotlin scripting plugin: created the scripting discovery configuration: kotlinScriptDef
kotlin scripting plugin: created the scripting discovery configuration: testKotlinScriptDef

> Configure project :core:descriptors.jvm
Using Kotlin Space bootstrap version 2.3.0-dev-10303 from https://redirector.kotlinlang.org/maven/bootstrap
Redirecting Kotlin/Native compiler download url
Evaluating project ':core:descriptors.jvm' using build file '/Users/aria/zaedalus/kotlin/core/descriptors.jvm/build.gradle.kts'.
Resolved plugin [id: 'org.jetbrains.kotlin.jvm', version: '2.3.0-dev-10303']
Resolved plugin [id: 'jps-compatible']
Using Kotlin Gradle Plugin gradle813 variant
kotlin scripting plugin: created the scripting discovery configuration: kotlinScriptDef
kotlin scripting plugin: created the scripting discovery configuration: testKotlinScriptDef

> Configure project :core:descriptors.runtime
Using Kotlin Space bootstrap version 2.3.0-dev-10303 from https://redirector.kotlinlang.org/maven/bootstrap
Redirecting Kotlin/Native compiler download url
Evaluating project ':core:descriptors.runtime' using build file '/Users/aria/zaedalus/kotlin/core/descriptors.runtime/build.gradle.kts'.
Resolved plugin [id: 'org.jetbrains.kotlin.jvm', version: '2.3.0-dev-10303']
Resolved plugin [id: 'java-test-fixtures']
Resolved plugin [id: 'jps-compatible']
Resolved plugin [id: 'project-tests-convention']
Resolved plugin [id: 'test-inputs-check']
Using Kotlin Gradle Plugin gradle813 variant
kotlin scripting plugin: created the scripting discovery configuration: kotlinScriptDef
kotlin scripting plugin: created the scripting discovery configuration: testKotlinScriptDef
kotlin scripting plugin: created the scripting discovery configuration: testFixturesKotlinScriptDef

> Configure project :core:deserialization
Using Kotlin Space bootstrap version 2.3.0-dev-10303 from https://redirector.kotlinlang.org/maven/bootstrap
Redirecting Kotlin/Native compiler download url
Evaluating project ':core:deserialization' using build file '/Users/aria/zaedalus/kotlin/core/deserialization/build.gradle.kts'.
Resolved plugin [id: 'org.jetbrains.kotlin.jvm', version: '2.3.0-dev-10303']
Resolved plugin [id: 'jps-compatible']
Using Kotlin Gradle Plugin gradle813 variant
kotlin scripting plugin: created the scripting discovery configuration: kotlinScriptDef
kotlin scripting plugin: created the scripting discovery configuration: testKotlinScriptDef

> Configure project :core:deserialization.common
Using Kotlin Space bootstrap version 2.3.0-dev-10303 from https://redirector.kotlinlang.org/maven/bootstrap
Redirecting Kotlin/Native compiler download url
Evaluating project ':core:deserialization.common' using build file '/Users/aria/zaedalus/kotlin/core/deserialization.common/build.gradle.kts'.
Resolved plugin [id: 'org.jetbrains.kotlin.jvm', version: '2.3.0-dev-10303']
Resolved plugin [id: 'jps-compatible']
Using Kotlin Gradle Plugin gradle813 variant
kotlin scripting plugin: created the scripting discovery configuration: kotlinScriptDef
kotlin scripting plugin: created the scripting discovery configuration: testKotlinScriptDef

> Configure project :core:deserialization.common.jvm
Using Kotlin Space bootstrap version 2.3.0-dev-10303 from https://redirector.kotlinlang.org/maven/bootstrap
Redirecting Kotlin/Native compiler download url
Evaluating project ':core:deserialization.common.jvm' using build file '/Users/aria/zaedalus/kotlin/core/deserialization.common.jvm/build.gradle.kts'.
Resolved plugin [id: 'org.jetbrains.kotlin.jvm', version: '2.3.0-dev-10303']
Resolved plugin [id: 'jps-compatible']
Using Kotlin Gradle Plugin gradle813 variant
kotlin scripting plugin: created the scripting discovery configuration: kotlinScriptDef
kotlin scripting plugin: created the scripting discovery configuration: testKotlinScriptDef

> Configure project :core:metadata
Using Kotlin Space bootstrap version 2.3.0-dev-10303 from https://redirector.kotlinlang.org/maven/bootstrap
Redirecting Kotlin/Native compiler download url
Evaluating project ':core:metadata' using build file '/Users/aria/zaedalus/kotlin/core/metadata/build.gradle.kts'.
Resolved plugin [id: 'org.jetbrains.kotlin.jvm', version: '2.3.0-dev-10303']
Resolved plugin [id: 'jps-compatible']
Resolved plugin [id: 'gradle-plugin-published-compiler-dependency-configuration']
Using Kotlin Gradle Plugin gradle813 variant
kotlin scripting plugin: created the scripting discovery configuration: kotlinScriptDef
kotlin scripting plugin: created the scripting discovery configuration: testKotlinScriptDef

> Configure project :core:metadata.jvm
Using Kotlin Space bootstrap version 2.3.0-dev-10303 from https://redirector.kotlinlang.org/maven/bootstrap
Redirecting Kotlin/Native compiler download url
Evaluating project ':core:metadata.jvm' using build file '/Users/aria/zaedalus/kotlin/core/metadata.jvm/build.gradle.kts'.
Resolved plugin [id: 'org.jetbrains.kotlin.jvm', version: '2.3.0-dev-10303']
Resolved plugin [id: 'jps-compatible']
Using Kotlin Gradle Plugin gradle813 variant
kotlin scripting plugin: created the scripting discovery configuration: kotlinScriptDef
kotlin scripting plugin: created the scripting discovery configuration: testKotlinScriptDef

> Configure project :core:util.runtime
Using Kotlin Space bootstrap version 2.3.0-dev-10303 from https://redirector.kotlinlang.org/maven/bootstrap
Redirecting Kotlin/Native compiler download url
Evaluating project ':core:util.runtime' using build file '/Users/aria/zaedalus/kotlin/core/util.runtime/build.gradle.kts'.
Resolved plugin [id: 'org.jetbrains.kotlin.jvm', version: '2.3.0-dev-10303']
Resolved plugin [id: 'jps-compatible']
Resolved plugin [id: 'gradle-plugin-compiler-dependency-configuration']
Using Kotlin Gradle Plugin gradle813 variant
kotlin scripting plugin: created the scripting discovery configuration: kotlinScriptDef
kotlin scripting plugin: created the scripting discovery configuration: testKotlinScriptDef

> Configure project :dependencies:android-sdk
Using Kotlin Space bootstrap version 2.3.0-dev-10303 from https://redirector.kotlinlang.org/maven/bootstrap
Redirecting Kotlin/Native compiler download url
Evaluating project ':dependencies:android-sdk' using build file '/Users/aria/zaedalus/kotlin/dependencies/android-sdk/build.gradle.kts'.

> Configure project :dependencies:bootstrap
Using Kotlin Space bootstrap version 2.3.0-dev-10303 from https://redirector.kotlinlang.org/maven/bootstrap
Redirecting Kotlin/Native compiler download url
Evaluating project ':dependencies:bootstrap' using build file '/Users/aria/zaedalus/kotlin/dependencies/bootstrap/build.gradle'.

> Configure project :dependencies:intellij-core
Using Kotlin Space bootstrap version 2.3.0-dev-10303 from https://redirector.kotlinlang.org/maven/bootstrap
Redirecting Kotlin/Native compiler download url
Evaluating project ':dependencies:intellij-core' using build file '/Users/aria/zaedalus/kotlin/dependencies/intellij-core/build.gradle.kts'.
Resolved plugin [id: 'org.gradle.java-library']

> Configure project :dependencies:tools-jar-api
Using Kotlin Space bootstrap version 2.3.0-dev-10303 from https://redirector.kotlinlang.org/maven/bootstrap
Redirecting Kotlin/Native compiler download url
Evaluating project ':dependencies:tools-jar-api' using build file '/Users/aria/zaedalus/kotlin/dependencies/tools-jar-api/build.gradle.kts'.
Resolved plugin [id: 'org.gradle.base']
Resolved plugin [id: 'org.gradle.java-base']

> Configure project :examples:annotation-processor-example
Using Kotlin Space bootstrap version 2.3.0-dev-10303 from https://redirector.kotlinlang.org/maven/bootstrap
Redirecting Kotlin/Native compiler download url
Evaluating project ':examples:annotation-processor-example' using build file '/Users/aria/zaedalus/kotlin/libraries/examples/annotation-processor-example/build.gradle.kts'.
Resolved plugin [id: 'org.jetbrains.kotlin.jvm', version: '2.3.0-dev-10303']
Resolved plugin [id: 'org.gradle.maven-publish']
Using Kotlin Gradle Plugin gradle813 variant
kotlin scripting plugin: created the scripting discovery configuration: kotlinScriptDef
kotlin scripting plugin: created the scripting discovery configuration: testKotlinScriptDef

> Configure project :examples:scripting-jvm-embeddable-host
Using Kotlin Space bootstrap version 2.3.0-dev-10303 from https://redirector.kotlinlang.org/maven/bootstrap
Redirecting Kotlin/Native compiler download url
Evaluating project ':examples:scripting-jvm-embeddable-host' using build file '/Users/aria/zaedalus/kotlin/libraries/examples/scripting/jvm-embeddable-host/build.gradle.kts'.
Resolved plugin [id: 'org.jetbrains.kotlin.jvm', version: '2.3.0-dev-10303']
Using Kotlin Gradle Plugin gradle813 variant
kotlin scripting plugin: created the scripting discovery configuration: kotlinScriptDef
kotlin scripting plugin: created the scripting discovery configuration: testKotlinScriptDef

> Configure project :examples:scripting-jvm-maven-deps
Using Kotlin Space bootstrap version 2.3.0-dev-10303 from https://redirector.kotlinlang.org/maven/bootstrap
Redirecting Kotlin/Native compiler download url
Evaluating project ':examples:scripting-jvm-maven-deps' using build file '/Users/aria/zaedalus/kotlin/libraries/examples/scripting/jvm-maven-deps/script/build.gradle.kts'.
Resolved plugin [id: 'org.jetbrains.kotlin.jvm', version: '2.3.0-dev-10303']
Using Kotlin Gradle Plugin gradle813 variant
kotlin scripting plugin: created the scripting discovery configuration: kotlinScriptDef
kotlin scripting plugin: created the scripting discovery configuration: testKotlinScriptDef

> Configure project :examples:scripting-jvm-maven-deps-host
Using Kotlin Space bootstrap version 2.3.0-dev-10303 from https://redirector.kotlinlang.org/maven/bootstrap
Redirecting Kotlin/Native compiler download url
Evaluating project ':examples:scripting-jvm-maven-deps-host' using build file '/Users/aria/zaedalus/kotlin/libraries/examples/scripting/jvm-maven-deps/host/build.gradle.kts'.
Resolved plugin [id: 'org.jetbrains.kotlin.jvm', version: '2.3.0-dev-10303']
Using Kotlin Gradle Plugin gradle813 variant
kotlin scripting plugin: created the scripting discovery configuration: kotlinScriptDef
kotlin scripting plugin: created the scripting discovery configuration: testKotlinScriptDef

> Configure project :examples:scripting-jvm-simple-script
Using Kotlin Space bootstrap version 2.3.0-dev-10303 from https://redirector.kotlinlang.org/maven/bootstrap
Redirecting Kotlin/Native compiler download url
Evaluating project ':examples:scripting-jvm-simple-script' using build file '/Users/aria/zaedalus/kotlin/libraries/examples/scripting/jvm-simple-script/script/build.gradle.kts'.
Resolved plugin [id: 'org.jetbrains.kotlin.jvm', version: '2.3.0-dev-10303']
Using Kotlin Gradle Plugin gradle813 variant
kotlin scripting plugin: created the scripting discovery configuration: kotlinScriptDef
kotlin scripting plugin: created the scripting discovery configuration: testKotlinScriptDef

> Configure project :examples:scripting-jvm-simple-script-host
Using Kotlin Space bootstrap version 2.3.0-dev-10303 from https://redirector.kotlinlang.org/maven/bootstrap
Redirecting Kotlin/Native compiler download url
Evaluating project ':examples:scripting-jvm-simple-script-host' using build file '/Users/aria/zaedalus/kotlin/libraries/examples/scripting/jvm-simple-script/host/build.gradle.kts'.
Resolved plugin [id: 'org.jetbrains.kotlin.jvm', version: '2.3.0-dev-10303']
Using Kotlin Gradle Plugin gradle813 variant
kotlin scripting plugin: created the scripting discovery configuration: kotlinScriptDef
kotlin scripting plugin: created the scripting discovery configuration: testKotlinScriptDef

> Configure project :generators:analysis-api-generator
Using Kotlin Space bootstrap version 2.3.0-dev-10303 from https://redirector.kotlinlang.org/maven/bootstrap
Redirecting Kotlin/Native compiler download url
Evaluating project ':generators:analysis-api-generator' using build file '/Users/aria/zaedalus/kotlin/generators/analysis-api-generator/build.gradle.kts'.
Resolved plugin [id: 'org.jetbrains.kotlin.jvm', version: '2.3.0-dev-10303']
Resolved plugin [id: 'jps-compatible']
Resolved plugin [id: 'java-test-fixtures']
Using Kotlin Gradle Plugin gradle813 variant
kotlin scripting plugin: created the scripting discovery configuration: kotlinScriptDef
kotlin scripting plugin: created the scripting discovery configuration: testKotlinScriptDef
kotlin scripting plugin: created the scripting discovery configuration: testFixturesKotlinScriptDef

> Configure project :generators:ide-iml-to-gradle-generator
Using Kotlin Space bootstrap version 2.3.0-dev-10303 from https://redirector.kotlinlang.org/maven/bootstrap
Redirecting Kotlin/Native compiler download url
Evaluating project ':generators:ide-iml-to-gradle-generator' using build file '/Users/aria/zaedalus/kotlin/generators/ide-iml-to-gradle-generator/build.gradle.kts'.
Resolved plugin [id: 'org.jetbrains.kotlin.jvm', version: '2.3.0-dev-10303']
Resolved plugin [id: 'jps-compatible']
Using Kotlin Gradle Plugin gradle813 variant
kotlin scripting plugin: created the scripting discovery configuration: kotlinScriptDef
kotlin scripting plugin: created the scripting discovery configuration: testKotlinScriptDef

> Configure project :generators:sir-tests-generator
Using Kotlin Space bootstrap version 2.3.0-dev-10303 from https://redirector.kotlinlang.org/maven/bootstrap
Redirecting Kotlin/Native compiler download url
Evaluating project ':generators:sir-tests-generator' using build file '/Users/aria/zaedalus/kotlin/generators/sir-tests-generator/build.gradle.kts'.
Resolved plugin [id: 'org.jetbrains.kotlin.jvm', version: '2.3.0-dev-10303']
Using Kotlin Gradle Plugin gradle813 variant
kotlin scripting plugin: created the scripting discovery configuration: kotlinScriptDef
kotlin scripting plugin: created the scripting discovery configuration: testKotlinScriptDef

> Configure project :generators:test-generator
Using Kotlin Space bootstrap version 2.3.0-dev-10303 from https://redirector.kotlinlang.org/maven/bootstrap
Redirecting Kotlin/Native compiler download url
Evaluating project ':generators:test-generator' using build file '/Users/aria/zaedalus/kotlin/generators/test-generator/build.gradle.kts'.
Resolved plugin [id: 'org.jetbrains.kotlin.jvm', version: '2.3.0-dev-10303']
Resolved plugin [id: 'jps-compatible']
Resolved plugin [id: 'java-test-fixtures']
Using Kotlin Gradle Plugin gradle813 variant
kotlin scripting plugin: created the scripting discovery configuration: kotlinScriptDef
kotlin scripting plugin: created the scripting discovery configuration: testKotlinScriptDef
kotlin scripting plugin: created the scripting discovery configuration: testFixturesKotlinScriptDef

> Configure project :generators:tree-generator-common
Using Kotlin Space bootstrap version 2.3.0-dev-10303 from https://redirector.kotlinlang.org/maven/bootstrap
Redirecting Kotlin/Native compiler download url
Evaluating project ':generators:tree-generator-common' using build file '/Users/aria/zaedalus/kotlin/generators/tree-generator-common/build.gradle.kts'.
Resolved plugin [id: 'org.jetbrains.kotlin.jvm', version: '2.3.0-dev-10303']
Resolved plugin [id: 'jps-compatible']
Using Kotlin Gradle Plugin gradle813 variant
kotlin scripting plugin: created the scripting discovery configuration: kotlinScriptDef
kotlin scripting plugin: created the scripting discovery configuration: testKotlinScriptDef

> Configure project :gradle:android-test-fixes
Using Kotlin Space bootstrap version 2.3.0-dev-10303 from https://redirector.kotlinlang.org/maven/bootstrap
Redirecting Kotlin/Native compiler download url
Evaluating project ':gradle:android-test-fixes' using build file '/Users/aria/zaedalus/kotlin/libraries/tools/gradle/android-test-fixes/build.gradle.kts'.
Resolved plugin [id: 'gradle-plugin-common-configuration']
Using Kotlin Gradle Plugin gradle813 variant
kotlin scripting plugin: created the scripting discovery configuration: kotlinScriptDef
kotlin scripting plugin: created the scripting discovery configuration: testKotlinScriptDef
kotlin scripting plugin: created the scripting discovery configuration: commonKotlinScriptDef
kotlin scripting plugin: created the scripting discovery configuration: gradle80KotlinScriptDef
kotlin scripting plugin: created the scripting discovery configuration: gradle81KotlinScriptDef
kotlin scripting plugin: created the scripting discovery configuration: gradle82KotlinScriptDef
kotlin scripting plugin: created the scripting discovery configuration: gradle85KotlinScriptDef
kotlin scripting plugin: created the scripting discovery configuration: gradle86KotlinScriptDef
kotlin scripting plugin: created the scripting discovery configuration: gradle88KotlinScriptDef
kotlin scripting plugin: created the scripting discovery configuration: gradle811KotlinScriptDef
kotlin scripting plugin: created the scripting discovery configuration: gradle813KotlinScriptDef
(dependency analysis) :gradle:android-test-fixes was already configured for the java-library plugin

> Configure project :gradle:documentation
Using Kotlin Space bootstrap version 2.3.0-dev-10303 from https://redirector.kotlinlang.org/maven/bootstrap
Redirecting Kotlin/Native compiler download url
Evaluating project ':gradle:documentation' using build file '/Users/aria/zaedalus/kotlin/libraries/tools/gradle/documentation/build.gradle.kts'.
Resolved plugin [id: 'gradle-plugins-documentation']

> Configure project :gradle:gradle-warnings-detector
Using Kotlin Space bootstrap version 2.3.0-dev-10303 from https://redirector.kotlinlang.org/maven/bootstrap
Redirecting Kotlin/Native compiler download url
Evaluating project ':gradle:gradle-warnings-detector' using build file '/Users/aria/zaedalus/kotlin/libraries/tools/gradle/gradle-warnings-detector/build.gradle.kts'.
Resolved plugin [id: 'gradle-plugin-common-configuration']
Using Kotlin Gradle Plugin gradle813 variant
kotlin scripting plugin: created the scripting discovery configuration: kotlinScriptDef
kotlin scripting plugin: created the scripting discovery configuration: testKotlinScriptDef
kotlin scripting plugin: created the scripting discovery configuration: commonKotlinScriptDef
kotlin scripting plugin: created the scripting discovery configuration: gradle80KotlinScriptDef
kotlin scripting plugin: created the scripting discovery configuration: gradle81KotlinScriptDef
kotlin scripting plugin: created the scripting discovery configuration: gradle82KotlinScriptDef
kotlin scripting plugin: created the scripting discovery configuration: gradle85KotlinScriptDef
kotlin scripting plugin: created the scripting discovery configuration: gradle86KotlinScriptDef
kotlin scripting plugin: created the scripting discovery configuration: gradle88KotlinScriptDef
kotlin scripting plugin: created the scripting discovery configuration: gradle811KotlinScriptDef
kotlin scripting plugin: created the scripting discovery configuration: gradle813KotlinScriptDef
(dependency analysis) :gradle:gradle-warnings-detector was already configured for the java-library plugin

> Configure project :gradle:kotlin-compiler-args-properties
Using Kotlin Space bootstrap version 2.3.0-dev-10303 from https://redirector.kotlinlang.org/maven/bootstrap
Redirecting Kotlin/Native compiler download url
Evaluating project ':gradle:kotlin-compiler-args-properties' using build file '/Users/aria/zaedalus/kotlin/libraries/tools/gradle/kotlin-compiler-args-properties/build.gradle.kts'.
Resolved plugin [id: 'gradle-plugin-common-configuration']
Using Kotlin Gradle Plugin gradle813 variant
kotlin scripting plugin: created the scripting discovery configuration: kotlinScriptDef
kotlin scripting plugin: created the scripting discovery configuration: testKotlinScriptDef
kotlin scripting plugin: created the scripting discovery configuration: commonKotlinScriptDef
kotlin scripting plugin: created the scripting discovery configuration: gradle80KotlinScriptDef
kotlin scripting plugin: created the scripting discovery configuration: gradle81KotlinScriptDef
kotlin scripting plugin: created the scripting discovery configuration: gradle82KotlinScriptDef
kotlin scripting plugin: created the scripting discovery configuration: gradle85KotlinScriptDef
kotlin scripting plugin: created the scripting discovery configuration: gradle86KotlinScriptDef
kotlin scripting plugin: created the scripting discovery configuration: gradle88KotlinScriptDef
kotlin scripting plugin: created the scripting discovery configuration: gradle811KotlinScriptDef
kotlin scripting plugin: created the scripting discovery configuration: gradle813KotlinScriptDef
(dependency analysis) :gradle:kotlin-compiler-args-properties was already configured for the java-library plugin

> Configure project :gradle:kotlin-gradle-ecosystem-plugin
Using Kotlin Space bootstrap version 2.3.0-dev-10303 from https://redirector.kotlinlang.org/maven/bootstrap
Redirecting Kotlin/Native compiler download url
Evaluating project ':gradle:kotlin-gradle-ecosystem-plugin' using build file '/Users/aria/zaedalus/kotlin/libraries/tools/gradle/kotlin-gradle-ecosystem-plugin/build.gradle.kts'.
Resolved plugin [id: 'gradle-plugin-common-configuration']
Resolved plugin [id: 'org.jetbrains.kotlinx.binary-compatibility-validator']
Using Kotlin Gradle Plugin gradle813 variant
kotlin scripting plugin: created the scripting discovery configuration: kotlinScriptDef
kotlin scripting plugin: created the scripting discovery configuration: testKotlinScriptDef
kotlin scripting plugin: created the scripting discovery configuration: commonKotlinScriptDef
kotlin scripting plugin: created the scripting discovery configuration: gradle80KotlinScriptDef
kotlin scripting plugin: created the scripting discovery configuration: gradle81KotlinScriptDef
kotlin scripting plugin: created the scripting discovery configuration: gradle82KotlinScriptDef
kotlin scripting plugin: created the scripting discovery configuration: gradle85KotlinScriptDef
kotlin scripting plugin: created the scripting discovery configuration: gradle86KotlinScriptDef
kotlin scripting plugin: created the scripting discovery configuration: gradle88KotlinScriptDef
kotlin scripting plugin: created the scripting discovery configuration: gradle811KotlinScriptDef
kotlin scripting plugin: created the scripting discovery configuration: gradle813KotlinScriptDef
(dependency analysis) :gradle:kotlin-gradle-ecosystem-plugin was already configured for the java-library plugin

> Configure project :gradle:regression-benchmark-templates
Using Kotlin Space bootstrap version 2.3.0-dev-10303 from https://redirector.kotlinlang.org/maven/bootstrap
Redirecting Kotlin/Native compiler download url
Evaluating project ':gradle:regression-benchmark-templates' using build file '/Users/aria/zaedalus/kotlin/libraries/tools/gradle/regression-benchmark-templates/build.gradle.kts'.
Resolved plugin [id: 'org.jetbrains.kotlin.jvm', version: '2.3.0-dev-10303']
Using Kotlin Gradle Plugin gradle813 variant
kotlin scripting plugin: created the scripting discovery configuration: kotlinScriptDef
kotlin scripting plugin: created the scripting discovery configuration: testKotlinScriptDef

> Configure project :gradle:regression-benchmarks
Using Kotlin Space bootstrap version 2.3.0-dev-10303 from https://redirector.kotlinlang.org/maven/bootstrap
Redirecting Kotlin/Native compiler download url
Evaluating project ':gradle:regression-benchmarks' using build file '/Users/aria/zaedalus/kotlin/libraries/tools/gradle/regression-benchmarks/build.gradle.kts'.
Resolved plugin [id: 'org.gradle.java-base']
Resolved plugin [id: 'android-sdk-provisioner']

> Configure project :jps:jps-common
Using Kotlin Space bootstrap version 2.3.0-dev-10303 from https://redirector.kotlinlang.org/maven/bootstrap
Redirecting Kotlin/Native compiler download url
Evaluating project ':jps:jps-common' using build file '/Users/aria/zaedalus/kotlin/jps/jps-common/build.gradle.kts'.
Resolved plugin [id: 'org.jetbrains.kotlin.jvm', version: '2.3.0-dev-10303']
Resolved plugin [id: 'jps-compatible']
Using Kotlin Gradle Plugin gradle813 variant
kotlin scripting plugin: created the scripting discovery configuration: kotlinScriptDef
kotlin scripting plugin: created the scripting discovery configuration: testKotlinScriptDef

> Configure project :jps:jps-platform-api-signatures
Using Kotlin Space bootstrap version 2.3.0-dev-10303 from https://redirector.kotlinlang.org/maven/bootstrap
Redirecting Kotlin/Native compiler download url
Evaluating project ':jps:jps-platform-api-signatures' using build file '/Users/aria/zaedalus/kotlin/jps/jps-platform-api-signatures/build.gradle.kts'.
Resolved plugin [id: 'org.jetbrains.kotlin.jvm', version: '2.3.0-dev-10303']
Resolved plugin [id: 'jps-compatible']
Using Kotlin Gradle Plugin gradle813 variant
kotlin scripting plugin: created the scripting discovery configuration: kotlinScriptDef
kotlin scripting plugin: created the scripting discovery configuration: testKotlinScriptDef

> Configure project :jps:jps-plugin
Using Kotlin Space bootstrap version 2.3.0-dev-10303 from https://redirector.kotlinlang.org/maven/bootstrap
Redirecting Kotlin/Native compiler download url
Evaluating project ':jps:jps-plugin' using build file '/Users/aria/zaedalus/kotlin/jps/jps-plugin/build.gradle.kts'.
Resolved plugin [id: 'org.jetbrains.kotlin.jvm', version: '2.3.0-dev-10303']
Resolved plugin [id: 'jps-compatible']
Resolved plugin [id: 'project-tests-convention']
Using Kotlin Gradle Plugin gradle813 variant
kotlin scripting plugin: created the scripting discovery configuration: kotlinScriptDef
kotlin scripting plugin: created the scripting discovery configuration: testKotlinScriptDef

> Configure project :js:js.ast
Using Kotlin Space bootstrap version 2.3.0-dev-10303 from https://redirector.kotlinlang.org/maven/bootstrap
Redirecting Kotlin/Native compiler download url
Evaluating project ':js:js.ast' using build file '/Users/aria/zaedalus/kotlin/js/js.ast/build.gradle.kts'.
Resolved plugin [id: 'org.jetbrains.kotlin.jvm', version: '2.3.0-dev-10303']
Resolved plugin [id: 'jps-compatible']
Using Kotlin Gradle Plugin gradle813 variant
kotlin scripting plugin: created the scripting discovery configuration: kotlinScriptDef
kotlin scripting plugin: created the scripting discovery configuration: testKotlinScriptDef

> Configure project :js:js.config
Using Kotlin Space bootstrap version 2.3.0-dev-10303 from https://redirector.kotlinlang.org/maven/bootstrap
Redirecting Kotlin/Native compiler download url
Evaluating project ':js:js.config' using build file '/Users/aria/zaedalus/kotlin/js/js.config/build.gradle.kts'.
Resolved plugin [id: 'org.jetbrains.kotlin.jvm', version: '2.3.0-dev-10303']
Resolved plugin [id: 'gradle-plugin-compiler-dependency-configuration']
Resolved plugin [id: 'jps-compatible']
Resolved plugin [id: 'generated-sources']
Using Kotlin Gradle Plugin gradle813 variant
kotlin scripting plugin: created the scripting discovery configuration: kotlinScriptDef
kotlin scripting plugin: created the scripting discovery configuration: testKotlinScriptDef

> Configure project :js:js.frontend
Using Kotlin Space bootstrap version 2.3.0-dev-10303 from https://redirector.kotlinlang.org/maven/bootstrap
Redirecting Kotlin/Native compiler download url
Evaluating project ':js:js.frontend' using build file '/Users/aria/zaedalus/kotlin/js/js.frontend/build.gradle.kts'.
Resolved plugin [id: 'org.jetbrains.kotlin.jvm', version: '2.3.0-dev-10303']
Resolved plugin [id: 'jps-compatible']
Using Kotlin Gradle Plugin gradle813 variant
kotlin scripting plugin: created the scripting discovery configuration: kotlinScriptDef
kotlin scripting plugin: created the scripting discovery configuration: testKotlinScriptDef

> Configure project :js:js.frontend.common
Using Kotlin Space bootstrap version 2.3.0-dev-10303 from https://redirector.kotlinlang.org/maven/bootstrap
Redirecting Kotlin/Native compiler download url
Evaluating project ':js:js.frontend.common' using build file '/Users/aria/zaedalus/kotlin/js/js.frontend.common/build.gradle.kts'.
Resolved plugin [id: 'org.jetbrains.kotlin.jvm', version: '2.3.0-dev-10303']
Resolved plugin [id: 'jps-compatible']
Using Kotlin Gradle Plugin gradle813 variant
kotlin scripting plugin: created the scripting discovery configuration: kotlinScriptDef
kotlin scripting plugin: created the scripting discovery configuration: testKotlinScriptDef

> Configure project :js:js.parser
Using Kotlin Space bootstrap version 2.3.0-dev-10303 from https://redirector.kotlinlang.org/maven/bootstrap
Redirecting Kotlin/Native compiler download url
Evaluating project ':js:js.parser' using build file '/Users/aria/zaedalus/kotlin/js/js.parser/build.gradle.kts'.
Resolved plugin [id: 'org.jetbrains.kotlin.jvm', version: '2.3.0-dev-10303']
Resolved plugin [id: 'jps-compatible']
Using Kotlin Gradle Plugin gradle813 variant
kotlin scripting plugin: created the scripting discovery configuration: kotlinScriptDef
kotlin scripting plugin: created the scripting discovery configuration: testKotlinScriptDef

> Configure project :js:js.serializer
Using Kotlin Space bootstrap version 2.3.0-dev-10303 from https://redirector.kotlinlang.org/maven/bootstrap
Redirecting Kotlin/Native compiler download url
Evaluating project ':js:js.serializer' using build file '/Users/aria/zaedalus/kotlin/js/js.serializer/build.gradle.kts'.
Resolved plugin [id: 'org.jetbrains.kotlin.jvm', version: '2.3.0-dev-10303']
Resolved plugin [id: 'jps-compatible']
Using Kotlin Gradle Plugin gradle813 variant
kotlin scripting plugin: created the scripting discovery configuration: kotlinScriptDef
kotlin scripting plugin: created the scripting discovery configuration: testKotlinScriptDef

> Configure project :js:js.sourcemap
Using Kotlin Space bootstrap version 2.3.0-dev-10303 from https://redirector.kotlinlang.org/maven/bootstrap
Redirecting Kotlin/Native compiler download url
Evaluating project ':js:js.sourcemap' using build file '/Users/aria/zaedalus/kotlin/js/js.sourcemap/build.gradle.kts'.
Resolved plugin [id: 'org.jetbrains.kotlin.jvm', version: '2.3.0-dev-10303']
Resolved plugin [id: 'jps-compatible']
Using Kotlin Gradle Plugin gradle813 variant
kotlin scripting plugin: created the scripting discovery configuration: kotlinScriptDef
kotlin scripting plugin: created the scripting discovery configuration: testKotlinScriptDef

> Configure project :js:js.tests
Using Kotlin Space bootstrap version 2.3.0-dev-10303 from https://redirector.kotlinlang.org/maven/bootstrap
Redirecting Kotlin/Native compiler download url
Evaluating project ':js:js.tests' using build file '/Users/aria/zaedalus/kotlin/js/js.tests/build.gradle.kts'.
Resolved plugin [id: 'org.jetbrains.kotlin.jvm', version: '2.3.0-dev-10303']
Resolved plugin [id: 'org.jetbrains.kotlin.plugin.serialization', version: '2.3.0-dev-10303']
Resolved plugin [id: 'jps-compatible']
Resolved plugin [id: 'com.github.node-gradle.node', version: '7.0.2']
Resolved plugin [id: 'd8-configuration']
Resolved plugin [id: 'java-test-fixtures']
Resolved plugin [id: 'project-tests-convention']
Using Kotlin Gradle Plugin gradle813 variant
kotlin scripting plugin: created the scripting discovery configuration: kotlinScriptDef
kotlin scripting plugin: created the scripting discovery configuration: testKotlinScriptDef
Starting process 'command 'uname''. Working directory: /Users/aria/zaedalus/kotlin Command: uname -m
Successfully started process 'command 'uname''
kotlin scripting plugin: created the scripting discovery configuration: testFixturesKotlinScriptDef

> Configure project :js:js.translator
Using Kotlin Space bootstrap version 2.3.0-dev-10303 from https://redirector.kotlinlang.org/maven/bootstrap
Redirecting Kotlin/Native compiler download url
Evaluating project ':js:js.translator' using build file '/Users/aria/zaedalus/kotlin/js/js.translator/build.gradle.kts'.
Resolved plugin [id: 'org.gradle.idea']
Resolved plugin [id: 'org.jetbrains.kotlin.jvm', version: '2.3.0-dev-10303']
Resolved plugin [id: 'jps-compatible']
Using Kotlin Gradle Plugin gradle813 variant
kotlin scripting plugin: created the scripting discovery configuration: kotlinScriptDef
kotlin scripting plugin: created the scripting discovery configuration: testKotlinScriptDef

> Configure project :js:typescript-export-model
Using Kotlin Space bootstrap version 2.3.0-dev-10303 from https://redirector.kotlinlang.org/maven/bootstrap
Redirecting Kotlin/Native compiler download url
Evaluating project ':js:typescript-export-model' using build file '/Users/aria/zaedalus/kotlin/js/typescript-export-model/build.gradle.kts'.
Resolved plugin [id: 'org.jetbrains.kotlin.jvm', version: '2.3.0-dev-10303']
Resolved plugin [id: 'jps-compatible']
Using Kotlin Gradle Plugin gradle813 variant
kotlin scripting plugin: created the scripting discovery configuration: kotlinScriptDef
kotlin scripting plugin: created the scripting discovery configuration: testKotlinScriptDef

> Configure project :js:typescript-printer
Using Kotlin Space bootstrap version 2.3.0-dev-10303 from https://redirector.kotlinlang.org/maven/bootstrap
Redirecting Kotlin/Native compiler download url
Evaluating project ':js:typescript-printer' using build file '/Users/aria/zaedalus/kotlin/js/typescript-printer/build.gradle.kts'.
Resolved plugin [id: 'org.jetbrains.kotlin.jvm', version: '2.3.0-dev-10303']
Resolved plugin [id: 'jps-compatible']
Using Kotlin Gradle Plugin gradle813 variant
kotlin scripting plugin: created the scripting discovery configuration: kotlinScriptDef
kotlin scripting plugin: created the scripting discovery configuration: testKotlinScriptDef

> Configure project :kotlin-stdlib:samples
Using Kotlin Space bootstrap version 2.3.0-dev-10303 from https://redirector.kotlinlang.org/maven/bootstrap
Redirecting Kotlin/Native compiler download url
Evaluating project ':kotlin-stdlib:samples' using build file '/Users/aria/zaedalus/kotlin/libraries/stdlib/samples/build.gradle.kts'.
Resolved plugin [id: 'org.jetbrains.kotlin.jvm', version: '2.3.0-dev-10303']
Using Kotlin Gradle Plugin gradle813 variant
kotlin scripting plugin: created the scripting discovery configuration: kotlinScriptDef
kotlin scripting plugin: created the scripting discovery configuration: testKotlinScriptDef
w: [33m[1m⚠️ Unsupported API dependency types in test source sets[0m[0m
API dependency types are used in test source sets
Dependencies:
    - org.jetbrains.kotlin:kotlin-test:2.3.0-wit.1 (source sets: test)

Adding API dependency types to test source sets is not supported and will removed in a future version of Kotlin.

API dependencies are transitively exposed to consumers, but test source sets should not be consumable.
[32m[1mSolutions:[0m[0m
[32m • [3mReplace API dependency types in test source sets with implementation dependencies.[0m[0m
[32m • [3mFor Kotlin/JVM projects, consider using Test Fixtures https://docs.gradle.org/current/userguide/java_testing.html#sec:java_test_fixtures[0m[0m
[32m • [3mFor Test Fixtures support in non-Kotlin/JVM projects, please add your use-case to https://youtrack.jetbrains.com/issue/KT-63142[0m[0m


> Configure project :kotlin-test:kotlin-test-js-it
Using Kotlin Space bootstrap version 2.3.0-dev-10303 from https://redirector.kotlinlang.org/maven/bootstrap
Redirecting Kotlin/Native compiler download url
Evaluating project ':kotlin-test:kotlin-test-js-it' using build file '/Users/aria/zaedalus/kotlin/libraries/kotlin.test/js/it/build.gradle.kts'.
Resolved plugin [id: 'org.jetbrains.kotlin.multiplatform', version: '2.3.0-dev-10303']
Resolved plugin [id: 'com.github.node-gradle.node', version: '7.0.2']
Resolved plugin [id: 'org.gradle.idea']
Resolved plugin [id: 'nodejs-cache-redirector-configuration']
Using Kotlin Gradle Plugin gradle813 variant
Starting process 'command 'uname''. Working directory: /Users/aria/zaedalus/kotlin Command: uname -m
Successfully started process 'command 'uname''

> Configure project :libraries:kotlin-prepush-hook
Using Kotlin Space bootstrap version 2.3.0-dev-10303 from https://redirector.kotlinlang.org/maven/bootstrap
Redirecting Kotlin/Native compiler download url
Evaluating project ':libraries:kotlin-prepush-hook' using build file '/Users/aria/zaedalus/kotlin/libraries/tools/kotlin-prepush-hook/build.gradle.kts'.

> Configure project :libraries:tools
Using Kotlin Space bootstrap version 2.3.0-dev-10303 from https://redirector.kotlinlang.org/maven/bootstrap
Redirecting Kotlin/Native compiler download url
Evaluating project ':libraries:tools' using build file '/Users/aria/zaedalus/kotlin/libraries/tools/build.gradle'.

> Configure project :native:analysis-api-based-export-common
Using Kotlin Space bootstrap version 2.3.0-dev-10303 from https://redirector.kotlinlang.org/maven/bootstrap
Redirecting Kotlin/Native compiler download url
Evaluating project ':native:analysis-api-based-export-common' using build file '/Users/aria/zaedalus/kotlin/native/analysis-api-based-export-common/build.gradle.kts'.
Resolved plugin [id: 'org.jetbrains.kotlin.jvm', version: '2.3.0-dev-10303']
Resolved plugin [id: 'jps-compatible']
Using Kotlin Gradle Plugin gradle813 variant
kotlin scripting plugin: created the scripting discovery configuration: kotlinScriptDef
kotlin scripting plugin: created the scripting discovery configuration: testKotlinScriptDef

> Configure project :native:analysis-api-based-test-utils
Using Kotlin Space bootstrap version 2.3.0-dev-10303 from https://redirector.kotlinlang.org/maven/bootstrap
Redirecting Kotlin/Native compiler download url
Evaluating project ':native:analysis-api-based-test-utils' using build file '/Users/aria/zaedalus/kotlin/native/analysis-api-based-test-utils/build.gradle.kts'.
Resolved plugin [id: 'org.jetbrains.kotlin.jvm', version: '2.3.0-dev-10303']
Resolved plugin [id: 'jps-compatible']
Using Kotlin Gradle Plugin gradle813 variant
kotlin scripting plugin: created the scripting discovery configuration: kotlinScriptDef
kotlin scripting plugin: created the scripting discovery configuration: testKotlinScriptDef

> Configure project :native:base
Using Kotlin Space bootstrap version 2.3.0-dev-10303 from https://redirector.kotlinlang.org/maven/bootstrap
Redirecting Kotlin/Native compiler download url
Evaluating project ':native:base' using build file '/Users/aria/zaedalus/kotlin/native/base/build.gradle.kts'.
Resolved plugin [id: 'org.jetbrains.kotlin.jvm', version: '2.3.0-dev-10303']
Using Kotlin Gradle Plugin gradle813 variant
kotlin scripting plugin: created the scripting discovery configuration: kotlinScriptDef
kotlin scripting plugin: created the scripting discovery configuration: testKotlinScriptDef

> Configure project :native:binary-options
Using Kotlin Space bootstrap version 2.3.0-dev-10303 from https://redirector.kotlinlang.org/maven/bootstrap
Redirecting Kotlin/Native compiler download url
Evaluating project ':native:binary-options' using build file '/Users/aria/zaedalus/kotlin/native/binary-options/build.gradle.kts'.
Resolved plugin [id: 'org.jetbrains.kotlin.jvm', version: '2.3.0-dev-10303']
Using Kotlin Gradle Plugin gradle813 variant
kotlin scripting plugin: created the scripting discovery configuration: kotlinScriptDef
kotlin scripting plugin: created the scripting discovery configuration: testKotlinScriptDef

> Configure project :native:executors
Using Kotlin Space bootstrap version 2.3.0-dev-10303 from https://redirector.kotlinlang.org/maven/bootstrap
Redirecting Kotlin/Native compiler download url
Evaluating project ':native:executors' using build file '/Users/aria/zaedalus/kotlin/native/executors/build.gradle.kts'.
Resolved plugin [id: 'org.jetbrains.kotlin.jvm', version: '2.3.0-dev-10303']
Using Kotlin Gradle Plugin gradle813 variant
kotlin scripting plugin: created the scripting discovery configuration: kotlinScriptDef
kotlin scripting plugin: created the scripting discovery configuration: testKotlinScriptDef

> Configure project :native:external-projects-test-utils
Using Kotlin Space bootstrap version 2.3.0-dev-10303 from https://redirector.kotlinlang.org/maven/bootstrap
Redirecting Kotlin/Native compiler download url
Evaluating project ':native:external-projects-test-utils' using build file '/Users/aria/zaedalus/kotlin/native/external-projects-test-utils/build.gradle.kts'.
Resolved plugin [id: 'org.jetbrains.kotlin.jvm', version: '2.3.0-dev-10303']
Resolved plugin [id: 'jps-compatible']
Using Kotlin Gradle Plugin gradle813 variant
kotlin scripting plugin: created the scripting discovery configuration: kotlinScriptDef
kotlin scripting plugin: created the scripting discovery configuration: testKotlinScriptDef

> Configure project :native:frontend.native
Using Kotlin Space bootstrap version 2.3.0-dev-10303 from https://redirector.kotlinlang.org/maven/bootstrap
Redirecting Kotlin/Native compiler download url
Evaluating project ':native:frontend.native' using build file '/Users/aria/zaedalus/kotlin/native/frontend/build.gradle.kts'.
Resolved plugin [id: 'org.jetbrains.kotlin.jvm', version: '2.3.0-dev-10303']
Resolved plugin [id: 'jps-compatible']
Using Kotlin Gradle Plugin gradle813 variant
kotlin scripting plugin: created the scripting discovery configuration: kotlinScriptDef
kotlin scripting plugin: created the scripting discovery configuration: testKotlinScriptDef

> Configure project :native:kotlin-klib-commonizer
Using Kotlin Space bootstrap version 2.3.0-dev-10303 from https://redirector.kotlinlang.org/maven/bootstrap
Redirecting Kotlin/Native compiler download url
Evaluating project ':native:kotlin-klib-commonizer' using build file '/Users/aria/zaedalus/kotlin/native/commonizer/build.gradle.kts'.
Resolved plugin [id: 'org.jetbrains.kotlin.jvm', version: '2.3.0-dev-10303']
Resolved plugin [id: 'project-tests-convention']
Using Kotlin Gradle Plugin gradle813 variant
kotlin scripting plugin: created the scripting discovery configuration: kotlinScriptDef
kotlin scripting plugin: created the scripting discovery configuration: testKotlinScriptDef
w: [33m[1m⚠️ Unsupported API dependency types in test source sets[0m[0m
API dependency types are used in test source sets
Dependencies:
    - org.jetbrains.kotlin:intellij-core:2.3.0-wit.1 (source sets: test)

Adding API dependency types to test source sets is not supported and will removed in a future version of Kotlin.

API dependencies are transitively exposed to consumers, but test source sets should not be consumable.
[32m[1mSolutions:[0m[0m
[32m • [3mReplace API dependency types in test source sets with implementation dependencies.[0m[0m
[32m • [3mFor Kotlin/JVM projects, consider using Test Fixtures https://docs.gradle.org/current/userguide/java_testing.html#sec:java_test_fixtures[0m[0m
[32m • [3mFor Test Fixtures support in non-Kotlin/JVM projects, please add your use-case to https://youtrack.jetbrains.com/issue/KT-63142[0m[0m


> Configure project :native:kotlin-klib-commonizer-api
Using Kotlin Space bootstrap version 2.3.0-dev-10303 from https://redirector.kotlinlang.org/maven/bootstrap
Redirecting Kotlin/Native compiler download url
Evaluating project ':native:kotlin-klib-commonizer-api' using build file '/Users/aria/zaedalus/kotlin/native/commonizer-api/build.gradle.kts'.
Resolved plugin [id: 'org.jetbrains.kotlin.jvm', version: '2.3.0-dev-10303']
Resolved plugin [id: 'gradle-plugin-published-compiler-dependency-configuration']
Resolved plugin [id: 'project-tests-convention']
Using Kotlin Gradle Plugin gradle813 variant
kotlin scripting plugin: created the scripting discovery configuration: kotlinScriptDef
kotlin scripting plugin: created the scripting discovery configuration: testKotlinScriptDef

> Configure project :native:kotlin-klib-commonizer-embeddable
Using Kotlin Space bootstrap version 2.3.0-dev-10303 from https://redirector.kotlinlang.org/maven/bootstrap
Redirecting Kotlin/Native compiler download url
Evaluating project ':native:kotlin-klib-commonizer-embeddable' using build file '/Users/aria/zaedalus/kotlin/native/commonizer-embeddable/build.gradle.kts'.
Resolved plugin [id: 'org.gradle.java']

> Configure project :native:kotlin-native-utils
Using Kotlin Space bootstrap version 2.3.0-dev-10303 from https://redirector.kotlinlang.org/maven/bootstrap
Redirecting Kotlin/Native compiler download url
Evaluating project ':native:kotlin-native-utils' using build file '/Users/aria/zaedalus/kotlin/native/utils/build.gradle.kts'.
Resolved plugin [id: 'org.jetbrains.kotlin.jvm', version: '2.3.0-dev-10303']
Resolved plugin [id: 'jps-compatible']
Using Kotlin Gradle Plugin gradle813 variant
kotlin scripting plugin: created the scripting discovery configuration: kotlinScriptDef
kotlin scripting plugin: created the scripting discovery configuration: testKotlinScriptDef

> Configure project :native:native.tests
Using Kotlin Space bootstrap version 2.3.0-dev-10303 from https://redirector.kotlinlang.org/maven/bootstrap
Redirecting Kotlin/Native compiler download url
Evaluating project ':native:native.tests' using build file '/Users/aria/zaedalus/kotlin/native/native.tests/build.gradle.kts'.
Resolved plugin [id: 'org.jetbrains.kotlin.jvm', version: '2.3.0-dev-10303']
Resolved plugin [id: 'jps-compatible']
Resolved plugin [id: 'java-test-fixtures']
Resolved plugin [id: 'project-tests-convention']
Using Kotlin Gradle Plugin gradle813 variant
kotlin scripting plugin: created the scripting discovery configuration: kotlinScriptDef
kotlin scripting plugin: created the scripting discovery configuration: testKotlinScriptDef
kotlin scripting plugin: created the scripting discovery configuration: testFixturesKotlinScriptDef

> Configure project :native:objcexport-header-generator
Using Kotlin Space bootstrap version 2.3.0-dev-10303 from https://redirector.kotlinlang.org/maven/bootstrap
Redirecting Kotlin/Native compiler download url
Evaluating project ':native:objcexport-header-generator' using build file '/Users/aria/zaedalus/kotlin/native/objcexport-header-generator/build.gradle.kts'.
Resolved plugin [id: 'org.jetbrains.kotlin.jvm', version: '2.3.0-dev-10303']
Resolved plugin [id: 'project-tests-convention']
Using Kotlin Gradle Plugin gradle813 variant
kotlin scripting plugin: created the scripting discovery configuration: kotlinScriptDef
kotlin scripting plugin: created the scripting discovery configuration: testKotlinScriptDef
w: [33m[1m⚠️ Unsupported API dependency types in test source sets[0m[0m
API dependency types are used in test source sets
Dependencies:
    - org.jetbrains.kotlin:tests-common:2.3.0-wit.1 (source sets: test)

Adding API dependency types to test source sets is not supported and will removed in a future version of Kotlin.

API dependencies are transitively exposed to consumers, but test source sets should not be consumable.
[32m[1mSolutions:[0m[0m
[32m • [3mReplace API dependency types in test source sets with implementation dependencies.[0m[0m
[32m • [3mFor Kotlin/JVM projects, consider using Test Fixtures https://docs.gradle.org/current/userguide/java_testing.html#sec:java_test_fixtures[0m[0m
[32m • [3mFor Test Fixtures support in non-Kotlin/JVM projects, please add your use-case to https://youtrack.jetbrains.com/issue/KT-63142[0m[0m


> Configure project :native:objcexport-header-generator-analysis-api
Using Kotlin Space bootstrap version 2.3.0-dev-10303 from https://redirector.kotlinlang.org/maven/bootstrap
Redirecting Kotlin/Native compiler download url
Evaluating project ':native:objcexport-header-generator-analysis-api' using build file '/Users/aria/zaedalus/kotlin/native/objcexport-header-generator/impl/analysis-api/build.gradle.kts'.
Resolved plugin [id: 'org.jetbrains.kotlin.jvm', version: '2.3.0-dev-10303']
Resolved plugin [id: 'project-tests-convention']
Using Kotlin Gradle Plugin gradle813 variant
kotlin scripting plugin: created the scripting discovery configuration: kotlinScriptDef
kotlin scripting plugin: created the scripting discovery configuration: testKotlinScriptDef
w: [33m[1m⚠️ Unsupported API dependency types in test source sets[0m[0m
API dependency types are used in test source sets
Dependencies:
    - org.jetbrains.kotlin:analysis-api-based-test-utils:2.3.0-wit.1 (source sets: test)
    - org.jetbrains.kotlin:analysis-api-standalone:2.3.0-wit.1 (source sets: test)

Adding API dependency types to test source sets is not supported and will removed in a future version of Kotlin.

API dependencies are transitively exposed to consumers, but test source sets should not be consumable.
[32m[1mSolutions:[0m[0m
[32m • [3mReplace API dependency types in test source sets with implementation dependencies.[0m[0m
[32m • [3mFor Kotlin/JVM projects, consider using Test Fixtures https://docs.gradle.org/current/userguide/java_testing.html#sec:java_test_fixtures[0m[0m
[32m • [3mFor Test Fixtures support in non-Kotlin/JVM projects, please add your use-case to https://youtrack.jetbrains.com/issue/KT-63142[0m[0m


> Configure project :native:objcexport-header-generator-k1
Using Kotlin Space bootstrap version 2.3.0-dev-10303 from https://redirector.kotlinlang.org/maven/bootstrap
Redirecting Kotlin/Native compiler download url
Evaluating project ':native:objcexport-header-generator-k1' using build file '/Users/aria/zaedalus/kotlin/native/objcexport-header-generator/impl/k1/build.gradle.kts'.
Resolved plugin [id: 'org.jetbrains.kotlin.jvm', version: '2.3.0-dev-10303']
Resolved plugin [id: 'project-tests-convention']
Using Kotlin Gradle Plugin gradle813 variant
kotlin scripting plugin: created the scripting discovery configuration: kotlinScriptDef
kotlin scripting plugin: created the scripting discovery configuration: testKotlinScriptDef

> Configure project :native:swift
Using Kotlin Space bootstrap version 2.3.0-dev-10303 from https://redirector.kotlinlang.org/maven/bootstrap
Redirecting Kotlin/Native compiler download url
Evaluating project ':native:swift' using build file '/Users/aria/zaedalus/kotlin/native/swift/build.gradle.kts'.
Resolved plugin [id: 'org.jetbrains.kotlin.jvm', version: '2.3.0-dev-10303']
Using Kotlin Gradle Plugin gradle813 variant
kotlin scripting plugin: created the scripting discovery configuration: kotlinScriptDef
kotlin scripting plugin: created the scripting discovery configuration: testKotlinScriptDef

> Configure project :pill:generate-all-tests
Using Kotlin Space bootstrap version 2.3.0-dev-10303 from https://redirector.kotlinlang.org/maven/bootstrap
Redirecting Kotlin/Native compiler download url
Evaluating project ':pill:generate-all-tests' using build file '/Users/aria/zaedalus/kotlin/plugins/pill/generate-all-tests/build.gradle.kts'.
Resolved plugin [id: 'org.jetbrains.kotlin.jvm', version: '2.3.0-dev-10303']
Resolved plugin [id: 'jps-compatible']
Using Kotlin Gradle Plugin gradle813 variant
kotlin scripting plugin: created the scripting discovery configuration: kotlinScriptDef
kotlin scripting plugin: created the scripting discovery configuration: testKotlinScriptDef
w: [33m[1m⚠️ Unsupported API dependency types in test source sets[0m[0m
API dependency types are used in test source sets
Dependencies:
    - org.jetbrains.kotlin:analysis-api-generator:2.3.0-wit.1 (source sets: test)
    - org.jetbrains.kotlin:compiler:2.3.0-wit.1 (source sets: test)
    - org.jetbrains.kotlin:descriptors.runtime:2.3.0-wit.1 (source sets: test)
    - org.jetbrains.kotlin:generators:2.3.0-wit.1 (source sets: test)
    - org.jetbrains.kotlin:js.tests:2.3.0-wit.1 (source sets: test)
    - org.jetbrains.kotlin:test-infrastructure:2.3.0-wit.1 (source sets: test)
    - org.jetbrains.kotlin:tests-common-new:2.3.0-wit.1 (source sets: test)
    - org.jetbrains.kotlin:tests-java8:2.3.0-wit.1 (source sets: test)

Adding API dependency types to test source sets is not supported and will removed in a future version of Kotlin.

API dependencies are transitively exposed to consumers, but test source sets should not be consumable.
[32m[1mSolutions:[0m[0m
[32m • [3mReplace API dependency types in test source sets with implementation dependencies.[0m[0m
[32m • [3mFor Kotlin/JVM projects, consider using Test Fixtures https://docs.gradle.org/current/userguide/java_testing.html#sec:java_test_fixtures[0m[0m
[32m • [3mFor Test Fixtures support in non-Kotlin/JVM projects, please add your use-case to https://youtrack.jetbrains.com/issue/KT-63142[0m[0m


> Configure project :pill:pill-importer
Using Kotlin Space bootstrap version 2.3.0-dev-10303 from https://redirector.kotlinlang.org/maven/bootstrap
Redirecting Kotlin/Native compiler download url
Evaluating project ':pill:pill-importer' using build file '/Users/aria/zaedalus/kotlin/plugins/pill/pill-importer/build.gradle.kts'.
Resolved plugin [id: 'org.jetbrains.kotlin.jvm', version: '2.3.0-dev-10303']
Resolved plugin [id: 'jps-compatible']
Using Kotlin Gradle Plugin gradle813 variant
kotlin scripting plugin: created the scripting discovery configuration: kotlinScriptDef
kotlin scripting plugin: created the scripting discovery configuration: testKotlinScriptDef

> Configure project :plugins:compose-compiler-plugin
Using Kotlin Space bootstrap version 2.3.0-dev-10303 from https://redirector.kotlinlang.org/maven/bootstrap
Redirecting Kotlin/Native compiler download url
Evaluating project ':plugins:compose-compiler-plugin' using build file '/Users/aria/zaedalus/kotlin/plugins/compose/build.gradle.kts'.
Resolved plugin [id: 'org.jetbrains.kotlin.jvm', version: '2.3.0-dev-10303']
Using Kotlin Gradle Plugin gradle813 variant
kotlin scripting plugin: created the scripting discovery configuration: kotlinScriptDef
kotlin scripting plugin: created the scripting discovery configuration: testKotlinScriptDef

> Configure project :plugins:js-plain-objects
Using Kotlin Space bootstrap version 2.3.0-dev-10303 from https://redirector.kotlinlang.org/maven/bootstrap
Redirecting Kotlin/Native compiler download url
Evaluating project ':plugins:js-plain-objects' using build file '/Users/aria/zaedalus/kotlin/plugins/js-plain-objects/build.gradle'.

> Configure project :plugins:jvm-abi-gen
Using Kotlin Space bootstrap version 2.3.0-dev-10303 from https://redirector.kotlinlang.org/maven/bootstrap
Redirecting Kotlin/Native compiler download url
Evaluating project ':plugins:jvm-abi-gen' using build file '/Users/aria/zaedalus/kotlin/plugins/jvm-abi-gen/build.gradle.kts'.
Resolved plugin [id: 'org.jetbrains.kotlin.jvm', version: '2.3.0-dev-10303']
Resolved plugin [id: 'jps-compatible']
Resolved plugin [id: 'java-test-fixtures']
Resolved plugin [id: 'project-tests-convention']
Using Kotlin Gradle Plugin gradle813 variant
kotlin scripting plugin: created the scripting discovery configuration: kotlinScriptDef
kotlin scripting plugin: created the scripting discovery configuration: testKotlinScriptDef
kotlin scripting plugin: created the scripting discovery configuration: testFixturesKotlinScriptDef

> Configure project :plugins:jvm-abi-gen-embeddable
Using Kotlin Space bootstrap version 2.3.0-dev-10303 from https://redirector.kotlinlang.org/maven/bootstrap
Redirecting Kotlin/Native compiler download url
Evaluating project ':plugins:jvm-abi-gen-embeddable' using build file '/Users/aria/zaedalus/kotlin/plugins/jvm-abi-gen/embeddable/build.gradle.kts'.
Resolved plugin [id: 'org.gradle.java']

> Configure project :plugins:parcelize
Using Kotlin Space bootstrap version 2.3.0-dev-10303 from https://redirector.kotlinlang.org/maven/bootstrap
Redirecting Kotlin/Native compiler download url
Evaluating project ':plugins:parcelize' using build file '/Users/aria/zaedalus/kotlin/plugins/parcelize/build.gradle'.

> Configure project :plugins:plugin-sandbox
Using Kotlin Space bootstrap version 2.3.0-dev-10303 from https://redirector.kotlinlang.org/maven/bootstrap
Redirecting Kotlin/Native compiler download url
Evaluating project ':plugins:plugin-sandbox' using build file '/Users/aria/zaedalus/kotlin/plugins/plugin-sandbox/build.gradle.kts'.
Resolved plugin [id: 'org.jetbrains.kotlin.jvm', version: '2.3.0-dev-10303']
Resolved plugin [id: 'jps-compatible']
Resolved plugin [id: 'd8-configuration']
Resolved plugin [id: 'java-test-fixtures']
Resolved plugin [id: 'project-tests-convention']
Using Kotlin Gradle Plugin gradle813 variant
kotlin scripting plugin: created the scripting discovery configuration: kotlinScriptDef
kotlin scripting plugin: created the scripting discovery configuration: testKotlinScriptDef
kotlin scripting plugin: created the scripting discovery configuration: testFixturesKotlinScriptDef

> Configure project :plugins:plugins-interactions-testing
Using Kotlin Space bootstrap version 2.3.0-dev-10303 from https://redirector.kotlinlang.org/maven/bootstrap
Redirecting Kotlin/Native compiler download url
Evaluating project ':plugins:plugins-interactions-testing' using build file '/Users/aria/zaedalus/kotlin/plugins/plugins-interactions-testing/build.gradle.kts'.
Resolved plugin [id: 'org.jetbrains.kotlin.jvm', version: '2.3.0-dev-10303']
Resolved plugin [id: 'jps-compatible']
Resolved plugin [id: 'java-test-fixtures']
Resolved plugin [id: 'project-tests-convention']
Using Kotlin Gradle Plugin gradle813 variant
kotlin scripting plugin: created the scripting discovery configuration: kotlinScriptDef
kotlin scripting plugin: created the scripting discovery configuration: testKotlinScriptDef
kotlin scripting plugin: created the scripting discovery configuration: testFixturesKotlinScriptDef

> Configure project :plugins:scripting
Using Kotlin Space bootstrap version 2.3.0-dev-10303 from https://redirector.kotlinlang.org/maven/bootstrap
Redirecting Kotlin/Native compiler download url
Evaluating project ':plugins:scripting' using build file '/Users/aria/zaedalus/kotlin/plugins/scripting/build.gradle'.

> Configure project :plugins:test-plugins
Using Kotlin Space bootstrap version 2.3.0-dev-10303 from https://redirector.kotlinlang.org/maven/bootstrap
Redirecting Kotlin/Native compiler download url
Evaluating project ':plugins:test-plugins' using build file '/Users/aria/zaedalus/kotlin/plugins/test-plugins/build.gradle'.

> Configure project :prepare:analysis-api-test-framework
Using Kotlin Space bootstrap version 2.3.0-dev-10303 from https://redirector.kotlinlang.org/maven/bootstrap
Redirecting Kotlin/Native compiler download url
Evaluating project ':prepare:analysis-api-test-framework' using build file '/Users/aria/zaedalus/kotlin/prepare/analysis-api-test-framework/build.gradle.kts'.
Resolved plugin [id: 'org.gradle.java']

> Configure project :prepare:build.version
Using Kotlin Space bootstrap version 2.3.0-dev-10303 from https://redirector.kotlinlang.org/maven/bootstrap
Redirecting Kotlin/Native compiler download url
Evaluating project ':prepare:build.version' using build file '/Users/aria/zaedalus/kotlin/prepare/build.version/build.gradle.kts'.

> Configure project :prepare:ide-plugin-dependencies
Using Kotlin Space bootstrap version 2.3.0-dev-10303 from https://redirector.kotlinlang.org/maven/bootstrap
Redirecting Kotlin/Native compiler download url
Evaluating project ':prepare:ide-plugin-dependencies' using build file '/Users/aria/zaedalus/kotlin/prepare/ide-plugin-dependencies/build.gradle'.

> Configure project :prepare:kotlin-compiler-internal-test-framework
Using Kotlin Space bootstrap version 2.3.0-dev-10303 from https://redirector.kotlinlang.org/maven/bootstrap
Redirecting Kotlin/Native compiler download url
Evaluating project ':prepare:kotlin-compiler-internal-test-framework' using build file '/Users/aria/zaedalus/kotlin/prepare/kotlin-compiler-internal-test-framework/build.gradle.kts'.
Resolved plugin [id: 'org.gradle.java']

> Configure project :prepare:kotlin-jps-plugin
Using Kotlin Space bootstrap version 2.3.0-dev-10303 from https://redirector.kotlinlang.org/maven/bootstrap
Redirecting Kotlin/Native compiler download url
Evaluating project ':prepare:kotlin-jps-plugin' using build file '/Users/aria/zaedalus/kotlin/prepare/kotlin-jps-plugin/build.gradle.kts'.
Resolved plugin [id: 'org.gradle.java-library']

> Configure project :repo:artifacts-tests
Using Kotlin Space bootstrap version 2.3.0-dev-10303 from https://redirector.kotlinlang.org/maven/bootstrap
Redirecting Kotlin/Native compiler download url
Evaluating project ':repo:artifacts-tests' using build file '/Users/aria/zaedalus/kotlin/repo/artifacts-tests/build.gradle.kts'.
Resolved plugin [id: 'org.jetbrains.kotlin.jvm', version: '2.3.0-dev-10303']
Resolved plugin [id: 'org.jetbrains.kotlin.plugin.serialization', version: '2.3.0-dev-10303']
Resolved plugin [id: 'project-tests-convention']
Using Kotlin Gradle Plugin gradle813 variant
kotlin scripting plugin: created the scripting discovery configuration: kotlinScriptDef
kotlin scripting plugin: created the scripting discovery configuration: testKotlinScriptDef

> Configure project :repo:codebase-tests
Using Kotlin Space bootstrap version 2.3.0-dev-10303 from https://redirector.kotlinlang.org/maven/bootstrap
Redirecting Kotlin/Native compiler download url
Evaluating project ':repo:codebase-tests' using build file '/Users/aria/zaedalus/kotlin/repo/codebase-tests/build.gradle.kts'.
Resolved plugin [id: 'org.jetbrains.kotlin.jvm', version: '2.3.0-dev-10303']
Resolved plugin [id: 'jps-compatible']
Resolved plugin [id: 'project-tests-convention']
Using Kotlin Gradle Plugin gradle813 variant
kotlin scripting plugin: created the scripting discovery configuration: kotlinScriptDef
kotlin scripting plugin: created the scripting discovery configuration: testKotlinScriptDef

> Configure project :tools:binary-compatibility-validator
Using Kotlin Space bootstrap version 2.3.0-dev-10303 from https://redirector.kotlinlang.org/maven/bootstrap
Redirecting Kotlin/Native compiler download url
Evaluating project ':tools:binary-compatibility-validator' using build file '/Users/aria/zaedalus/kotlin/libraries/tools/binary-compatibility-validator/build.gradle.kts'.
Resolved plugin [id: 'org.jetbrains.kotlin.jvm', version: '2.3.0-dev-10303']
Using Kotlin Gradle Plugin gradle813 variant
kotlin scripting plugin: created the scripting discovery configuration: kotlinScriptDef
kotlin scripting plugin: created the scripting discovery configuration: testKotlinScriptDef
w: [33m[1m⚠️ Unsupported API dependency types in test source sets[0m[0m
API dependency types are used in test source sets
Dependencies:
    - org.jetbrains.kotlin:kotlin-test:2.3.0-wit.1 (source sets: test)

Adding API dependency types to test source sets is not supported and will removed in a future version of Kotlin.

API dependencies are transitively exposed to consumers, but test source sets should not be consumable.
[32m[1mSolutions:[0m[0m
[32m • [3mReplace API dependency types in test source sets with implementation dependencies.[0m[0m
[32m • [3mFor Kotlin/JVM projects, consider using Test Fixtures https://docs.gradle.org/current/userguide/java_testing.html#sec:java_test_fixtures[0m[0m
[32m • [3mFor Test Fixtures support in non-Kotlin/JVM projects, please add your use-case to https://youtrack.jetbrains.com/issue/KT-63142[0m[0m


> Configure project :tools:ide-plugin-dependencies-validator
Using Kotlin Space bootstrap version 2.3.0-dev-10303 from https://redirector.kotlinlang.org/maven/bootstrap
Redirecting Kotlin/Native compiler download url
Evaluating project ':tools:ide-plugin-dependencies-validator' using build file '/Users/aria/zaedalus/kotlin/libraries/tools/ide-plugin-dependencies-validator/build.gradle.kts'.
Resolved plugin [id: 'org.gradle.application']
Resolved plugin [id: 'org.jetbrains.kotlin.jvm', version: '2.3.0-dev-10303']
Resolved plugin [id: 'jps-compatible']
Resolved plugin [id: 'project-tests-convention']
Using Kotlin Gradle Plugin gradle813 variant
kotlin scripting plugin: created the scripting discovery configuration: kotlinScriptDef
kotlin scripting plugin: created the scripting discovery configuration: testKotlinScriptDef

> Configure project :tools:jdk-api-validator
Using Kotlin Space bootstrap version 2.3.0-dev-10303 from https://redirector.kotlinlang.org/maven/bootstrap
Redirecting Kotlin/Native compiler download url
Evaluating project ':tools:jdk-api-validator' using build file '/Users/aria/zaedalus/kotlin/libraries/tools/jdk-api-validator/build.gradle.kts'.
Resolved plugin [id: 'kotlin']
Using Kotlin Gradle Plugin gradle813 variant
kotlin scripting plugin: created the scripting discovery configuration: kotlinScriptDef
kotlin scripting plugin: created the scripting discovery configuration: testKotlinScriptDef

> Configure project :tools:kotlin-stdlib-gen
Using Kotlin Space bootstrap version 2.3.0-dev-10303 from https://redirector.kotlinlang.org/maven/bootstrap
Redirecting Kotlin/Native compiler download url
Evaluating project ':tools:kotlin-stdlib-gen' using build file '/Users/aria/zaedalus/kotlin/libraries/tools/kotlin-stdlib-gen/build.gradle.kts'.
Resolved plugin [id: 'org.jetbrains.kotlin.jvm', version: '2.3.0-dev-10303']
Using Kotlin Gradle Plugin gradle813 variant
kotlin scripting plugin: created the scripting discovery configuration: kotlinScriptDef
kotlin scripting plugin: created the scripting discovery configuration: testKotlinScriptDef

> Configure project :tools:kotlinp
Using Kotlin Space bootstrap version 2.3.0-dev-10303 from https://redirector.kotlinlang.org/maven/bootstrap
Redirecting Kotlin/Native compiler download url
Evaluating project ':tools:kotlinp' using build file '/Users/aria/zaedalus/kotlin/libraries/tools/kotlinp/build.gradle.kts'.
Resolved plugin [id: 'org.jetbrains.kotlin.jvm', version: '2.3.0-dev-10303']
Resolved plugin [id: 'jps-compatible']
Using Kotlin Gradle Plugin gradle813 variant
kotlin scripting plugin: created the scripting discovery configuration: kotlinScriptDef
kotlin scripting plugin: created the scripting discovery configuration: testKotlinScriptDef

> Configure project :tools:kotlinp-jvm
Using Kotlin Space bootstrap version 2.3.0-dev-10303 from https://redirector.kotlinlang.org/maven/bootstrap
Redirecting Kotlin/Native compiler download url
Evaluating project ':tools:kotlinp-jvm' using build file '/Users/aria/zaedalus/kotlin/libraries/tools/kotlinp/jvm/build.gradle.kts'.
Resolved plugin [id: 'org.jetbrains.kotlin.jvm', version: '2.3.0-dev-10303']
Resolved plugin [id: 'jps-compatible']
Resolved plugin [id: 'project-tests-convention']
Resolved plugin [id: 'test-inputs-check']
Resolved plugin [id: 'java-test-fixtures']
Using Kotlin Gradle Plugin gradle813 variant
kotlin scripting plugin: created the scripting discovery configuration: kotlinScriptDef
kotlin scripting plugin: created the scripting discovery configuration: testKotlinScriptDef
kotlin scripting plugin: created the scripting discovery configuration: testFixturesKotlinScriptDef

> Configure project :tools:kotlinp-klib
Using Kotlin Space bootstrap version 2.3.0-dev-10303 from https://redirector.kotlinlang.org/maven/bootstrap
Redirecting Kotlin/Native compiler download url
Evaluating project ':tools:kotlinp-klib' using build file '/Users/aria/zaedalus/kotlin/libraries/tools/kotlinp/klib/build.gradle.kts'.
Resolved plugin [id: 'org.jetbrains.kotlin.jvm', version: '2.3.0-dev-10303']
Resolved plugin [id: 'jps-compatible']
Using Kotlin Gradle Plugin gradle813 variant
kotlin scripting plugin: created the scripting discovery configuration: kotlinScriptDef
kotlin scripting plugin: created the scripting discovery configuration: testKotlinScriptDef
w: [33m[1m⚠️ Unsupported API dependency types in test source sets[0m[0m
API dependency types are used in test source sets
Dependencies:
    - org.jetbrains.kotlin:intellij-core:2.3.0-wit.1 (source sets: test)

Adding API dependency types to test source sets is not supported and will removed in a future version of Kotlin.

API dependencies are transitively exposed to consumers, but test source sets should not be consumable.
[32m[1mSolutions:[0m[0m
[32m • [3mReplace API dependency types in test source sets with implementation dependencies.[0m[0m
[32m • [3mFor Kotlin/JVM projects, consider using Test Fixtures https://docs.gradle.org/current/userguide/java_testing.html#sec:java_test_fixtures[0m[0m
[32m • [3mFor Test Fixtures support in non-Kotlin/JVM projects, please add your use-case to https://youtrack.jetbrains.com/issue/KT-63142[0m[0m


> Configure project :tools:stats-analyser
Using Kotlin Space bootstrap version 2.3.0-dev-10303 from https://redirector.kotlinlang.org/maven/bootstrap
Redirecting Kotlin/Native compiler download url
Evaluating project ':tools:stats-analyser' using build file '/Users/aria/zaedalus/kotlin/libraries/tools/stats-analyser/build.gradle.kts'.
Resolved plugin [id: 'org.jetbrains.kotlin.jvm', version: '2.3.0-dev-10303']
Resolved plugin [id: 'jps-compatible']
Resolved plugin [id: 'org.gradle.application']
Using Kotlin Gradle Plugin gradle813 variant
kotlin scripting plugin: created the scripting discovery configuration: kotlinScriptDef
kotlin scripting plugin: created the scripting discovery configuration: testKotlinScriptDef

> Configure project :wasm:wasm.config
Using Kotlin Space bootstrap version 2.3.0-dev-10303 from https://redirector.kotlinlang.org/maven/bootstrap
Redirecting Kotlin/Native compiler download url
Evaluating project ':wasm:wasm.config' using build file '/Users/aria/zaedalus/kotlin/wasm/wasm.config/build.gradle.kts'.
Resolved plugin [id: 'org.jetbrains.kotlin.jvm', version: '2.3.0-dev-10303']
Resolved plugin [id: 'jps-compatible']
Resolved plugin [id: 'gradle-plugin-compiler-dependency-configuration']
Using Kotlin Gradle Plugin gradle813 variant
kotlin scripting plugin: created the scripting discovery configuration: kotlinScriptDef
kotlin scripting plugin: created the scripting discovery configuration: testKotlinScriptDef

> Configure project :wasm:wasm.debug.browsers
Using Kotlin Space bootstrap version 2.3.0-dev-10303 from https://redirector.kotlinlang.org/maven/bootstrap
Redirecting Kotlin/Native compiler download url
Evaluating project ':wasm:wasm.debug.browsers' using build file '/Users/aria/zaedalus/kotlin/wasm/wasm.debug.browsers/build.gradle.kts'.
Resolved plugin [id: 'base']
Resolved plugin [id: 'share-kotlin-wasm-custom-formatters']
Resolved plugin [id: 'com.github.node-gradle.node', version: '7.0.2']
Starting process 'command 'uname''. Working directory: /Users/aria/zaedalus/kotlin Command: uname -m
Successfully started process 'command 'uname''

> Configure project :wasm:wasm.frontend
Using Kotlin Space bootstrap version 2.3.0-dev-10303 from https://redirector.kotlinlang.org/maven/bootstrap
Redirecting Kotlin/Native compiler download url
Evaluating project ':wasm:wasm.frontend' using build file '/Users/aria/zaedalus/kotlin/wasm/wasm.frontend/build.gradle.kts'.
Resolved plugin [id: 'org.jetbrains.kotlin.jvm', version: '2.3.0-dev-10303']
Resolved plugin [id: 'jps-compatible']
Using Kotlin Gradle Plugin gradle813 variant
kotlin scripting plugin: created the scripting discovery configuration: kotlinScriptDef
kotlin scripting plugin: created the scripting discovery configuration: testKotlinScriptDef

> Configure project :wasm:wasm.ir
Using Kotlin Space bootstrap version 2.3.0-dev-10303 from https://redirector.kotlinlang.org/maven/bootstrap
Redirecting Kotlin/Native compiler download url
Evaluating project ':wasm:wasm.ir' using build file '/Users/aria/zaedalus/kotlin/wasm/wasm.ir/build.gradle.kts'.
Resolved plugin [id: 'org.jetbrains.kotlin.jvm', version: '2.3.0-dev-10303']
Resolved plugin [id: 'jps-compatible']
Resolved plugin [id: 'org.jetbrains.kotlin.plugin.serialization', version: '2.3.0-dev-10303']
Resolved plugin [id: 'project-tests-convention']
Using Kotlin Gradle Plugin gradle813 variant
kotlin scripting plugin: created the scripting discovery configuration: kotlinScriptDef
kotlin scripting plugin: created the scripting discovery configuration: testKotlinScriptDef
Resolve mutations for :gradle-build-conventions:nodejs-configuration:checkKotlinGradlePluginConfigurationErrors (Thread[#855,Execution worker Thread 8,5,main]) started.
:gradle-build-conventions:nodejs-configuration:checkKotlinGradlePluginConfigurationErrors (Thread[#855,Execution worker Thread 8,5,main]) started.

> Task :gradle-build-conventions:nodejs-configuration:checkKotlinGradlePluginConfigurationErrors SKIPPED
Skipping task ':gradle-build-conventions:nodejs-configuration:checkKotlinGradlePluginConfigurationErrors' as task onlyIf 'errorDiagnostics are present' is false.
Resolve mutations for :gradle-build-conventions:nodejs-configuration:generateExternalPluginSpecBuilders (Thread[#855,Execution worker Thread 8,5,main]) started.
:gradle-build-conventions:nodejs-configuration:generateExternalPluginSpecBuilders (Thread[#855,Execution worker Thread 8,5,main]) started.

> Task :gradle-build-conventions:nodejs-configuration:generateExternalPluginSpecBuilders UP-TO-DATE
Build cache key for task ':gradle-build-conventions:nodejs-configuration:generateExternalPluginSpecBuilders' is c31e52188e873987ce1b09fa1935e39d
Skipping task ':gradle-build-conventions:nodejs-configuration:generateExternalPluginSpecBuilders' as it is up-to-date.
Resolve mutations for :gradle-build-conventions:nodejs-configuration:extractPrecompiledScriptPluginPlugins (Thread[#855,Execution worker Thread 8,5,main]) started.
:gradle-build-conventions:nodejs-configuration:extractPrecompiledScriptPluginPlugins (Thread[#860,Execution worker Thread 12,5,main]) started.

> Task :gradle-build-conventions:nodejs-configuration:extractPrecompiledScriptPluginPlugins UP-TO-DATE
Build cache key for task ':gradle-build-conventions:nodejs-configuration:extractPrecompiledScriptPluginPlugins' is 62b3e4cadae101b08eade8a5b5304759
Skipping task ':gradle-build-conventions:nodejs-configuration:extractPrecompiledScriptPluginPlugins' as it is up-to-date.
Resolve mutations for :gradle-build-conventions:nodejs-configuration:compilePluginsBlocks (Thread[#855,Execution worker Thread 8,5,main]) started.
:gradle-build-conventions:nodejs-configuration:compilePluginsBlocks (Thread[#855,Execution worker Thread 8,5,main]) started.

> Task :gradle-build-conventions:nodejs-configuration:compilePluginsBlocks UP-TO-DATE
Custom actions are attached to task ':gradle-build-conventions:nodejs-configuration:compilePluginsBlocks'.
Build cache key for task ':gradle-build-conventions:nodejs-configuration:compilePluginsBlocks' is bb5f84dc1889327c3e87d3083439df04
Skipping task ':gradle-build-conventions:nodejs-configuration:compilePluginsBlocks' as it is up-to-date.
Resolve mutations for :gradle-build-conventions:nodejs-configuration:generatePrecompiledScriptPluginAccessors (Thread[#860,Execution worker Thread 12,5,main]) started.
:gradle-build-conventions:nodejs-configuration:generatePrecompiledScriptPluginAccessors (Thread[#862,Execution worker Thread 14,5,main]) started.

> Task :gradle-build-conventions:nodejs-configuration:generatePrecompiledScriptPluginAccessors UP-TO-DATE
Build cache key for task ':gradle-build-conventions:nodejs-configuration:generatePrecompiledScriptPluginAccessors' is e8654f8ed7b60f02c75f6f4e7646a7ee
Skipping task ':gradle-build-conventions:nodejs-configuration:generatePrecompiledScriptPluginAccessors' as it is up-to-date.
Resolve mutations for :gradle-build-conventions:nodejs-configuration:generateScriptPluginAdapters (Thread[#862,Execution worker Thread 14,5,main]) started.
:gradle-build-conventions:nodejs-configuration:generateScriptPluginAdapters (Thread[#855,Execution worker Thread 8,5,main]) started.

> Task :gradle-build-conventions:nodejs-configuration:generateScriptPluginAdapters UP-TO-DATE
Build cache key for task ':gradle-build-conventions:nodejs-configuration:generateScriptPluginAdapters' is 744b3832822ff5a81c77b07f1ac967b4
Skipping task ':gradle-build-conventions:nodejs-configuration:generateScriptPluginAdapters' as it is up-to-date.
Resolve mutations for :gradle-build-conventions:nodejs-configuration:compileKotlin (Thread[#855,Execution worker Thread 8,5,main]) started.
:gradle-build-conventions:nodejs-configuration:compileKotlin (Thread[#855,Execution worker Thread 8,5,main]) started.

> Task :gradle-build-conventions:nodejs-configuration:compileKotlin UP-TO-DATE
Custom actions are attached to task ':gradle-build-conventions:nodejs-configuration:compileKotlin'.
Build cache key for task ':gradle-build-conventions:nodejs-configuration:compileKotlin' is fa5d9fb807a6bd601ac628996922cc62
Skipping task ':gradle-build-conventions:nodejs-configuration:compileKotlin' as it is up-to-date.
Resolve mutations for :gradle-build-conventions:nodejs-configuration:compileJava (Thread[#855,Execution worker Thread 8,5,main]) started.
:gradle-build-conventions:nodejs-configuration:compileJava (Thread[#855,Execution worker Thread 8,5,main]) started.

> Task :gradle-build-conventions:nodejs-configuration:compileJava NO-SOURCE
Skipping task ':gradle-build-conventions:nodejs-configuration:compileJava' as it has no source files and no previous output files.
Resolve mutations for :gradle-build-conventions:nodejs-configuration:pluginDescriptors (Thread[#855,Execution worker Thread 8,5,main]) started.
:gradle-build-conventions:nodejs-configuration:pluginDescriptors (Thread[#855,Execution worker Thread 8,5,main]) started.

> Task :gradle-build-conventions:nodejs-configuration:pluginDescriptors UP-TO-DATE
Caching disabled for task ':gradle-build-conventions:nodejs-configuration:pluginDescriptors' because:
  Not worth caching
Skipping task ':gradle-build-conventions:nodejs-configuration:pluginDescriptors' as it is up-to-date.
Resolve mutations for :gradle-build-conventions:nodejs-configuration:processResources (Thread[#855,Execution worker Thread 8,5,main]) started.
:gradle-build-conventions:nodejs-configuration:processResources (Thread[#855,Execution worker Thread 8,5,main]) started.

> Task :gradle-build-conventions:nodejs-configuration:processResources UP-TO-DATE
Caching disabled for task ':gradle-build-conventions:nodejs-configuration:processResources' because:
  Not worth caching
Skipping task ':gradle-build-conventions:nodejs-configuration:processResources' as it is up-to-date.
Resolve mutations for :gradle-build-conventions:nodejs-configuration:classes (Thread[#855,Execution worker Thread 8,5,main]) started.
:gradle-build-conventions:nodejs-configuration:classes (Thread[#855,Execution worker Thread 8,5,main]) started.

> Task :gradle-build-conventions:nodejs-configuration:classes UP-TO-DATE
Skipping task ':gradle-build-conventions:nodejs-configuration:classes' as it has no actions.
Resolve mutations for :gradle-build-conventions:nodejs-configuration:jar (Thread[#855,Execution worker Thread 8,5,main]) started.
:gradle-build-conventions:nodejs-configuration:jar (Thread[#855,Execution worker Thread 8,5,main]) started.

> Task :gradle-build-conventions:nodejs-configuration:jar UP-TO-DATE
Caching disabled for task ':gradle-build-conventions:nodejs-configuration:jar' because:
  Not worth caching
Skipping task ':gradle-build-conventions:nodejs-configuration:jar' as it is up-to-date.

> Configure project :wasm:wasm.tests
Using Kotlin Space bootstrap version 2.3.0-dev-10303 from https://redirector.kotlinlang.org/maven/bootstrap
Redirecting Kotlin/Native compiler download url
Evaluating project ':wasm:wasm.tests' using build file '/Users/aria/zaedalus/kotlin/wasm/wasm.tests/build.gradle.kts'.
Resolved plugin [id: 'org.jetbrains.kotlin.jvm', version: '2.3.0-dev-10303']
Resolved plugin [id: 'jps-compatible']
Resolved plugin [id: 'com.github.node-gradle.node', version: '7.0.2']
Resolved plugin [id: 'd8-configuration']
Resolved plugin [id: 'binaryen-configuration']
Resolved plugin [id: 'nodejs-configuration']
Resolved plugin [id: 'java-test-fixtures']
Resolved plugin [id: 'project-tests-convention']
Ignoring listeners of task graph ready event, as this build (:gradle-build-conventions) has already executed work.
Using Kotlin Gradle Plugin gradle813 variant
kotlin scripting plugin: created the scripting discovery configuration: kotlinScriptDef
kotlin scripting plugin: created the scripting discovery configuration: testKotlinScriptDef
Starting process 'command 'uname''. Working directory: /Users/aria/zaedalus/kotlin Command: uname -m
Successfully started process 'command 'uname''
[KOTLIN] Storing cached files in /Users/aria/.gradle
kotlin scripting plugin: created the scripting discovery configuration: testFixturesKotlinScriptDef

> Configure project :wit:codegen-core
Using Kotlin Space bootstrap version 2.3.0-dev-10303 from https://redirector.kotlinlang.org/maven/bootstrap
Redirecting Kotlin/Native compiler download url
Evaluating project ':wit:codegen-core' using build file '/Users/aria/zaedalus/kotlin/wit/codegen-core/build.gradle.kts'.
Resolved plugin [id: 'org.jetbrains.kotlin.jvm', version: '2.3.0-dev-10303']
Resolved plugin [id: 'org.gradle.maven-publish']
Using Kotlin Gradle Plugin gradle813 variant
kotlin scripting plugin: created the scripting discovery configuration: kotlinScriptDef
kotlin scripting plugin: created the scripting discovery configuration: testKotlinScriptDef

> Configure project :wit:codegen-driver
Using Kotlin Space bootstrap version 2.3.0-dev-10303 from https://redirector.kotlinlang.org/maven/bootstrap
Redirecting Kotlin/Native compiler download url
Evaluating project ':wit:codegen-driver' using build file '/Users/aria/zaedalus/kotlin/wit/codegen-driver/build.gradle.kts'.
Resolved plugin [id: 'org.jetbrains.kotlin.jvm', version: '2.3.0-dev-10303']
Resolved plugin [id: 'jps-compatible']
Using Kotlin Gradle Plugin gradle813 variant
kotlin scripting plugin: created the scripting discovery configuration: kotlinScriptDef
kotlin scripting plugin: created the scripting discovery configuration: testKotlinScriptDef

> Configure project :wit:compiler-plugin
Using Kotlin Space bootstrap version 2.3.0-dev-10303 from https://redirector.kotlinlang.org/maven/bootstrap
Redirecting Kotlin/Native compiler download url
Evaluating project ':wit:compiler-plugin' using build file '/Users/aria/zaedalus/kotlin/wit/compiler-plugin/build.gradle.kts'.
Resolved plugin [id: 'org.jetbrains.kotlin.jvm', version: '2.3.0-dev-10303']
Resolved plugin [id: 'jps-compatible']
Resolved plugin [id: 'project-tests-convention']
Using Kotlin Gradle Plugin gradle813 variant
kotlin scripting plugin: created the scripting discovery configuration: kotlinScriptDef
kotlin scripting plugin: created the scripting discovery configuration: testKotlinScriptDef

> Configure project :wit:compiler-tests
Using Kotlin Space bootstrap version 2.3.0-dev-10303 from https://redirector.kotlinlang.org/maven/bootstrap
Redirecting Kotlin/Native compiler download url
Evaluating project ':wit:compiler-tests' using build file '/Users/aria/zaedalus/kotlin/wit/compiler-tests/build.gradle.kts'.
Resolved plugin [id: 'org.jetbrains.kotlin.jvm', version: '2.3.0-dev-10303']
Resolved plugin [id: 'jps-compatible']
Resolved plugin [id: 'project-tests-convention']
Using Kotlin Gradle Plugin gradle813 variant
kotlin scripting plugin: created the scripting discovery configuration: kotlinScriptDef
kotlin scripting plugin: created the scripting discovery configuration: testKotlinScriptDef

> Configure project :wit:e2e-harness-jvm
Using Kotlin Space bootstrap version 2.3.0-dev-10303 from https://redirector.kotlinlang.org/maven/bootstrap
Redirecting Kotlin/Native compiler download url
Evaluating project ':wit:e2e-harness-jvm' using build file '/Users/aria/zaedalus/kotlin/wit/e2e-harness-jvm/build.gradle.kts'.
Resolved plugin [id: 'org.jetbrains.kotlin.jvm', version: '2.3.0-dev-10303']
Resolved plugin [id: 'org.jetbrains.kotlin.wit.gradle', version: '2.3.0-dev-10303']
Using Kotlin Gradle Plugin gradle813 variant
kotlin scripting plugin: created the scripting discovery configuration: kotlinScriptDef
kotlin scripting plugin: created the scripting discovery configuration: testKotlinScriptDef

> Configure project :wit:runtime
Using Kotlin Space bootstrap version 2.3.0-dev-10303 from https://redirector.kotlinlang.org/maven/bootstrap
Redirecting Kotlin/Native compiler download url
Evaluating project ':wit:runtime' using build file '/Users/aria/zaedalus/kotlin/wit/runtime/build.gradle.kts'.
Resolved plugin [id: 'org.jetbrains.kotlin.multiplatform', version: '2.3.0-dev-10303']
Using Kotlin Gradle Plugin gradle813 variant
kotlin scripting plugin: created the scripting discovery configuration: kotlinScriptDef
kotlin scripting plugin: created the scripting discovery configuration: testKotlinScriptDef
[KOTLIN] Storing cached files in /Users/aria/.gradle
w: [33m[1m⚠️ JS Environment Not Selected[0m[0m
Please choose a WebAssembly WASI environment to build distributions and run tests.
Not choosing any of them will be an error in the future releases.
kotlin {
    wasmWasi {
        // To build distributions for and run tests use one or several of:
        nodejs()
    }
}
[32m[1mSolution:[0m[0m
[32m[3mPlease choose a WebAssembly WASI environment to build distributions and run tests.[0m[0m


> Configure project :analysis:analysis-api-fir:analysis-api-fir-generator
Using Kotlin Space bootstrap version 2.3.0-dev-10303 from https://redirector.kotlinlang.org/maven/bootstrap
Redirecting Kotlin/Native compiler download url
Evaluating project ':analysis:analysis-api-fir:analysis-api-fir-generator' using build file '/Users/aria/zaedalus/kotlin/analysis/analysis-api-fir/analysis-api-fir-generator/build.gradle.kts'.
Resolved plugin [id: 'org.jetbrains.kotlin.jvm', version: '2.3.0-dev-10303']
Resolved plugin [id: 'jps-compatible']
Resolved plugin [id: 'org.gradle.application']
Using Kotlin Gradle Plugin gradle813 variant
kotlin scripting plugin: created the scripting discovery configuration: kotlinScriptDef
kotlin scripting plugin: created the scripting discovery configuration: testKotlinScriptDef

> Configure project :analysis:analysis-api-standalone:analysis-api-fir-standalone-base
Using Kotlin Space bootstrap version 2.3.0-dev-10303 from https://redirector.kotlinlang.org/maven/bootstrap
Redirecting Kotlin/Native compiler download url
Evaluating project ':analysis:analysis-api-standalone:analysis-api-fir-standalone-base' using build file '/Users/aria/zaedalus/kotlin/analysis/analysis-api-standalone/analysis-api-fir-standalone-base/build.gradle.kts'.
Resolved plugin [id: 'org.jetbrains.kotlin.jvm', version: '2.3.0-dev-10303']
Resolved plugin [id: 'jps-compatible']
Using Kotlin Gradle Plugin gradle813 variant
kotlin scripting plugin: created the scripting discovery configuration: kotlinScriptDef
kotlin scripting plugin: created the scripting discovery configuration: testKotlinScriptDef

> Configure project :analysis:analysis-api-standalone:analysis-api-standalone-base
Using Kotlin Space bootstrap version 2.3.0-dev-10303 from https://redirector.kotlinlang.org/maven/bootstrap
Redirecting Kotlin/Native compiler download url
Evaluating project ':analysis:analysis-api-standalone:analysis-api-standalone-base' using build file '/Users/aria/zaedalus/kotlin/analysis/analysis-api-standalone/analysis-api-standalone-base/build.gradle.kts'.
Resolved plugin [id: 'org.jetbrains.kotlin.jvm', version: '2.3.0-dev-10303']
Resolved plugin [id: 'jps-compatible']
Using Kotlin Gradle Plugin gradle813 variant
kotlin scripting plugin: created the scripting discovery configuration: kotlinScriptDef
kotlin scripting plugin: created the scripting discovery configuration: testKotlinScriptDef

> Configure project :analysis:analysis-tools:deprecated-k1-frontend-internals-for-ide-generated
Using Kotlin Space bootstrap version 2.3.0-dev-10303 from https://redirector.kotlinlang.org/maven/bootstrap
Redirecting Kotlin/Native compiler download url
Evaluating project ':analysis:analysis-tools:deprecated-k1-frontend-internals-for-ide-generated' using build file '/Users/aria/zaedalus/kotlin/analysis/analysis-tools/deprecated-k1-frontend-internals-for-ide-generated/build.gradle.kts'.
Resolved plugin [id: 'org.gradle.java']
Resolved plugin [id: 'jps-compatible']

> Configure project :analysis:analysis-tools:deprecated-k1-frontend-internals-for-ide-generator
Using Kotlin Space bootstrap version 2.3.0-dev-10303 from https://redirector.kotlinlang.org/maven/bootstrap
Redirecting Kotlin/Native compiler download url
Evaluating project ':analysis:analysis-tools:deprecated-k1-frontend-internals-for-ide-generator' using build file '/Users/aria/zaedalus/kotlin/analysis/analysis-tools/deprecated-k1-frontend-internals-for-ide-generator/build.gradle.kts'.
Resolved plugin [id: 'org.gradle.application']
Resolved plugin [id: 'org.jetbrains.kotlin.jvm', version: '2.3.0-dev-10303']
Resolved plugin [id: 'jps-compatible']
Using Kotlin Gradle Plugin gradle813 variant
kotlin scripting plugin: created the scripting discovery configuration: kotlinScriptDef
kotlin scripting plugin: created the scripting discovery configuration: testKotlinScriptDef

> Configure project :analysis:decompiled:decompiler-js
Using Kotlin Space bootstrap version 2.3.0-dev-10303 from https://redirector.kotlinlang.org/maven/bootstrap
Redirecting Kotlin/Native compiler download url
Evaluating project ':analysis:decompiled:decompiler-js' using build file '/Users/aria/zaedalus/kotlin/analysis/decompiled/decompiler-js/build.gradle.kts'.
Resolved plugin [id: 'org.jetbrains.kotlin.jvm', version: '2.3.0-dev-10303']
Resolved plugin [id: 'jps-compatible']
Using Kotlin Gradle Plugin gradle813 variant
kotlin scripting plugin: created the scripting discovery configuration: kotlinScriptDef
kotlin scripting plugin: created the scripting discovery configuration: testKotlinScriptDef

> Configure project :analysis:decompiled:decompiler-native
Using Kotlin Space bootstrap version 2.3.0-dev-10303 from https://redirector.kotlinlang.org/maven/bootstrap
Redirecting Kotlin/Native compiler download url
Evaluating project ':analysis:decompiled:decompiler-native' using build file '/Users/aria/zaedalus/kotlin/analysis/decompiled/decompiler-native/build.gradle.kts'.
Resolved plugin [id: 'org.jetbrains.kotlin.jvm', version: '2.3.0-dev-10303']
Resolved plugin [id: 'jps-compatible']
Resolved plugin [id: 'java-test-fixtures']
Using Kotlin Gradle Plugin gradle813 variant
kotlin scripting plugin: created the scripting discovery configuration: kotlinScriptDef
kotlin scripting plugin: created the scripting discovery configuration: testKotlinScriptDef
kotlin scripting plugin: created the scripting discovery configuration: testFixturesKotlinScriptDef

> Configure project :analysis:decompiled:decompiler-to-file-stubs
Using Kotlin Space bootstrap version 2.3.0-dev-10303 from https://redirector.kotlinlang.org/maven/bootstrap
Redirecting Kotlin/Native compiler download url
Evaluating project ':analysis:decompiled:decompiler-to-file-stubs' using build file '/Users/aria/zaedalus/kotlin/analysis/decompiled/decompiler-to-file-stubs/build.gradle.kts'.
Resolved plugin [id: 'org.jetbrains.kotlin.jvm', version: '2.3.0-dev-10303']
Resolved plugin [id: 'jps-compatible']
Resolved plugin [id: 'java-test-fixtures']
Using Kotlin Gradle Plugin gradle813 variant
kotlin scripting plugin: created the scripting discovery configuration: kotlinScriptDef
kotlin scripting plugin: created the scripting discovery configuration: testKotlinScriptDef
kotlin scripting plugin: created the scripting discovery configuration: testFixturesKotlinScriptDef

> Configure project :analysis:decompiled:decompiler-to-psi
Using Kotlin Space bootstrap version 2.3.0-dev-10303 from https://redirector.kotlinlang.org/maven/bootstrap
Redirecting Kotlin/Native compiler download url
Evaluating project ':analysis:decompiled:decompiler-to-psi' using build file '/Users/aria/zaedalus/kotlin/analysis/decompiled/decompiler-to-psi/build.gradle.kts'.
Resolved plugin [id: 'org.jetbrains.kotlin.jvm', version: '2.3.0-dev-10303']
Resolved plugin [id: 'jps-compatible']
Resolved plugin [id: 'java-test-fixtures']
Using Kotlin Gradle Plugin gradle813 variant
kotlin scripting plugin: created the scripting discovery configuration: kotlinScriptDef
kotlin scripting plugin: created the scripting discovery configuration: testKotlinScriptDef
kotlin scripting plugin: created the scripting discovery configuration: testFixturesKotlinScriptDef

> Configure project :analysis:decompiled:decompiler-to-stubs
Using Kotlin Space bootstrap version 2.3.0-dev-10303 from https://redirector.kotlinlang.org/maven/bootstrap
Redirecting Kotlin/Native compiler download url
Evaluating project ':analysis:decompiled:decompiler-to-stubs' using build file '/Users/aria/zaedalus/kotlin/analysis/decompiled/decompiler-to-stubs/build.gradle.kts'.
Resolved plugin [id: 'org.jetbrains.kotlin.jvm', version: '2.3.0-dev-10303']
Resolved plugin [id: 'jps-compatible']
Using Kotlin Gradle Plugin gradle813 variant
kotlin scripting plugin: created the scripting discovery configuration: kotlinScriptDef
kotlin scripting plugin: created the scripting discovery configuration: testKotlinScriptDef

> Configure project :analysis:decompiled:light-classes-for-decompiled
Using Kotlin Space bootstrap version 2.3.0-dev-10303 from https://redirector.kotlinlang.org/maven/bootstrap
Redirecting Kotlin/Native compiler download url
Evaluating project ':analysis:decompiled:light-classes-for-decompiled' using build file '/Users/aria/zaedalus/kotlin/analysis/decompiled/light-classes-for-decompiled/build.gradle.kts'.
Resolved plugin [id: 'org.jetbrains.kotlin.jvm', version: '2.3.0-dev-10303']
Resolved plugin [id: 'jps-compatible']
Using Kotlin Gradle Plugin gradle813 variant
kotlin scripting plugin: created the scripting discovery configuration: kotlinScriptDef
kotlin scripting plugin: created the scripting discovery configuration: testKotlinScriptDef

> Configure project :analysis:low-level-api-fir:low-level-api-fir-native
Using Kotlin Space bootstrap version 2.3.0-dev-10303 from https://redirector.kotlinlang.org/maven/bootstrap
Redirecting Kotlin/Native compiler download url
Evaluating project ':analysis:low-level-api-fir:low-level-api-fir-native' using build file '/Users/aria/zaedalus/kotlin/analysis/low-level-api-fir/low-level-api-fir-native/build.gradle.kts'.
Resolved plugin [id: 'org.jetbrains.kotlin.jvm', version: '2.3.0-dev-10303']
Resolved plugin [id: 'java-test-fixtures']
Resolved plugin [id: 'project-tests-convention']
Using Kotlin Gradle Plugin gradle813 variant
kotlin scripting plugin: created the scripting discovery configuration: kotlinScriptDef
kotlin scripting plugin: created the scripting discovery configuration: testKotlinScriptDef
kotlin scripting plugin: created the scripting discovery configuration: testFixturesKotlinScriptDef

> Configure project :analysis:low-level-api-fir:tests-jdk11
Using Kotlin Space bootstrap version 2.3.0-dev-10303 from https://redirector.kotlinlang.org/maven/bootstrap
Redirecting Kotlin/Native compiler download url
Evaluating project ':analysis:low-level-api-fir:tests-jdk11' using build file '/Users/aria/zaedalus/kotlin/analysis/low-level-api-fir/tests-jdk11/build.gradle.kts'.
Resolved plugin [id: 'org.jetbrains.kotlin.jvm', version: '2.3.0-dev-10303']
Resolved plugin [id: 'jps-compatible']
Resolved plugin [id: 'project-tests-convention']
Resolved plugin [id: 'test-inputs-check']
Using Kotlin Gradle Plugin gradle813 variant
kotlin scripting plugin: created the scripting discovery configuration: kotlinScriptDef
kotlin scripting plugin: created the scripting discovery configuration: testKotlinScriptDef

> Configure project :compiler:build-tools:kotlin-build-statistics
Using Kotlin Space bootstrap version 2.3.0-dev-10303 from https://redirector.kotlinlang.org/maven/bootstrap
Redirecting Kotlin/Native compiler download url
Evaluating project ':compiler:build-tools:kotlin-build-statistics' using build file '/Users/aria/zaedalus/kotlin/compiler/build-tools/kotlin-build-statistics/build.gradle.kts'.
Resolved plugin [id: 'org.jetbrains.kotlin.jvm', version: '2.3.0-dev-10303']
Resolved plugin [id: 'jps-compatible']
Resolved plugin [id: 'gradle-plugin-published-compiler-dependency-configuration']
Using Kotlin Gradle Plugin gradle813 variant
kotlin scripting plugin: created the scripting discovery configuration: kotlinScriptDef
kotlin scripting plugin: created the scripting discovery configuration: testKotlinScriptDef

> Configure project :compiler:build-tools:kotlin-build-tools-api
Using Kotlin Space bootstrap version 2.3.0-dev-10303 from https://redirector.kotlinlang.org/maven/bootstrap
Redirecting Kotlin/Native compiler download url
Evaluating project ':compiler:build-tools:kotlin-build-tools-api' using build file '/Users/aria/zaedalus/kotlin/compiler/build-tools/kotlin-build-tools-api/build.gradle.kts'.
Resolved plugin [id: 'org.jetbrains.kotlin.jvm', version: '2.3.0-dev-10303']
Resolved plugin [id: 'jps-compatible']
Resolved plugin [id: 'org.jetbrains.kotlinx.binary-compatibility-validator']
Resolved plugin [id: 'project-tests-convention']
Using Kotlin Gradle Plugin gradle813 variant
kotlin scripting plugin: created the scripting discovery configuration: kotlinScriptDef
kotlin scripting plugin: created the scripting discovery configuration: testKotlinScriptDef

> Configure project :compiler:build-tools:kotlin-build-tools-api-tests
Using Kotlin Space bootstrap version 2.3.0-dev-10303 from https://redirector.kotlinlang.org/maven/bootstrap
Redirecting Kotlin/Native compiler download url
Evaluating project ':compiler:build-tools:kotlin-build-tools-api-tests' using build file '/Users/aria/zaedalus/kotlin/compiler/build-tools/kotlin-build-tools-api-tests/build.gradle.kts'.
Resolved plugin [id: 'org.jetbrains.kotlin.jvm', version: '2.3.0-dev-10303']
Resolved plugin [id: 'org.gradle.jvm-test-suite']
Resolved plugin [id: 'test-symlink-transformation']
Resolved plugin [id: 'project-tests-convention']
Using Kotlin Gradle Plugin gradle813 variant
kotlin scripting plugin: created the scripting discovery configuration: kotlinScriptDef
kotlin scripting plugin: created the scripting discovery configuration: testKotlinScriptDef
kotlin scripting plugin: created the scripting discovery configuration: testExampleKotlinScriptDef
kotlin scripting plugin: created the scripting discovery configuration: testEscapableCharactersKotlinScriptDef
kotlin scripting plugin: created the scripting discovery configuration: testInputChangesTrackingKotlinScriptDef
kotlin scripting plugin: created the scripting discovery configuration: testCrossModuleIncrementalChangesKotlinScriptDef
kotlin scripting plugin: created the scripting discovery configuration: testFirRunnerKotlinScriptDef
kotlin scripting plugin: created the scripting discovery configuration: testCompatibilitySnapshotKotlinScriptDef
kotlin scripting plugin: created the scripting discovery configuration: testIsolatedCompilerSnapshotKotlinScriptDef
kotlin scripting plugin: created the scripting discovery configuration: testCompatibility2.1.20KotlinScriptDef
kotlin scripting plugin: created the scripting discovery configuration: testIsolatedCompiler2.1.20KotlinScriptDef
kotlin scripting plugin: created the scripting discovery configuration: testCompatibility2.0.21KotlinScriptDef
kotlin scripting plugin: created the scripting discovery configuration: testIsolatedCompiler2.0.21KotlinScriptDef

> Configure project :compiler:build-tools:kotlin-build-tools-compat
Using Kotlin Space bootstrap version 2.3.0-dev-10303 from https://redirector.kotlinlang.org/maven/bootstrap
Redirecting Kotlin/Native compiler download url
Evaluating project ':compiler:build-tools:kotlin-build-tools-compat' using build file '/Users/aria/zaedalus/kotlin/compiler/build-tools/kotlin-build-tools-compat/build.gradle.kts'.
Resolved plugin [id: 'org.jetbrains.kotlin.jvm', version: '2.3.0-dev-10303']
Resolved plugin [id: 'jps-compatible']
Resolved plugin [id: 'generated-sources']
Using Kotlin Gradle Plugin gradle813 variant
kotlin scripting plugin: created the scripting discovery configuration: kotlinScriptDef
kotlin scripting plugin: created the scripting discovery configuration: testKotlinScriptDef

> Configure project :compiler:build-tools:kotlin-build-tools-impl
Using Kotlin Space bootstrap version 2.3.0-dev-10303 from https://redirector.kotlinlang.org/maven/bootstrap
Redirecting Kotlin/Native compiler download url
Evaluating project ':compiler:build-tools:kotlin-build-tools-impl' using build file '/Users/aria/zaedalus/kotlin/compiler/build-tools/kotlin-build-tools-impl/build.gradle.kts'.
Resolved plugin [id: 'org.jetbrains.kotlin.jvm', version: '2.3.0-dev-10303']
Resolved plugin [id: 'jps-compatible']
Resolved plugin [id: 'generated-sources']
Using Kotlin Gradle Plugin gradle813 variant
kotlin scripting plugin: created the scripting discovery configuration: kotlinScriptDef
kotlin scripting plugin: created the scripting discovery configuration: testKotlinScriptDef

> Configure project :compiler:build-tools:kotlin-build-tools-jdk-utils
Using Kotlin Space bootstrap version 2.3.0-dev-10303 from https://redirector.kotlinlang.org/maven/bootstrap
Redirecting Kotlin/Native compiler download url
Evaluating project ':compiler:build-tools:kotlin-build-tools-jdk-utils' using build file '/Users/aria/zaedalus/kotlin/compiler/build-tools/kotlin-build-tools-jdk-utils/build.gradle.kts'.
Resolved plugin [id: 'org.jetbrains.kotlin.jvm', version: '2.3.0-dev-10303']
Resolved plugin [id: 'jps-compatible']
Using Kotlin Gradle Plugin gradle813 variant
kotlin scripting plugin: created the scripting discovery configuration: kotlinScriptDef
kotlin scripting plugin: created the scripting discovery configuration: testKotlinScriptDef

> Configure project :compiler:build-tools:kotlin-build-tools-options-generator
Using Kotlin Space bootstrap version 2.3.0-dev-10303 from https://redirector.kotlinlang.org/maven/bootstrap
Redirecting Kotlin/Native compiler download url
Evaluating project ':compiler:build-tools:kotlin-build-tools-options-generator' using build file '/Users/aria/zaedalus/kotlin/compiler/build-tools/kotlin-build-tools-options-generator/build.gradle.kts'.
Resolved plugin [id: 'org.jetbrains.kotlin.jvm', version: '2.3.0-dev-10303']
Resolved plugin [id: 'jps-compatible']
Resolved plugin [id: 'org.gradle.application']
Resolved plugin [id: 'project-tests-convention']
Using Kotlin Gradle Plugin gradle813 variant
kotlin scripting plugin: created the scripting discovery configuration: kotlinScriptDef
kotlin scripting plugin: created the scripting discovery configuration: testKotlinScriptDef

> Configure project :compiler:build-tools:util-kotlinpoet
Using Kotlin Space bootstrap version 2.3.0-dev-10303 from https://redirector.kotlinlang.org/maven/bootstrap
Redirecting Kotlin/Native compiler download url
Evaluating project ':compiler:build-tools:util-kotlinpoet' using build file '/Users/aria/zaedalus/kotlin/compiler/build-tools/util-kotlinpoet/build.gradle.kts'.
Resolved plugin [id: 'org.jetbrains.kotlin.jvm', version: '2.3.0-dev-10303']
Resolved plugin [id: 'jps-compatible']
Using Kotlin Gradle Plugin gradle813 variant
kotlin scripting plugin: created the scripting discovery configuration: kotlinScriptDef
kotlin scripting plugin: created the scripting discovery configuration: testKotlinScriptDef

> Configure project :compiler:cli:cli-arguments-generator
Using Kotlin Space bootstrap version 2.3.0-dev-10303 from https://redirector.kotlinlang.org/maven/bootstrap
Redirecting Kotlin/Native compiler download url
Evaluating project ':compiler:cli:cli-arguments-generator' using build file '/Users/aria/zaedalus/kotlin/compiler/cli/cli-arguments-generator/build.gradle.kts'.
Resolved plugin [id: 'org.jetbrains.kotlin.jvm', version: '2.3.0-dev-10303']
Resolved plugin [id: 'jps-compatible']
Resolved plugin [id: 'org.gradle.application']
Using Kotlin Gradle Plugin gradle813 variant
kotlin scripting plugin: created the scripting discovery configuration: kotlinScriptDef
kotlin scripting plugin: created the scripting discovery configuration: testKotlinScriptDef

> Configure project :compiler:config:configuration-keys-generator
Using Kotlin Space bootstrap version 2.3.0-dev-10303 from https://redirector.kotlinlang.org/maven/bootstrap
Redirecting Kotlin/Native compiler download url
Evaluating project ':compiler:config:configuration-keys-generator' using build file '/Users/aria/zaedalus/kotlin/compiler/config/configuration-keys-generator/build.gradle.kts'.
Resolved plugin [id: 'org.jetbrains.kotlin.jvm', version: '2.3.0-dev-10303']
Resolved plugin [id: 'jps-compatible']
Resolved plugin [id: 'org.gradle.application']
Using Kotlin Gradle Plugin gradle813 variant
kotlin scripting plugin: created the scripting discovery configuration: kotlinScriptDef
kotlin scripting plugin: created the scripting discovery configuration: testKotlinScriptDef

> Configure project :compiler:fir:analysis-tests
Using Kotlin Space bootstrap version 2.3.0-dev-10303 from https://redirector.kotlinlang.org/maven/bootstrap
Redirecting Kotlin/Native compiler download url
Evaluating project ':compiler:fir:analysis-tests' using build file '/Users/aria/zaedalus/kotlin/compiler/fir/analysis-tests/build.gradle.kts'.
Resolved plugin [id: 'org.jetbrains.kotlin.jvm', version: '2.3.0-dev-10303']
Resolved plugin [id: 'jps-compatible']
Resolved plugin [id: 'd8-configuration']
Resolved plugin [id: 'share-foreign-java-nullability-annotations']
Resolved plugin [id: 'java-test-fixtures']
Resolved plugin [id: 'project-tests-convention']
Resolved plugin [id: 'test-inputs-check']
Using Kotlin Gradle Plugin gradle813 variant
kotlin scripting plugin: created the scripting discovery configuration: kotlinScriptDef
kotlin scripting plugin: created the scripting discovery configuration: testKotlinScriptDef
kotlin scripting plugin: created the scripting discovery configuration: testFixturesKotlinScriptDef

> Configure project :compiler:fir:checkers
Using Kotlin Space bootstrap version 2.3.0-dev-10303 from https://redirector.kotlinlang.org/maven/bootstrap
Redirecting Kotlin/Native compiler download url
Evaluating project ':compiler:fir:checkers' using build file '/Users/aria/zaedalus/kotlin/compiler/fir/checkers/build.gradle.kts'.
Resolved plugin [id: 'org.jetbrains.kotlin.jvm', version: '2.3.0-dev-10303']
Resolved plugin [id: 'jps-compatible']
Resolved plugin [id: 'generated-sources']
Using Kotlin Gradle Plugin gradle813 variant
kotlin scripting plugin: created the scripting discovery configuration: kotlinScriptDef
kotlin scripting plugin: created the scripting discovery configuration: testKotlinScriptDef

> Configure project :compiler:fir:cones
Using Kotlin Space bootstrap version 2.3.0-dev-10303 from https://redirector.kotlinlang.org/maven/bootstrap
Redirecting Kotlin/Native compiler download url
Evaluating project ':compiler:fir:cones' using build file '/Users/aria/zaedalus/kotlin/compiler/fir/cones/build.gradle.kts'.
Resolved plugin [id: 'org.jetbrains.kotlin.jvm', version: '2.3.0-dev-10303']
Resolved plugin [id: 'jps-compatible']
Using Kotlin Gradle Plugin gradle813 variant
kotlin scripting plugin: created the scripting discovery configuration: kotlinScriptDef
kotlin scripting plugin: created the scripting discovery configuration: testKotlinScriptDef

> Configure project :compiler:fir:dump
Using Kotlin Space bootstrap version 2.3.0-dev-10303 from https://redirector.kotlinlang.org/maven/bootstrap
Redirecting Kotlin/Native compiler download url
Evaluating project ':compiler:fir:dump' using build file '/Users/aria/zaedalus/kotlin/compiler/fir/dump/build.gradle.kts'.
Resolved plugin [id: 'org.jetbrains.kotlin.jvm', version: '2.3.0-dev-10303']
Resolved plugin [id: 'jps-compatible']
Using Kotlin Gradle Plugin gradle813 variant
kotlin scripting plugin: created the scripting discovery configuration: kotlinScriptDef
kotlin scripting plugin: created the scripting discovery configuration: testKotlinScriptDef

> Configure project :compiler:fir:entrypoint
Using Kotlin Space bootstrap version 2.3.0-dev-10303 from https://redirector.kotlinlang.org/maven/bootstrap
Redirecting Kotlin/Native compiler download url
Evaluating project ':compiler:fir:entrypoint' using build file '/Users/aria/zaedalus/kotlin/compiler/fir/entrypoint/build.gradle.kts'.
Resolved plugin [id: 'org.jetbrains.kotlin.jvm', version: '2.3.0-dev-10303']
Resolved plugin [id: 'jps-compatible']
Using Kotlin Gradle Plugin gradle813 variant
kotlin scripting plugin: created the scripting discovery configuration: kotlinScriptDef
kotlin scripting plugin: created the scripting discovery configuration: testKotlinScriptDef

> Configure project :compiler:fir:fir-deserialization
Using Kotlin Space bootstrap version 2.3.0-dev-10303 from https://redirector.kotlinlang.org/maven/bootstrap
Redirecting Kotlin/Native compiler download url
Evaluating project ':compiler:fir:fir-deserialization' using build file '/Users/aria/zaedalus/kotlin/compiler/fir/fir-deserialization/build.gradle.kts'.
Resolved plugin [id: 'org.jetbrains.kotlin.jvm', version: '2.3.0-dev-10303']
Resolved plugin [id: 'jps-compatible']
Using Kotlin Gradle Plugin gradle813 variant
kotlin scripting plugin: created the scripting discovery configuration: kotlinScriptDef
kotlin scripting plugin: created the scripting discovery configuration: testKotlinScriptDef

> Configure project :compiler:fir:fir-js
Using Kotlin Space bootstrap version 2.3.0-dev-10303 from https://redirector.kotlinlang.org/maven/bootstrap
Redirecting Kotlin/Native compiler download url
Evaluating project ':compiler:fir:fir-js' using build file '/Users/aria/zaedalus/kotlin/compiler/fir/fir-js/build.gradle.kts'.
Resolved plugin [id: 'org.jetbrains.kotlin.jvm', version: '2.3.0-dev-10303']
Resolved plugin [id: 'jps-compatible']
Using Kotlin Gradle Plugin gradle813 variant
kotlin scripting plugin: created the scripting discovery configuration: kotlinScriptDef
kotlin scripting plugin: created the scripting discovery configuration: testKotlinScriptDef

> Configure project :compiler:fir:fir-jvm
Using Kotlin Space bootstrap version 2.3.0-dev-10303 from https://redirector.kotlinlang.org/maven/bootstrap
Redirecting Kotlin/Native compiler download url
Evaluating project ':compiler:fir:fir-jvm' using build file '/Users/aria/zaedalus/kotlin/compiler/fir/fir-jvm/build.gradle.kts'.
Resolved plugin [id: 'org.jetbrains.kotlin.jvm', version: '2.3.0-dev-10303']
Resolved plugin [id: 'jps-compatible']
Using Kotlin Gradle Plugin gradle813 variant
kotlin scripting plugin: created the scripting discovery configuration: kotlinScriptDef
kotlin scripting plugin: created the scripting discovery configuration: testKotlinScriptDef

> Configure project :compiler:fir:fir-native
Using Kotlin Space bootstrap version 2.3.0-dev-10303 from https://redirector.kotlinlang.org/maven/bootstrap
Redirecting Kotlin/Native compiler download url
Evaluating project ':compiler:fir:fir-native' using build file '/Users/aria/zaedalus/kotlin/compiler/fir/fir-native/build.gradle.kts'.
Resolved plugin [id: 'org.jetbrains.kotlin.jvm', version: '2.3.0-dev-10303']
Resolved plugin [id: 'jps-compatible']
Using Kotlin Gradle Plugin gradle813 variant
kotlin scripting plugin: created the scripting discovery configuration: kotlinScriptDef
kotlin scripting plugin: created the scripting discovery configuration: testKotlinScriptDef

> Configure project :compiler:fir:fir-serialization
Using Kotlin Space bootstrap version 2.3.0-dev-10303 from https://redirector.kotlinlang.org/maven/bootstrap
Redirecting Kotlin/Native compiler download url
Evaluating project ':compiler:fir:fir-serialization' using build file '/Users/aria/zaedalus/kotlin/compiler/fir/fir-serialization/build.gradle.kts'.
Resolved plugin [id: 'org.jetbrains.kotlin.jvm', version: '2.3.0-dev-10303']
Resolved plugin [id: 'jps-compatible']
Using Kotlin Gradle Plugin gradle813 variant
kotlin scripting plugin: created the scripting discovery configuration: kotlinScriptDef
kotlin scripting plugin: created the scripting discovery configuration: testKotlinScriptDef

> Configure project :compiler:fir:fir2ir
Using Kotlin Space bootstrap version 2.3.0-dev-10303 from https://redirector.kotlinlang.org/maven/bootstrap
Redirecting Kotlin/Native compiler download url
Evaluating project ':compiler:fir:fir2ir' using build file '/Users/aria/zaedalus/kotlin/compiler/fir/fir2ir/build.gradle.kts'.
Resolved plugin [id: 'org.jetbrains.kotlin.jvm', version: '2.3.0-dev-10303']
Resolved plugin [id: 'jps-compatible']
Resolved plugin [id: 'java-test-fixtures']
Resolved plugin [id: 'project-tests-convention']
Resolved plugin [id: 'test-inputs-check']
Using Kotlin Gradle Plugin gradle813 variant
kotlin scripting plugin: created the scripting discovery configuration: kotlinScriptDef
kotlin scripting plugin: created the scripting discovery configuration: testKotlinScriptDef
kotlin scripting plugin: created the scripting discovery configuration: testFixturesKotlinScriptDef

> Configure project :compiler:fir:modularized-tests
Using Kotlin Space bootstrap version 2.3.0-dev-10303 from https://redirector.kotlinlang.org/maven/bootstrap
Redirecting Kotlin/Native compiler download url
Evaluating project ':compiler:fir:modularized-tests' using build file '/Users/aria/zaedalus/kotlin/compiler/fir/modularized-tests/build.gradle.kts'.
Resolved plugin [id: 'org.jetbrains.kotlin.jvm', version: '2.3.0-dev-10303']
Resolved plugin [id: 'jps-compatible']
Resolved plugin [id: 'project-tests-convention']
Using Kotlin Gradle Plugin gradle813 variant
kotlin scripting plugin: created the scripting discovery configuration: kotlinScriptDef
kotlin scripting plugin: created the scripting discovery configuration: testKotlinScriptDef
w: [33m[1m⚠️ Unsupported API dependency types in test source sets[0m[0m
API dependency types are used in test source sets
Dependencies:
    - org.jetbrains.kotlin:dump:2.3.0-wit.1 (source sets: test)
    - org.jetbrains.kotlin:intellij-core:2.3.0-wit.1 (source sets: test)
    - org.jetbrains.kotlin:legacy-fir-tests:2.3.0-wit.1 (source sets: test)
    - org.jetbrains.kotlin:providers:2.3.0-wit.1 (source sets: test)
    - org.jetbrains.kotlin:resolve:2.3.0-wit.1 (source sets: test)
    - org.jetbrains.kotlin:semantics:2.3.0-wit.1 (source sets: test)
    - org.jetbrains.kotlin:tests-common:2.3.0-wit.1 (source sets: test)

Adding API dependency types to test source sets is not supported and will removed in a future version of Kotlin.

API dependencies are transitively exposed to consumers, but test source sets should not be consumable.
[32m[1mSolutions:[0m[0m
[32m • [3mReplace API dependency types in test source sets with implementation dependencies.[0m[0m
[32m • [3mFor Kotlin/JVM projects, consider using Test Fixtures https://docs.gradle.org/current/userguide/java_testing.html#sec:java_test_fixtures[0m[0m
[32m • [3mFor Test Fixtures support in non-Kotlin/JVM projects, please add your use-case to https://youtrack.jetbrains.com/issue/KT-63142[0m[0m


> Configure project :compiler:fir:plugin-utils
Using Kotlin Space bootstrap version 2.3.0-dev-10303 from https://redirector.kotlinlang.org/maven/bootstrap
Redirecting Kotlin/Native compiler download url
Evaluating project ':compiler:fir:plugin-utils' using build file '/Users/aria/zaedalus/kotlin/compiler/fir/plugin-utils/build.gradle.kts'.
Resolved plugin [id: 'org.jetbrains.kotlin.jvm', version: '2.3.0-dev-10303']
Resolved plugin [id: 'jps-compatible']
Using Kotlin Gradle Plugin gradle813 variant
kotlin scripting plugin: created the scripting discovery configuration: kotlinScriptDef
kotlin scripting plugin: created the scripting discovery configuration: testKotlinScriptDef

> Configure project :compiler:fir:providers
Using Kotlin Space bootstrap version 2.3.0-dev-10303 from https://redirector.kotlinlang.org/maven/bootstrap
Redirecting Kotlin/Native compiler download url
Evaluating project ':compiler:fir:providers' using build file '/Users/aria/zaedalus/kotlin/compiler/fir/providers/build.gradle.kts'.
Resolved plugin [id: 'org.jetbrains.kotlin.jvm', version: '2.3.0-dev-10303']
Resolved plugin [id: 'jps-compatible']
Using Kotlin Gradle Plugin gradle813 variant
kotlin scripting plugin: created the scripting discovery configuration: kotlinScriptDef
kotlin scripting plugin: created the scripting discovery configuration: testKotlinScriptDef

> Configure project :compiler:fir:raw-fir
Using Kotlin Space bootstrap version 2.3.0-dev-10303 from https://redirector.kotlinlang.org/maven/bootstrap
Redirecting Kotlin/Native compiler download url
Evaluating project ':compiler:fir:raw-fir' using build file '/Users/aria/zaedalus/kotlin/compiler/fir/raw-fir/build.gradle'.

> Configure project :compiler:fir:resolve
Using Kotlin Space bootstrap version 2.3.0-dev-10303 from https://redirector.kotlinlang.org/maven/bootstrap
Redirecting Kotlin/Native compiler download url
Evaluating project ':compiler:fir:resolve' using build file '/Users/aria/zaedalus/kotlin/compiler/fir/resolve/build.gradle.kts'.
Resolved plugin [id: 'org.jetbrains.kotlin.jvm', version: '2.3.0-dev-10303']
Resolved plugin [id: 'jps-compatible']
Using Kotlin Gradle Plugin gradle813 variant
kotlin scripting plugin: created the scripting discovery configuration: kotlinScriptDef
kotlin scripting plugin: created the scripting discovery configuration: testKotlinScriptDef

> Configure project :compiler:fir:semantics
Using Kotlin Space bootstrap version 2.3.0-dev-10303 from https://redirector.kotlinlang.org/maven/bootstrap
Redirecting Kotlin/Native compiler download url
Evaluating project ':compiler:fir:semantics' using build file '/Users/aria/zaedalus/kotlin/compiler/fir/semantics/build.gradle.kts'.
Resolved plugin [id: 'org.jetbrains.kotlin.jvm', version: '2.3.0-dev-10303']
Resolved plugin [id: 'jps-compatible']
Using Kotlin Gradle Plugin gradle813 variant
kotlin scripting plugin: created the scripting discovery configuration: kotlinScriptDef
kotlin scripting plugin: created the scripting discovery configuration: testKotlinScriptDef

> Configure project :compiler:fir:tree
Using Kotlin Space bootstrap version 2.3.0-dev-10303 from https://redirector.kotlinlang.org/maven/bootstrap
Redirecting Kotlin/Native compiler download url
Evaluating project ':compiler:fir:tree' using build file '/Users/aria/zaedalus/kotlin/compiler/fir/tree/build.gradle.kts'.
Resolved plugin [id: 'org.jetbrains.kotlin.jvm', version: '2.3.0-dev-10303']
Resolved plugin [id: 'jps-compatible']
Resolved plugin [id: 'generated-sources']
Using Kotlin Gradle Plugin gradle813 variant
kotlin scripting plugin: created the scripting discovery configuration: kotlinScriptDef
kotlin scripting plugin: created the scripting discovery configuration: testKotlinScriptDef

> Configure project :compiler:frontend:cfg
Using Kotlin Space bootstrap version 2.3.0-dev-10303 from https://redirector.kotlinlang.org/maven/bootstrap
Redirecting Kotlin/Native compiler download url
Evaluating project ':compiler:frontend:cfg' using build file '/Users/aria/zaedalus/kotlin/compiler/frontend/cfg/build.gradle.kts'.
Resolved plugin [id: 'org.jetbrains.kotlin.jvm', version: '2.3.0-dev-10303']
Resolved plugin [id: 'jps-compatible']
Using Kotlin Gradle Plugin gradle813 variant
kotlin scripting plugin: created the scripting discovery configuration: kotlinScriptDef
kotlin scripting plugin: created the scripting discovery configuration: testKotlinScriptDef

> Configure project :compiler:ir.tree:tree-generator
Using Kotlin Space bootstrap version 2.3.0-dev-10303 from https://redirector.kotlinlang.org/maven/bootstrap
Redirecting Kotlin/Native compiler download url
Evaluating project ':compiler:ir.tree:tree-generator' using build file '/Users/aria/zaedalus/kotlin/compiler/ir/ir.tree/tree-generator/build.gradle.kts'.
Resolved plugin [id: 'org.jetbrains.kotlin.jvm', version: '2.3.0-dev-10303']
Resolved plugin [id: 'jps-compatible']
Resolved plugin [id: 'org.gradle.application']
Using Kotlin Gradle Plugin gradle813 variant
kotlin scripting plugin: created the scripting discovery configuration: kotlinScriptDef
kotlin scripting plugin: created the scripting discovery configuration: testKotlinScriptDef

> Configure project :compiler:psi:parser
Using Kotlin Space bootstrap version 2.3.0-dev-10303 from https://redirector.kotlinlang.org/maven/bootstrap
Redirecting Kotlin/Native compiler download url
Evaluating project ':compiler:psi:parser' using build file '/Users/aria/zaedalus/kotlin/compiler/psi/parser/build.gradle.kts'.
Resolved plugin [id: 'org.jetbrains.kotlin.jvm', version: '2.3.0-dev-10303']
Resolved plugin [id: 'jps-compatible']
Using Kotlin Gradle Plugin gradle813 variant
kotlin scripting plugin: created the scripting discovery configuration: kotlinScriptDef
kotlin scripting plugin: created the scripting discovery configuration: testKotlinScriptDef

> Configure project :compiler:psi:psi-api
Using Kotlin Space bootstrap version 2.3.0-dev-10303 from https://redirector.kotlinlang.org/maven/bootstrap
Redirecting Kotlin/Native compiler download url
Evaluating project ':compiler:psi:psi-api' using build file '/Users/aria/zaedalus/kotlin/compiler/psi/psi-api/build.gradle.kts'.
Resolved plugin [id: 'org.jetbrains.kotlin.jvm', version: '2.3.0-dev-10303']
Resolved plugin [id: 'jps-compatible']
Resolved plugin [id: 'org.jetbrains.kotlinx.binary-compatibility-validator']
Resolved plugin [id: 'java-test-fixtures']
Resolved plugin [id: 'project-tests-convention']
Using Kotlin Gradle Plugin gradle813 variant
kotlin scripting plugin: created the scripting discovery configuration: kotlinScriptDef
kotlin scripting plugin: created the scripting discovery configuration: testKotlinScriptDef
kotlin scripting plugin: created the scripting discovery configuration: testFixturesKotlinScriptDef

> Configure project :compiler:psi:psi-frontend-utils
Using Kotlin Space bootstrap version 2.3.0-dev-10303 from https://redirector.kotlinlang.org/maven/bootstrap
Redirecting Kotlin/Native compiler download url
Evaluating project ':compiler:psi:psi-frontend-utils' using build file '/Users/aria/zaedalus/kotlin/compiler/psi/psi-frontend-utils/build.gradle.kts'.
Resolved plugin [id: 'org.jetbrains.kotlin.jvm', version: '2.3.0-dev-10303']
Resolved plugin [id: 'jps-compatible']
Using Kotlin Gradle Plugin gradle813 variant
kotlin scripting plugin: created the scripting discovery configuration: kotlinScriptDef
kotlin scripting plugin: created the scripting discovery configuration: testKotlinScriptDef

> Configure project :compiler:psi:psi-impl
Using Kotlin Space bootstrap version 2.3.0-dev-10303 from https://redirector.kotlinlang.org/maven/bootstrap
Redirecting Kotlin/Native compiler download url
Evaluating project ':compiler:psi:psi-impl' using build file '/Users/aria/zaedalus/kotlin/compiler/psi/psi-impl/build.gradle.kts'.
Resolved plugin [id: 'org.jetbrains.kotlin.jvm', version: '2.3.0-dev-10303']
Resolved plugin [id: 'jps-compatible']
Using Kotlin Gradle Plugin gradle813 variant
kotlin scripting plugin: created the scripting discovery configuration: kotlinScriptDef
kotlin scripting plugin: created the scripting discovery configuration: testKotlinScriptDef

> Configure project :compiler:psi:psi-utils
Using Kotlin Space bootstrap version 2.3.0-dev-10303 from https://redirector.kotlinlang.org/maven/bootstrap
Redirecting Kotlin/Native compiler download url
Evaluating project ':compiler:psi:psi-utils' using build file '/Users/aria/zaedalus/kotlin/compiler/psi/psi-utils/build.gradle.kts'.
Resolved plugin [id: 'org.jetbrains.kotlin.jvm', version: '2.3.0-dev-10303']
Resolved plugin [id: 'jps-compatible']
Using Kotlin Gradle Plugin gradle813 variant
kotlin scripting plugin: created the scripting discovery configuration: kotlinScriptDef
kotlin scripting plugin: created the scripting discovery configuration: testKotlinScriptDef

> Configure project :compiler:tests-mutes:mutes-junit4
Using Kotlin Space bootstrap version 2.3.0-dev-10303 from https://redirector.kotlinlang.org/maven/bootstrap
Redirecting Kotlin/Native compiler download url
Evaluating project ':compiler:tests-mutes:mutes-junit4' using build file '/Users/aria/zaedalus/kotlin/compiler/tests-mutes/mutes-junit4/build.gradle.kts'.
Resolved plugin [id: 'org.jetbrains.kotlin.jvm', version: '2.3.0-dev-10303']
Resolved plugin [id: 'jps-compatible']
Resolved plugin [id: 'gradle-plugin-compiler-dependency-configuration']
Using Kotlin Gradle Plugin gradle813 variant
kotlin scripting plugin: created the scripting discovery configuration: kotlinScriptDef
kotlin scripting plugin: created the scripting discovery configuration: testKotlinScriptDef

> Configure project :compiler:tests-mutes:mutes-junit5
Using Kotlin Space bootstrap version 2.3.0-dev-10303 from https://redirector.kotlinlang.org/maven/bootstrap
Redirecting Kotlin/Native compiler download url
Evaluating project ':compiler:tests-mutes:mutes-junit5' using build file '/Users/aria/zaedalus/kotlin/compiler/tests-mutes/mutes-junit5/build.gradle.kts'.
Resolved plugin [id: 'org.jetbrains.kotlin.jvm', version: '2.3.0-dev-10303']
Resolved plugin [id: 'jps-compatible']
Resolved plugin [id: 'gradle-plugin-compiler-dependency-configuration']
Using Kotlin Gradle Plugin gradle813 variant
kotlin scripting plugin: created the scripting discovery configuration: kotlinScriptDef
kotlin scripting plugin: created the scripting discovery configuration: testKotlinScriptDef

> Configure project :dependencies:bootstrap:kotlin-build-tools-api-bootstrap
Using Kotlin Space bootstrap version 2.3.0-dev-10303 from https://redirector.kotlinlang.org/maven/bootstrap
Redirecting Kotlin/Native compiler download url
Evaluating project ':dependencies:bootstrap:kotlin-build-tools-api-bootstrap' using build file '/Users/aria/zaedalus/kotlin/dependencies/bootstrap/kotlin-build-tools-api-bootstrap/build.gradle.kts'.

> Configure project :dependencies:bootstrap:kotlin-build-tools-compat-bootstrap
Using Kotlin Space bootstrap version 2.3.0-dev-10303 from https://redirector.kotlinlang.org/maven/bootstrap
Redirecting Kotlin/Native compiler download url
Evaluating project ':dependencies:bootstrap:kotlin-build-tools-compat-bootstrap' using build file '/Users/aria/zaedalus/kotlin/dependencies/bootstrap/kotlin-build-tools-compat-bootstrap/build.gradle.kts'.

> Configure project :dependencies:bootstrap:kotlin-build-tools-impl-bootstrap
Using Kotlin Space bootstrap version 2.3.0-dev-10303 from https://redirector.kotlinlang.org/maven/bootstrap
Redirecting Kotlin/Native compiler download url
Evaluating project ':dependencies:bootstrap:kotlin-build-tools-impl-bootstrap' using build file '/Users/aria/zaedalus/kotlin/dependencies/bootstrap/kotlin-build-tools-impl-bootstrap/build.gradle.kts'.

> Configure project :dependencies:bootstrap:kotlin-compiler-embeddable-bootstrap
Using Kotlin Space bootstrap version 2.3.0-dev-10303 from https://redirector.kotlinlang.org/maven/bootstrap
Redirecting Kotlin/Native compiler download url
Evaluating project ':dependencies:bootstrap:kotlin-compiler-embeddable-bootstrap' using build file '/Users/aria/zaedalus/kotlin/dependencies/bootstrap/kotlin-compiler-embeddable-bootstrap/build.gradle.kts'.

> Configure project :dependencies:bootstrap:kotlin-compiler-runner-bootstrap
Using Kotlin Space bootstrap version 2.3.0-dev-10303 from https://redirector.kotlinlang.org/maven/bootstrap
Redirecting Kotlin/Native compiler download url
Evaluating project ':dependencies:bootstrap:kotlin-compiler-runner-bootstrap' using build file '/Users/aria/zaedalus/kotlin/dependencies/bootstrap/kotlin-compiler-runner-bootstrap/build.gradle.kts'.

> Configure project :dependencies:bootstrap:kotlin-daemon-client-bootstrap
Using Kotlin Space bootstrap version 2.3.0-dev-10303 from https://redirector.kotlinlang.org/maven/bootstrap
Redirecting Kotlin/Native compiler download url
Evaluating project ':dependencies:bootstrap:kotlin-daemon-client-bootstrap' using build file '/Users/aria/zaedalus/kotlin/dependencies/bootstrap/kotlin-daemon-client-bootstrap/build.gradle.kts'.

> Configure project :dependencies:bootstrap:kotlin-reflect-bootstrap
Using Kotlin Space bootstrap version 2.3.0-dev-10303 from https://redirector.kotlinlang.org/maven/bootstrap
Redirecting Kotlin/Native compiler download url
Evaluating project ':dependencies:bootstrap:kotlin-reflect-bootstrap' using build file '/Users/aria/zaedalus/kotlin/dependencies/bootstrap/kotlin-reflect-bootstrap/build.gradle.kts'.

> Configure project :dependencies:bootstrap:kotlin-script-runtime-bootstrap
Using Kotlin Space bootstrap version 2.3.0-dev-10303 from https://redirector.kotlinlang.org/maven/bootstrap
Redirecting Kotlin/Native compiler download url
Evaluating project ':dependencies:bootstrap:kotlin-script-runtime-bootstrap' using build file '/Users/aria/zaedalus/kotlin/dependencies/bootstrap/kotlin-script-runtime-bootstrap/build.gradle.kts'.

> Configure project :dependencies:bootstrap:kotlin-scripting-common-bootstrap
Using Kotlin Space bootstrap version 2.3.0-dev-10303 from https://redirector.kotlinlang.org/maven/bootstrap
Redirecting Kotlin/Native compiler download url
Evaluating project ':dependencies:bootstrap:kotlin-scripting-common-bootstrap' using build file '/Users/aria/zaedalus/kotlin/dependencies/bootstrap/kotlin-scripting-common-bootstrap/build.gradle.kts'.

> Configure project :dependencies:bootstrap:kotlin-scripting-jvm-bootstrap
Using Kotlin Space bootstrap version 2.3.0-dev-10303 from https://redirector.kotlinlang.org/maven/bootstrap
Redirecting Kotlin/Native compiler download url
Evaluating project ':dependencies:bootstrap:kotlin-scripting-jvm-bootstrap' using build file '/Users/aria/zaedalus/kotlin/dependencies/bootstrap/kotlin-scripting-jvm-bootstrap/build.gradle.kts'.

> Configure project :dependencies:bootstrap:kotlin-stdlib-bootstrap
Using Kotlin Space bootstrap version 2.3.0-dev-10303 from https://redirector.kotlinlang.org/maven/bootstrap
Redirecting Kotlin/Native compiler download url
Evaluating project ':dependencies:bootstrap:kotlin-stdlib-bootstrap' using build file '/Users/aria/zaedalus/kotlin/dependencies/bootstrap/kotlin-stdlib-bootstrap/build.gradle.kts'.

> Configure project :dependencies:bootstrap:kotlin-tooling-core-bootstrap
Using Kotlin Space bootstrap version 2.3.0-dev-10303 from https://redirector.kotlinlang.org/maven/bootstrap
Redirecting Kotlin/Native compiler download url
Evaluating project ':dependencies:bootstrap:kotlin-tooling-core-bootstrap' using build file '/Users/aria/zaedalus/kotlin/dependencies/bootstrap/kotlin-tooling-core-bootstrap/build.gradle.kts'.

> Configure project :generators:analysis-api-generator:generator-kotlin-native
Using Kotlin Space bootstrap version 2.3.0-dev-10303 from https://redirector.kotlinlang.org/maven/bootstrap
Redirecting Kotlin/Native compiler download url
Evaluating project ':generators:analysis-api-generator:generator-kotlin-native' using build file '/Users/aria/zaedalus/kotlin/generators/analysis-api-generator/generator-kotlin-native/build.gradle.kts'.
Resolved plugin [id: 'org.jetbrains.kotlin.jvm', version: '2.3.0-dev-10303']
Resolved plugin [id: 'jps-compatible']
Using Kotlin Gradle Plugin gradle813 variant
kotlin scripting plugin: created the scripting discovery configuration: kotlinScriptDef
kotlin scripting plugin: created the scripting discovery configuration: testKotlinScriptDef

> Configure project :js:js.tests:klib-compatibility
Using Kotlin Space bootstrap version 2.3.0-dev-10303 from https://redirector.kotlinlang.org/maven/bootstrap
Redirecting Kotlin/Native compiler download url
Evaluating project ':js:js.tests:klib-compatibility' using build file '/Users/aria/zaedalus/kotlin/js/js.tests/klib-compatibility/build.gradle.kts'.
Resolved plugin [id: 'org.jetbrains.kotlin.jvm', version: '2.3.0-dev-10303']
Resolved plugin [id: 'com.github.node-gradle.node', version: '7.0.2']
Resolved plugin [id: 'java-test-fixtures']
Resolved plugin [id: 'd8-configuration']
Resolved plugin [id: 'project-tests-convention']
Using Kotlin Gradle Plugin gradle813 variant
kotlin scripting plugin: created the scripting discovery configuration: kotlinScriptDef
kotlin scripting plugin: created the scripting discovery configuration: testKotlinScriptDef
Starting process 'command 'uname''. Working directory: /Users/aria/zaedalus/kotlin Command: uname -m
Successfully started process 'command 'uname''
kotlin scripting plugin: created the scripting discovery configuration: testFixturesKotlinScriptDef

> Configure project :libraries:tools:abi-comparator
Using Kotlin Space bootstrap version 2.3.0-dev-10303 from https://redirector.kotlinlang.org/maven/bootstrap
Redirecting Kotlin/Native compiler download url
Evaluating project ':libraries:tools:abi-comparator' using build file '/Users/aria/zaedalus/kotlin/libraries/tools/abi-comparator/build.gradle.kts'.
Resolved plugin [id: 'org.jetbrains.kotlin.jvm', version: '2.3.0-dev-10303']
Resolved plugin [id: 'jps-compatible']
Resolved plugin [id: 'org.gradle.application']
Using Kotlin Gradle Plugin gradle813 variant
kotlin scripting plugin: created the scripting discovery configuration: kotlinScriptDef
kotlin scripting plugin: created the scripting discovery configuration: testKotlinScriptDef

> Configure project :libraries:tools:abi-validation
Using Kotlin Space bootstrap version 2.3.0-dev-10303 from https://redirector.kotlinlang.org/maven/bootstrap
Redirecting Kotlin/Native compiler download url
Evaluating project ':libraries:tools:abi-validation' using build file '/Users/aria/zaedalus/kotlin/libraries/tools/abi-validation/build.gradle'.

> Configure project :libraries:tools:analysis-api-based-klib-reader
Using Kotlin Space bootstrap version 2.3.0-dev-10303 from https://redirector.kotlinlang.org/maven/bootstrap
Redirecting Kotlin/Native compiler download url
Evaluating project ':libraries:tools:analysis-api-based-klib-reader' using build file '/Users/aria/zaedalus/kotlin/libraries/tools/analysis-api-based-klib-reader/build.gradle.kts'.
Resolved plugin [id: 'org.jetbrains.kotlin.jvm', version: '2.3.0-dev-10303']
Resolved plugin [id: 'jps-compatible']
Resolved plugin [id: 'project-tests-convention']
Using Kotlin Gradle Plugin gradle813 variant
kotlin scripting plugin: created the scripting discovery configuration: kotlinScriptDef
kotlin scripting plugin: created the scripting discovery configuration: testKotlinScriptDef

> Configure project :libraries:tools:gradle
Using Kotlin Space bootstrap version 2.3.0-dev-10303 from https://redirector.kotlinlang.org/maven/bootstrap
Redirecting Kotlin/Native compiler download url
Evaluating project ':libraries:tools:gradle' using build file '/Users/aria/zaedalus/kotlin/libraries/tools/gradle/build.gradle'.

> Configure project :libraries:tools:js-plain-objects
Using Kotlin Space bootstrap version 2.3.0-dev-10303 from https://redirector.kotlinlang.org/maven/bootstrap
Redirecting Kotlin/Native compiler download url
Evaluating project ':libraries:tools:js-plain-objects' using build file '/Users/aria/zaedalus/kotlin/libraries/tools/js-plain-objects/build.gradle.kts'.
Resolved plugin [id: 'gradle-plugin-common-configuration']
Using Kotlin Gradle Plugin gradle813 variant
kotlin scripting plugin: created the scripting discovery configuration: kotlinScriptDef
kotlin scripting plugin: created the scripting discovery configuration: testKotlinScriptDef
kotlin scripting plugin: created the scripting discovery configuration: commonKotlinScriptDef
kotlin scripting plugin: created the scripting discovery configuration: gradle80KotlinScriptDef
kotlin scripting plugin: created the scripting discovery configuration: gradle81KotlinScriptDef
kotlin scripting plugin: created the scripting discovery configuration: gradle82KotlinScriptDef
kotlin scripting plugin: created the scripting discovery configuration: gradle85KotlinScriptDef
kotlin scripting plugin: created the scripting discovery configuration: gradle86KotlinScriptDef
kotlin scripting plugin: created the scripting discovery configuration: gradle88KotlinScriptDef
kotlin scripting plugin: created the scripting discovery configuration: gradle811KotlinScriptDef
kotlin scripting plugin: created the scripting discovery configuration: gradle813KotlinScriptDef
(dependency analysis) :libraries:tools:js-plain-objects was already configured for the java-library plugin

> Configure project :libraries:tools:kotlin-gradle-plugin-api
Using Kotlin Space bootstrap version 2.3.0-dev-10303 from https://redirector.kotlinlang.org/maven/bootstrap
Redirecting Kotlin/Native compiler download url
Evaluating project ':libraries:tools:kotlin-gradle-plugin-api' using build file '/Users/aria/zaedalus/kotlin/libraries/tools/kotlin-gradle-plugin-api/build.gradle.kts'.
Resolved plugin [id: 'gradle-plugin-dependency-configuration']
Resolved plugin [id: 'jps-compatible']
Resolved plugin [id: 'org.jetbrains.kotlinx.binary-compatibility-validator']
Resolved plugin [id: 'gradle-plugin-api-reference']
Using Kotlin Gradle Plugin gradle813 variant
kotlin scripting plugin: created the scripting discovery configuration: kotlinScriptDef
kotlin scripting plugin: created the scripting discovery configuration: testKotlinScriptDef
kotlin scripting plugin: created the scripting discovery configuration: commonKotlinScriptDef
kotlin scripting plugin: created the scripting discovery configuration: gradle80KotlinScriptDef
kotlin scripting plugin: created the scripting discovery configuration: gradle81KotlinScriptDef
kotlin scripting plugin: created the scripting discovery configuration: gradle82KotlinScriptDef
kotlin scripting plugin: created the scripting discovery configuration: gradle85KotlinScriptDef
kotlin scripting plugin: created the scripting discovery configuration: gradle86KotlinScriptDef
kotlin scripting plugin: created the scripting discovery configuration: gradle88KotlinScriptDef
kotlin scripting plugin: created the scripting discovery configuration: gradle811KotlinScriptDef
kotlin scripting plugin: created the scripting discovery configuration: gradle813KotlinScriptDef
(dependency analysis) :libraries:tools:kotlin-gradle-plugin-api was already configured for the java-library plugin

> Configure project :libraries:tools:mutability-annotations-compat
Using Kotlin Space bootstrap version 2.3.0-dev-10303 from https://redirector.kotlinlang.org/maven/bootstrap
Redirecting Kotlin/Native compiler download url
Evaluating project ':libraries:tools:mutability-annotations-compat' using build file '/Users/aria/zaedalus/kotlin/libraries/tools/mutability-annotations-compat/build.gradle.kts'.
Resolved plugin [id: 'org.gradle.java']
Resolved plugin [id: 'jps-compatible']

> Configure project :native:external-projects-test-utils:testExtensionsLibrary
Using Kotlin Space bootstrap version 2.3.0-dev-10303 from https://redirector.kotlinlang.org/maven/bootstrap
Redirecting Kotlin/Native compiler download url
Evaluating project ':native:external-projects-test-utils:testExtensionsLibrary' using build file '/Users/aria/zaedalus/kotlin/native/external-projects-test-utils/testDependencies/testExtensionsLibrary/build.gradle.kts'.
Resolved plugin [id: 'objc-export-header-generator-test-library']
Using Kotlin Gradle Plugin gradle813 variant

> Configure project :native:external-projects-test-utils:testInternalLibrary
Using Kotlin Space bootstrap version 2.3.0-dev-10303 from https://redirector.kotlinlang.org/maven/bootstrap
Redirecting Kotlin/Native compiler download url
Evaluating project ':native:external-projects-test-utils:testInternalLibrary' using build file '/Users/aria/zaedalus/kotlin/native/external-projects-test-utils/testDependencies/testInternalLibrary/build.gradle.kts'.
Resolved plugin [id: 'objc-export-header-generator-test-library']
Using Kotlin Gradle Plugin gradle813 variant

> Configure project :native:external-projects-test-utils:testLibraryA
Using Kotlin Space bootstrap version 2.3.0-dev-10303 from https://redirector.kotlinlang.org/maven/bootstrap
Redirecting Kotlin/Native compiler download url
Evaluating project ':native:external-projects-test-utils:testLibraryA' using build file '/Users/aria/zaedalus/kotlin/native/external-projects-test-utils/testDependencies/testLibraryA/build.gradle.kts'.
Resolved plugin [id: 'objc-export-header-generator-test-library']
Using Kotlin Gradle Plugin gradle813 variant

> Configure project :native:external-projects-test-utils:testLibraryB
Using Kotlin Space bootstrap version 2.3.0-dev-10303 from https://redirector.kotlinlang.org/maven/bootstrap
Redirecting Kotlin/Native compiler download url
Evaluating project ':native:external-projects-test-utils:testLibraryB' using build file '/Users/aria/zaedalus/kotlin/native/external-projects-test-utils/testDependencies/testLibraryB/build.gradle.kts'.
Resolved plugin [id: 'objc-export-header-generator-test-library']
Using Kotlin Gradle Plugin gradle813 variant

> Configure project :native:external-projects-test-utils:testLibraryC
Using Kotlin Space bootstrap version 2.3.0-dev-10303 from https://redirector.kotlinlang.org/maven/bootstrap
Redirecting Kotlin/Native compiler download url
Evaluating project ':native:external-projects-test-utils:testLibraryC' using build file '/Users/aria/zaedalus/kotlin/native/external-projects-test-utils/testDependencies/testLibraryC/build.gradle.kts'.
Resolved plugin [id: 'objc-export-header-generator-test-library']
Using Kotlin Gradle Plugin gradle813 variant

> Configure project :native:native.tests:codegen-box
Using Kotlin Space bootstrap version 2.3.0-dev-10303 from https://redirector.kotlinlang.org/maven/bootstrap
Redirecting Kotlin/Native compiler download url
Evaluating project ':native:native.tests:codegen-box' using build file '/Users/aria/zaedalus/kotlin/native/native.tests/codegen-box/build.gradle.kts'.
Resolved plugin [id: 'org.jetbrains.kotlin.jvm', version: '2.3.0-dev-10303']
Resolved plugin [id: 'jps-compatible']
Resolved plugin [id: 'project-tests-convention']
Resolved plugin [id: 'test-inputs-check']
Using Kotlin Gradle Plugin gradle813 variant
kotlin scripting plugin: created the scripting discovery configuration: kotlinScriptDef
kotlin scripting plugin: created the scripting discovery configuration: testKotlinScriptDef

> Configure project :native:native.tests:driver
Using Kotlin Space bootstrap version 2.3.0-dev-10303 from https://redirector.kotlinlang.org/maven/bootstrap
Redirecting Kotlin/Native compiler download url
Evaluating project ':native:native.tests:driver' using build file '/Users/aria/zaedalus/kotlin/native/native.tests/driver/build.gradle.kts'.
Resolved plugin [id: 'org.jetbrains.kotlin.jvm', version: '2.3.0-dev-10303']
Resolved plugin [id: 'project-tests-convention']
Using Kotlin Gradle Plugin gradle813 variant
kotlin scripting plugin: created the scripting discovery configuration: kotlinScriptDef
kotlin scripting plugin: created the scripting discovery configuration: testKotlinScriptDef

> Configure project :native:native.tests:gc-fuzzing-tests
Using Kotlin Space bootstrap version 2.3.0-dev-10303 from https://redirector.kotlinlang.org/maven/bootstrap
Redirecting Kotlin/Native compiler download url
Evaluating project ':native:native.tests:gc-fuzzing-tests' using build file '/Users/aria/zaedalus/kotlin/native/native.tests/gc-fuzzing-tests/build.gradle.kts'.
Resolved plugin [id: 'org.jetbrains.kotlin.jvm', version: '2.3.0-dev-10303']
Resolved plugin [id: 'project-tests-convention']
Using Kotlin Gradle Plugin gradle813 variant
kotlin scripting plugin: created the scripting discovery configuration: kotlinScriptDef
kotlin scripting plugin: created the scripting discovery configuration: testKotlinScriptDef

> Configure project :native:native.tests:klib-compatibility
Using Kotlin Space bootstrap version 2.3.0-dev-10303 from https://redirector.kotlinlang.org/maven/bootstrap
Redirecting Kotlin/Native compiler download url
Evaluating project ':native:native.tests:klib-compatibility' using build file '/Users/aria/zaedalus/kotlin/native/native.tests/klib-compatibility/build.gradle.kts'.
Resolved plugin [id: 'org.jetbrains.kotlin.jvm', version: '2.3.0-dev-10303']
Using Kotlin Gradle Plugin gradle813 variant
kotlin scripting plugin: created the scripting discovery configuration: kotlinScriptDef
kotlin scripting plugin: created the scripting discovery configuration: testKotlinScriptDef

> Configure project :native:native.tests:klib-ir-inliner
Using Kotlin Space bootstrap version 2.3.0-dev-10303 from https://redirector.kotlinlang.org/maven/bootstrap
Redirecting Kotlin/Native compiler download url
Evaluating project ':native:native.tests:klib-ir-inliner' using build file '/Users/aria/zaedalus/kotlin/native/native.tests/klib-ir-inliner/build.gradle.kts'.
Resolved plugin [id: 'org.jetbrains.kotlin.jvm', version: '2.3.0-dev-10303']
Resolved plugin [id: 'java-test-fixtures']
Resolved plugin [id: 'project-tests-convention']
Resolved plugin [id: 'test-inputs-check']
Using Kotlin Gradle Plugin gradle813 variant
kotlin scripting plugin: created the scripting discovery configuration: kotlinScriptDef
kotlin scripting plugin: created the scripting discovery configuration: testKotlinScriptDef
kotlin scripting plugin: created the scripting discovery configuration: testFixturesKotlinScriptDef

> Configure project :native:native.tests:litmus-tests
Using Kotlin Space bootstrap version 2.3.0-dev-10303 from https://redirector.kotlinlang.org/maven/bootstrap
Redirecting Kotlin/Native compiler download url
Evaluating project ':native:native.tests:litmus-tests' using build file '/Users/aria/zaedalus/kotlin/native/native.tests/litmus-tests/build.gradle.kts'.
Resolved plugin [id: 'org.jetbrains.kotlin.jvm', version: '2.3.0-dev-10303']
Resolved plugin [id: 'project-tests-convention']
Using Kotlin Gradle Plugin gradle813 variant
kotlin scripting plugin: created the scripting discovery configuration: kotlinScriptDef
kotlin scripting plugin: created the scripting discovery configuration: testKotlinScriptDef

> Configure project :native:native.tests:stress
Using Kotlin Space bootstrap version 2.3.0-dev-10303 from https://redirector.kotlinlang.org/maven/bootstrap
Redirecting Kotlin/Native compiler download url
Evaluating project ':native:native.tests:stress' using build file '/Users/aria/zaedalus/kotlin/native/native.tests/stress/build.gradle.kts'.
Resolved plugin [id: 'org.jetbrains.kotlin.jvm', version: '2.3.0-dev-10303']
Resolved plugin [id: 'project-tests-convention']
Resolved plugin [id: 'test-inputs-check']
Using Kotlin Gradle Plugin gradle813 variant
kotlin scripting plugin: created the scripting discovery configuration: kotlinScriptDef
kotlin scripting plugin: created the scripting discovery configuration: testKotlinScriptDef

> Configure project :native:swift:sir
Using Kotlin Space bootstrap version 2.3.0-dev-10303 from https://redirector.kotlinlang.org/maven/bootstrap
Redirecting Kotlin/Native compiler download url
Evaluating project ':native:swift:sir' using build file '/Users/aria/zaedalus/kotlin/native/swift/sir/build.gradle.kts'.
Resolved plugin [id: 'org.jetbrains.kotlin.jvm', version: '2.3.0-dev-10303']
Resolved plugin [id: 'jps-compatible']
Resolved plugin [id: 'generated-sources']
Using Kotlin Gradle Plugin gradle813 variant
kotlin scripting plugin: created the scripting discovery configuration: kotlinScriptDef
kotlin scripting plugin: created the scripting discovery configuration: testKotlinScriptDef

> Configure project :native:swift:sir-light-classes
Using Kotlin Space bootstrap version 2.3.0-dev-10303 from https://redirector.kotlinlang.org/maven/bootstrap
Redirecting Kotlin/Native compiler download url
Evaluating project ':native:swift:sir-light-classes' using build file '/Users/aria/zaedalus/kotlin/native/swift/sir-light-classes/build.gradle.kts'.
Resolved plugin [id: 'org.jetbrains.kotlin.jvm', version: '2.3.0-dev-10303']
Resolved plugin [id: 'jps-compatible']
Resolved plugin [id: 'project-tests-convention']
Using Kotlin Gradle Plugin gradle813 variant
kotlin scripting plugin: created the scripting discovery configuration: kotlinScriptDef
kotlin scripting plugin: created the scripting discovery configuration: testKotlinScriptDef

> Configure project :native:swift:sir-printer
Using Kotlin Space bootstrap version 2.3.0-dev-10303 from https://redirector.kotlinlang.org/maven/bootstrap
Redirecting Kotlin/Native compiler download url
Evaluating project ':native:swift:sir-printer' using build file '/Users/aria/zaedalus/kotlin/native/swift/sir-printer/build.gradle.kts'.
Resolved plugin [id: 'org.jetbrains.kotlin.jvm', version: '2.3.0-dev-10303']
Resolved plugin [id: 'jps-compatible']
Resolved plugin [id: 'project-tests-convention']
Using Kotlin Gradle Plugin gradle813 variant
kotlin scripting plugin: created the scripting discovery configuration: kotlinScriptDef
kotlin scripting plugin: created the scripting discovery configuration: testKotlinScriptDef

> Configure project :native:swift:sir-providers
Using Kotlin Space bootstrap version 2.3.0-dev-10303 from https://redirector.kotlinlang.org/maven/bootstrap
Redirecting Kotlin/Native compiler download url
Evaluating project ':native:swift:sir-providers' using build file '/Users/aria/zaedalus/kotlin/native/swift/sir-providers/build.gradle.kts'.
Resolved plugin [id: 'org.jetbrains.kotlin.jvm', version: '2.3.0-dev-10303']
Resolved plugin [id: 'jps-compatible']
Using Kotlin Gradle Plugin gradle813 variant
kotlin scripting plugin: created the scripting discovery configuration: kotlinScriptDef
kotlin scripting plugin: created the scripting discovery configuration: testKotlinScriptDef

> Configure project :compiler:fir:fir2ir:jvm-backend
Using Kotlin Space bootstrap version 2.3.0-dev-10303 from https://redirector.kotlinlang.org/maven/bootstrap
Redirecting Kotlin/Native compiler download url
Evaluating project ':compiler:fir:fir2ir:jvm-backend' using build file '/Users/aria/zaedalus/kotlin/compiler/fir/fir2ir/jvm-backend/build.gradle.kts'.
Resolved plugin [id: 'org.jetbrains.kotlin.jvm', version: '2.3.0-dev-10303']
Resolved plugin [id: 'jps-compatible']
Using Kotlin Gradle Plugin gradle813 variant
kotlin scripting plugin: created the scripting discovery configuration: kotlinScriptDef
kotlin scripting plugin: created the scripting discovery configuration: testKotlinScriptDef

> Configure project :compiler:fir:checkers:checkers.jvm
Using Kotlin Space bootstrap version 2.3.0-dev-10303 from https://redirector.kotlinlang.org/maven/bootstrap
Redirecting Kotlin/Native compiler download url
Evaluating project ':compiler:fir:checkers:checkers.jvm' using build file '/Users/aria/zaedalus/kotlin/compiler/fir/checkers/checkers.jvm/build.gradle.kts'.
Resolved plugin [id: 'org.jetbrains.kotlin.jvm', version: '2.3.0-dev-10303']
Resolved plugin [id: 'jps-compatible']
Resolved plugin [id: 'generated-sources']
Using Kotlin Gradle Plugin gradle813 variant
kotlin scripting plugin: created the scripting discovery configuration: kotlinScriptDef
kotlin scripting plugin: created the scripting discovery configuration: testKotlinScriptDef

> Configure project :compiler:fir:checkers:checkers.js
Using Kotlin Space bootstrap version 2.3.0-dev-10303 from https://redirector.kotlinlang.org/maven/bootstrap
Redirecting Kotlin/Native compiler download url
Evaluating project ':compiler:fir:checkers:checkers.js' using build file '/Users/aria/zaedalus/kotlin/compiler/fir/checkers/checkers.js/build.gradle.kts'.
Resolved plugin [id: 'org.jetbrains.kotlin.jvm', version: '2.3.0-dev-10303']
Resolved plugin [id: 'jps-compatible']
Resolved plugin [id: 'generated-sources']
Using Kotlin Gradle Plugin gradle813 variant
kotlin scripting plugin: created the scripting discovery configuration: kotlinScriptDef
kotlin scripting plugin: created the scripting discovery configuration: testKotlinScriptDef

> Configure project :compiler:fir:checkers:checkers.native
Using Kotlin Space bootstrap version 2.3.0-dev-10303 from https://redirector.kotlinlang.org/maven/bootstrap
Redirecting Kotlin/Native compiler download url
Evaluating project ':compiler:fir:checkers:checkers.native' using build file '/Users/aria/zaedalus/kotlin/compiler/fir/checkers/checkers.native/build.gradle.kts'.
Resolved plugin [id: 'org.jetbrains.kotlin.jvm', version: '2.3.0-dev-10303']
Resolved plugin [id: 'jps-compatible']
Resolved plugin [id: 'generated-sources']
Using Kotlin Gradle Plugin gradle813 variant
kotlin scripting plugin: created the scripting discovery configuration: kotlinScriptDef
kotlin scripting plugin: created the scripting discovery configuration: testKotlinScriptDef

> Configure project :compiler:fir:checkers:checkers.wasm
Using Kotlin Space bootstrap version 2.3.0-dev-10303 from https://redirector.kotlinlang.org/maven/bootstrap
Redirecting Kotlin/Native compiler download url
Evaluating project ':compiler:fir:checkers:checkers.wasm' using build file '/Users/aria/zaedalus/kotlin/compiler/fir/checkers/checkers.wasm/build.gradle.kts'.
Resolved plugin [id: 'org.jetbrains.kotlin.jvm', version: '2.3.0-dev-10303']
Resolved plugin [id: 'jps-compatible']
Resolved plugin [id: 'generated-sources']
Using Kotlin Gradle Plugin gradle813 variant
kotlin scripting plugin: created the scripting discovery configuration: kotlinScriptDef
kotlin scripting plugin: created the scripting discovery configuration: testKotlinScriptDef

> Configure project :compiler:fir:raw-fir:raw-fir.common
Using Kotlin Space bootstrap version 2.3.0-dev-10303 from https://redirector.kotlinlang.org/maven/bootstrap
Redirecting Kotlin/Native compiler download url
Evaluating project ':compiler:fir:raw-fir:raw-fir.common' using build file '/Users/aria/zaedalus/kotlin/compiler/fir/raw-fir/raw-fir.common/build.gradle.kts'.
Resolved plugin [id: 'org.jetbrains.kotlin.jvm', version: '2.3.0-dev-10303']
Resolved plugin [id: 'jps-compatible']
Resolved plugin [id: 'generated-sources']
Using Kotlin Gradle Plugin gradle813 variant
kotlin scripting plugin: created the scripting discovery configuration: kotlinScriptDef
kotlin scripting plugin: created the scripting discovery configuration: testKotlinScriptDef

> Configure project :compiler:fir:checkers:checkers.web.common
Using Kotlin Space bootstrap version 2.3.0-dev-10303 from https://redirector.kotlinlang.org/maven/bootstrap
Redirecting Kotlin/Native compiler download url
Evaluating project ':compiler:fir:checkers:checkers.web.common' using build file '/Users/aria/zaedalus/kotlin/compiler/fir/checkers/checkers.web.common/build.gradle.kts'.
Resolved plugin [id: 'org.jetbrains.kotlin.jvm', version: '2.3.0-dev-10303']
Resolved plugin [id: 'jps-compatible']
Resolved plugin [id: 'generated-sources']
Using Kotlin Gradle Plugin gradle813 variant
kotlin scripting plugin: created the scripting discovery configuration: kotlinScriptDef
kotlin scripting plugin: created the scripting discovery configuration: testKotlinScriptDef

> Configure project :compiler:fir:raw-fir:psi2fir
Using Kotlin Space bootstrap version 2.3.0-dev-10303 from https://redirector.kotlinlang.org/maven/bootstrap
Redirecting Kotlin/Native compiler download url
Evaluating project ':compiler:fir:raw-fir:psi2fir' using build file '/Users/aria/zaedalus/kotlin/compiler/fir/raw-fir/psi2fir/build.gradle.kts'.
Resolved plugin [id: 'org.jetbrains.kotlin.jvm', version: '2.3.0-dev-10303']
Resolved plugin [id: 'jps-compatible']
Resolved plugin [id: 'java-test-fixtures']
Resolved plugin [id: 'project-tests-convention']
Using Kotlin Gradle Plugin gradle813 variant
kotlin scripting plugin: created the scripting discovery configuration: kotlinScriptDef
kotlin scripting plugin: created the scripting discovery configuration: testKotlinScriptDef
kotlin scripting plugin: created the scripting discovery configuration: testFixturesKotlinScriptDef

> Configure project :compiler:fir:raw-fir:light-tree2fir
Using Kotlin Space bootstrap version 2.3.0-dev-10303 from https://redirector.kotlinlang.org/maven/bootstrap
Redirecting Kotlin/Native compiler download url
Evaluating project ':compiler:fir:raw-fir:light-tree2fir' using build file '/Users/aria/zaedalus/kotlin/compiler/fir/raw-fir/light-tree2fir/build.gradle.kts'.
Resolved plugin [id: 'org.jetbrains.kotlin.jvm', version: '2.3.0-dev-10303']
Resolved plugin [id: 'jps-compatible']
Resolved plugin [id: 'java-test-fixtures']
Resolved plugin [id: 'project-tests-convention']
Using Kotlin Gradle Plugin gradle813 variant
kotlin scripting plugin: created the scripting discovery configuration: kotlinScriptDef
kotlin scripting plugin: created the scripting discovery configuration: testKotlinScriptDef
kotlin scripting plugin: created the scripting discovery configuration: testFixturesKotlinScriptDef

> Configure project :libraries:tools:gradle:fus-statistics-gradle-plugin
Using Kotlin Space bootstrap version 2.3.0-dev-10303 from https://redirector.kotlinlang.org/maven/bootstrap
Redirecting Kotlin/Native compiler download url
Evaluating project ':libraries:tools:gradle:fus-statistics-gradle-plugin' using build file '/Users/aria/zaedalus/kotlin/libraries/tools/gradle/fus-statistics-gradle-plugin/build.gradle.kts'.
Resolved plugin [id: 'gradle-plugin-common-configuration']
Using Kotlin Gradle Plugin gradle813 variant
kotlin scripting plugin: created the scripting discovery configuration: kotlinScriptDef
kotlin scripting plugin: created the scripting discovery configuration: testKotlinScriptDef
kotlin scripting plugin: created the scripting discovery configuration: commonKotlinScriptDef
kotlin scripting plugin: created the scripting discovery configuration: gradle80KotlinScriptDef
kotlin scripting plugin: created the scripting discovery configuration: gradle81KotlinScriptDef
kotlin scripting plugin: created the scripting discovery configuration: gradle82KotlinScriptDef
kotlin scripting plugin: created the scripting discovery configuration: gradle85KotlinScriptDef
kotlin scripting plugin: created the scripting discovery configuration: gradle86KotlinScriptDef
kotlin scripting plugin: created the scripting discovery configuration: gradle88KotlinScriptDef
kotlin scripting plugin: created the scripting discovery configuration: gradle811KotlinScriptDef
kotlin scripting plugin: created the scripting discovery configuration: gradle813KotlinScriptDef
(dependency analysis) :libraries:tools:gradle:fus-statistics-gradle-plugin was already configured for the java-library plugin

> Configure project :native:swift:swift-export-embeddable
Using Kotlin Space bootstrap version 2.3.0-dev-10303 from https://redirector.kotlinlang.org/maven/bootstrap
Redirecting Kotlin/Native compiler download url
Evaluating project ':native:swift:swift-export-embeddable' using build file '/Users/aria/zaedalus/kotlin/native/swift/swift-export-embeddable/build.gradle.kts'.
Resolved plugin [id: 'org.gradle.java']
Resolved plugin [id: 'org.jetbrains.kotlin.jvm', version: '2.3.0-dev-10303']
Resolved plugin [id: 'project-tests-convention']
Using Kotlin Gradle Plugin gradle813 variant
kotlin scripting plugin: created the scripting discovery configuration: kotlinScriptDef
kotlin scripting plugin: created the scripting discovery configuration: testKotlinScriptDef

> Configure project :native:swift:swift-export-ide
Using Kotlin Space bootstrap version 2.3.0-dev-10303 from https://redirector.kotlinlang.org/maven/bootstrap
Redirecting Kotlin/Native compiler download url
Evaluating project ':native:swift:swift-export-ide' using build file '/Users/aria/zaedalus/kotlin/native/swift/swift-export-ide/build.gradle.kts'.
Resolved plugin [id: 'org.jetbrains.kotlin.jvm', version: '2.3.0-dev-10303']
Resolved plugin [id: 'jps-compatible']
Resolved plugin [id: 'project-tests-convention']
Using Kotlin Gradle Plugin gradle813 variant
kotlin scripting plugin: created the scripting discovery configuration: kotlinScriptDef
kotlin scripting plugin: created the scripting discovery configuration: testKotlinScriptDef

> Configure project :native:swift:swift-export-standalone
Using Kotlin Space bootstrap version 2.3.0-dev-10303 from https://redirector.kotlinlang.org/maven/bootstrap
Redirecting Kotlin/Native compiler download url
Evaluating project ':native:swift:swift-export-standalone' using build file '/Users/aria/zaedalus/kotlin/native/swift/swift-export-standalone/build.gradle.kts'.
Resolved plugin [id: 'org.jetbrains.kotlin.jvm', version: '2.3.0-dev-10303']
Resolved plugin [id: 'jps-compatible']
Resolved plugin [id: 'gradle-plugin-compiler-dependency-configuration']
Resolved plugin [id: 'project-tests-convention']
Using Kotlin Gradle Plugin gradle813 variant
kotlin scripting plugin: created the scripting discovery configuration: kotlinScriptDef
kotlin scripting plugin: created the scripting discovery configuration: testKotlinScriptDef

> Configure project :native:swift:swift-export-standalone-integration-tests
Using Kotlin Space bootstrap version 2.3.0-dev-10303 from https://redirector.kotlinlang.org/maven/bootstrap
Redirecting Kotlin/Native compiler download url
Evaluating project ':native:swift:swift-export-standalone-integration-tests' using build file '/Users/aria/zaedalus/kotlin/native/swift/swift-export-standalone-integration-tests/build.gradle.kts'.
Resolved plugin [id: 'org.jetbrains.kotlin.jvm', version: '2.3.0-dev-10303']
Resolved plugin [id: 'jps-compatible']
Using Kotlin Gradle Plugin gradle813 variant
kotlin scripting plugin: created the scripting discovery configuration: kotlinScriptDef
kotlin scripting plugin: created the scripting discovery configuration: testKotlinScriptDef

> Configure project :plugins:compose-compiler-plugin:compiler
Using Kotlin Space bootstrap version 2.3.0-dev-10303 from https://redirector.kotlinlang.org/maven/bootstrap
Redirecting Kotlin/Native compiler download url
Evaluating project ':plugins:compose-compiler-plugin:compiler' using build file '/Users/aria/zaedalus/kotlin/plugins/compose/compiler/build.gradle.kts'.
Resolved plugin [id: 'org.jetbrains.kotlin.jvm', version: '2.3.0-dev-10303']
Using Kotlin Gradle Plugin gradle813 variant
kotlin scripting plugin: created the scripting discovery configuration: kotlinScriptDef
kotlin scripting plugin: created the scripting discovery configuration: testKotlinScriptDef

> Configure project :plugins:compose-compiler-plugin:compiler-hosted
Using Kotlin Space bootstrap version 2.3.0-dev-10303 from https://redirector.kotlinlang.org/maven/bootstrap
Redirecting Kotlin/Native compiler download url
Evaluating project ':plugins:compose-compiler-plugin:compiler-hosted' using build file '/Users/aria/zaedalus/kotlin/plugins/compose/compiler-hosted/build.gradle.kts'.
Resolved plugin [id: 'org.jetbrains.kotlin.jvm', version: '2.3.0-dev-10303']
Resolved plugin [id: 'd8-configuration']
Resolved plugin [id: 'project-tests-convention']
Using Kotlin Gradle Plugin gradle813 variant
kotlin scripting plugin: created the scripting discovery configuration: kotlinScriptDef
kotlin scripting plugin: created the scripting discovery configuration: testKotlinScriptDef
w: [33m[1m⚠️ Unsupported API dependency types in test source sets[0m[0m
API dependency types are used in test source sets
Dependencies:
    - org.jetbrains.kotlin:plugin-api:2.3.0-wit.1 (source sets: test)

Adding API dependency types to test source sets is not supported and will removed in a future version of Kotlin.

API dependencies are transitively exposed to consumers, but test source sets should not be consumable.
[32m[1mSolutions:[0m[0m
[32m • [3mReplace API dependency types in test source sets with implementation dependencies.[0m[0m
[32m • [3mFor Kotlin/JVM projects, consider using Test Fixtures https://docs.gradle.org/current/userguide/java_testing.html#sec:java_test_fixtures[0m[0m
[32m • [3mFor Test Fixtures support in non-Kotlin/JVM projects, please add your use-case to https://youtrack.jetbrains.com/issue/KT-63142[0m[0m


> Configure project :plugins:compose-compiler-plugin:group-mapping
Using Kotlin Space bootstrap version 2.3.0-dev-10303 from https://redirector.kotlinlang.org/maven/bootstrap
Redirecting Kotlin/Native compiler download url
Evaluating project ':plugins:compose-compiler-plugin:group-mapping' using build file '/Users/aria/zaedalus/kotlin/plugins/compose/group-mapping/build.gradle.kts'.
Resolved plugin [id: 'org.jetbrains.kotlin.jvm', version: '2.3.0-dev-10303']
Using Kotlin Gradle Plugin gradle813 variant
kotlin scripting plugin: created the scripting discovery configuration: kotlinScriptDef
kotlin scripting plugin: created the scripting discovery configuration: testKotlinScriptDef

> Configure project :plugins:js-plain-objects:compiler-plugin
Using Kotlin Space bootstrap version 2.3.0-dev-10303 from https://redirector.kotlinlang.org/maven/bootstrap
Redirecting Kotlin/Native compiler download url
Evaluating project ':plugins:js-plain-objects:compiler-plugin' using build file '/Users/aria/zaedalus/kotlin/plugins/js-plain-objects/compiler-plugin/build.gradle.kts'.
Resolved plugin [id: 'org.jetbrains.kotlin.jvm', version: '2.3.0-dev-10303']
Resolved plugin [id: 'jps-compatible']
Resolved plugin [id: 'd8-configuration']
Resolved plugin [id: 'project-tests-convention']
Using Kotlin Gradle Plugin gradle813 variant
kotlin scripting plugin: created the scripting discovery configuration: kotlinScriptDef
kotlin scripting plugin: created the scripting discovery configuration: testKotlinScriptDef
w: [33m[1m⚠️ Unsupported API dependency types in test source sets[0m[0m
API dependency types are used in test source sets
Dependencies:
    - org.jetbrains.kotlin:backend:2.3.0-wit.1 (source sets: test)
    - org.jetbrains.kotlin:cli:2.3.0-wit.1 (source sets: test)
    - org.jetbrains.kotlin:js-plain-objects.cli:2.3.0-wit.1 (source sets: test)
    - org.jetbrains.kotlin:js.tests:2.3.0-wit.1 (source sets: test)
    - org.jetbrains.kotlin:test-infrastructure-utils:2.3.0-wit.1 (source sets: test)
    - org.jetbrains.kotlin:test-infrastructure:2.3.0-wit.1 (source sets: test)
    - org.jetbrains.kotlin:tests-common-new:2.3.0-wit.1 (source sets: test)
    - org.jetbrains.kotlin:tests-compiler-utils:2.3.0-wit.1 (source sets: test)

Adding API dependency types to test source sets is not supported and will removed in a future version of Kotlin.

API dependencies are transitively exposed to consumers, but test source sets should not be consumable.
[32m[1mSolutions:[0m[0m
[32m • [3mReplace API dependency types in test source sets with implementation dependencies.[0m[0m
[32m • [3mFor Kotlin/JVM projects, consider using Test Fixtures https://docs.gradle.org/current/userguide/java_testing.html#sec:java_test_fixtures[0m[0m
[32m • [3mFor Test Fixtures support in non-Kotlin/JVM projects, please add your use-case to https://youtrack.jetbrains.com/issue/KT-63142[0m[0m


> Configure project :plugins:js-plain-objects:compiler-plugin-embeddable
Using Kotlin Space bootstrap version 2.3.0-dev-10303 from https://redirector.kotlinlang.org/maven/bootstrap
Redirecting Kotlin/Native compiler download url
Evaluating project ':plugins:js-plain-objects:compiler-plugin-embeddable' using build file '/Users/aria/zaedalus/kotlin/plugins/js-plain-objects/compiler-plugin-embeddable/build.gradle.kts'.
Resolved plugin [id: 'org.jetbrains.kotlin.jvm', version: '2.3.0-dev-10303']
Using Kotlin Gradle Plugin gradle813 variant
kotlin scripting plugin: created the scripting discovery configuration: kotlinScriptDef
kotlin scripting plugin: created the scripting discovery configuration: testKotlinScriptDef

> Configure project :plugins:js-plain-objects:runtime
Using Kotlin Space bootstrap version 2.3.0-dev-10303 from https://redirector.kotlinlang.org/maven/bootstrap
Redirecting Kotlin/Native compiler download url
Evaluating project ':plugins:js-plain-objects:runtime' using build file '/Users/aria/zaedalus/kotlin/plugins/js-plain-objects/runtime/build.gradle.kts'.
Resolved plugin [id: 'org.jetbrains.kotlin.js', version: '2.3.0-dev-10303']
Resolved plugin [id: 'org.gradle.maven-publish']
Resolved plugin [id: 'nodejs-cache-redirector-configuration']
Using Kotlin Gradle Plugin gradle813 variant
w: 'kotlin-js' Gradle plugin is deprecated and will be removed in the future. 
Please use 'kotlin("multiplatform")' plugin with a 'js()' target instead. See the migration guide: https://kotl.in/t6m3vu

> Configure project :plugins:parcelize:parcelize-compiler
Using Kotlin Space bootstrap version 2.3.0-dev-10303 from https://redirector.kotlinlang.org/maven/bootstrap
Redirecting Kotlin/Native compiler download url
Evaluating project ':plugins:parcelize:parcelize-compiler' using build file '/Users/aria/zaedalus/kotlin/plugins/parcelize/parcelize-compiler/build.gradle.kts'.
Resolved plugin [id: 'org.jetbrains.kotlin.jvm', version: '2.3.0-dev-10303']
Resolved plugin [id: 'jps-compatible']
Resolved plugin [id: 'android-sdk-provisioner']
Resolved plugin [id: 'java-test-fixtures']
Resolved plugin [id: 'project-tests-convention']
Using Kotlin Gradle Plugin gradle813 variant
kotlin scripting plugin: created the scripting discovery configuration: kotlinScriptDef
kotlin scripting plugin: created the scripting discovery configuration: testKotlinScriptDef
kotlin scripting plugin: created the scripting discovery configuration: testFixturesKotlinScriptDef

> Configure project :plugins:parcelize:parcelize-runtime
Using Kotlin Space bootstrap version 2.3.0-dev-10303 from https://redirector.kotlinlang.org/maven/bootstrap
Redirecting Kotlin/Native compiler download url
Evaluating project ':plugins:parcelize:parcelize-runtime' using build file '/Users/aria/zaedalus/kotlin/plugins/parcelize/parcelize-runtime/build.gradle.kts'.
Resolved plugin [id: 'org.jetbrains.kotlin.jvm', version: '2.3.0-dev-10303']
Resolved plugin [id: 'jps-compatible']
Using Kotlin Gradle Plugin gradle813 variant
kotlin scripting plugin: created the scripting discovery configuration: kotlinScriptDef
kotlin scripting plugin: created the scripting discovery configuration: testKotlinScriptDef

> Configure project :plugins:plugin-sandbox:plugin-annotations
Using Kotlin Space bootstrap version 2.3.0-dev-10303 from https://redirector.kotlinlang.org/maven/bootstrap
Redirecting Kotlin/Native compiler download url
Evaluating project ':plugins:plugin-sandbox:plugin-annotations' using build file '/Users/aria/zaedalus/kotlin/plugins/plugin-sandbox/plugin-annotations/build.gradle.kts'.
Resolved plugin [id: 'org.jetbrains.kotlin.multiplatform', version: '2.3.0-dev-10303']
Using Kotlin Gradle Plugin gradle813 variant
kotlin scripting plugin: created the scripting discovery configuration: kotlinScriptDef
kotlin scripting plugin: created the scripting discovery configuration: testKotlinScriptDef
w: [33m[1m⚠️ JS Environment Not Selected[0m[0m
Please choose a JavaScript environment to build distributions and run tests.
Not choosing any of them will be an error in the future releases.
kotlin {
    js {
        // To build distributions for and run tests use one or several of:
        browser()
        nodejs()
    }
}
[32m[1mSolution:[0m[0m
[32m[3mPlease choose a JavaScript environment to build distributions and run tests.[0m[0m


> Configure project :plugins:plugin-sandbox:plugin-sandbox-ic-test
Using Kotlin Space bootstrap version 2.3.0-dev-10303 from https://redirector.kotlinlang.org/maven/bootstrap
Redirecting Kotlin/Native compiler download url
Evaluating project ':plugins:plugin-sandbox:plugin-sandbox-ic-test' using build file '/Users/aria/zaedalus/kotlin/plugins/plugin-sandbox/plugin-sandbox-ic-test/build.gradle.kts'.
Resolved plugin [id: 'org.jetbrains.kotlin.jvm', version: '2.3.0-dev-10303']
Resolved plugin [id: 'jps-compatible']
Resolved plugin [id: 'java-test-fixtures']
Resolved plugin [id: 'project-tests-convention']
Using Kotlin Gradle Plugin gradle813 variant
kotlin scripting plugin: created the scripting discovery configuration: kotlinScriptDef
kotlin scripting plugin: created the scripting discovery configuration: testKotlinScriptDef
kotlin scripting plugin: created the scripting discovery configuration: testFixturesKotlinScriptDef

> Configure project :plugins:scripting:scripting-tests
Using Kotlin Space bootstrap version 2.3.0-dev-10303 from https://redirector.kotlinlang.org/maven/bootstrap
Redirecting Kotlin/Native compiler download url
Evaluating project ':plugins:scripting:scripting-tests' using build file '/Users/aria/zaedalus/kotlin/plugins/scripting/scripting-tests/build.gradle.kts'.
Resolved plugin [id: 'org.jetbrains.kotlin.jvm', version: '2.3.0-dev-10303']
Resolved plugin [id: 'jps-compatible']
Resolved plugin [id: 'java-test-fixtures']
Resolved plugin [id: 'project-tests-convention']
Using Kotlin Gradle Plugin gradle813 variant
kotlin scripting plugin: created the scripting discovery configuration: kotlinScriptDef
kotlin scripting plugin: created the scripting discovery configuration: testKotlinScriptDef
kotlin scripting plugin: created the scripting discovery configuration: testFixturesKotlinScriptDef

> Configure project :plugins:scripting:test-script-definition
Using Kotlin Space bootstrap version 2.3.0-dev-10303 from https://redirector.kotlinlang.org/maven/bootstrap
Redirecting Kotlin/Native compiler download url
Evaluating project ':plugins:scripting:test-script-definition' using build file '/Users/aria/zaedalus/kotlin/plugins/scripting/test-script-definition/build.gradle.kts'.
Resolved plugin [id: 'org.jetbrains.kotlin.jvm', version: '2.3.0-dev-10303']
Resolved plugin [id: 'java-test-fixtures']
Using Kotlin Gradle Plugin gradle813 variant
kotlin scripting plugin: created the scripting discovery configuration: kotlinScriptDef
kotlin scripting plugin: created the scripting discovery configuration: testKotlinScriptDef
kotlin scripting plugin: created the scripting discovery configuration: testFixturesKotlinScriptDef

> Configure project :plugins:test-plugins:after
Using Kotlin Space bootstrap version 2.3.0-dev-10303 from https://redirector.kotlinlang.org/maven/bootstrap
Redirecting Kotlin/Native compiler download url
Evaluating project ':plugins:test-plugins:after' using build file '/Users/aria/zaedalus/kotlin/plugins/test-plugins/after/build.gradle.kts'.
Resolved plugin [id: 'org.jetbrains.kotlin.jvm', version: '2.3.0-dev-10303']
Resolved plugin [id: 'jps-compatible']
Using Kotlin Gradle Plugin gradle813 variant
kotlin scripting plugin: created the scripting discovery configuration: kotlinScriptDef
kotlin scripting plugin: created the scripting discovery configuration: testKotlinScriptDef

> Configure project :plugins:test-plugins:before
Using Kotlin Space bootstrap version 2.3.0-dev-10303 from https://redirector.kotlinlang.org/maven/bootstrap
Redirecting Kotlin/Native compiler download url
Evaluating project ':plugins:test-plugins:before' using build file '/Users/aria/zaedalus/kotlin/plugins/test-plugins/before/build.gradle.kts'.
Resolved plugin [id: 'org.jetbrains.kotlin.jvm', version: '2.3.0-dev-10303']
Resolved plugin [id: 'jps-compatible']
Using Kotlin Gradle Plugin gradle813 variant
kotlin scripting plugin: created the scripting discovery configuration: kotlinScriptDef
kotlin scripting plugin: created the scripting discovery configuration: testKotlinScriptDef

> Configure project :plugins:test-plugins:middle
Using Kotlin Space bootstrap version 2.3.0-dev-10303 from https://redirector.kotlinlang.org/maven/bootstrap
Redirecting Kotlin/Native compiler download url
Evaluating project ':plugins:test-plugins:middle' using build file '/Users/aria/zaedalus/kotlin/plugins/test-plugins/middle/build.gradle.kts'.
Resolved plugin [id: 'org.jetbrains.kotlin.jvm', version: '2.3.0-dev-10303']
Resolved plugin [id: 'jps-compatible']
Using Kotlin Gradle Plugin gradle813 variant
kotlin scripting plugin: created the scripting discovery configuration: kotlinScriptDef
kotlin scripting plugin: created the scripting discovery configuration: testKotlinScriptDef

> Configure project :prepare:ide-plugin-dependencies:allopen-compiler-plugin-for-ide
Using Kotlin Space bootstrap version 2.3.0-dev-10303 from https://redirector.kotlinlang.org/maven/bootstrap
Redirecting Kotlin/Native compiler download url
Evaluating project ':prepare:ide-plugin-dependencies:allopen-compiler-plugin-for-ide' using build file '/Users/aria/zaedalus/kotlin/prepare/ide-plugin-dependencies/allopen-compiler-plugin-for-ide/build.gradle.kts'.
Resolved plugin [id: 'org.jetbrains.kotlin.jvm', version: '2.3.0-dev-10303']
Using Kotlin Gradle Plugin gradle813 variant
kotlin scripting plugin: created the scripting discovery configuration: kotlinScriptDef
kotlin scripting plugin: created the scripting discovery configuration: testKotlinScriptDef
w: [33m[1m⚠️ Unsupported API dependency types in test source sets[0m[0m
API dependency types are used in test source sets
Dependencies:
    - org.jetbrains.kotlin:kotlin-allopen-compiler-plugin.cli:2.3.0-wit.1 (source sets: test)
    - org.jetbrains.kotlin:kotlin-allopen-compiler-plugin.common:2.3.0-wit.1 (source sets: test)
    - org.jetbrains.kotlin:kotlin-allopen-compiler-plugin.k1:2.3.0-wit.1 (source sets: test)
    - org.jetbrains.kotlin:kotlin-allopen-compiler-plugin.k2:2.3.0-wit.1 (source sets: test)

Adding API dependency types to test source sets is not supported and will removed in a future version of Kotlin.

API dependencies are transitively exposed to consumers, but test source sets should not be consumable.
[32m[1mSolutions:[0m[0m
[32m • [3mReplace API dependency types in test source sets with implementation dependencies.[0m[0m
[32m • [3mFor Kotlin/JVM projects, consider using Test Fixtures https://docs.gradle.org/current/userguide/java_testing.html#sec:java_test_fixtures[0m[0m
[32m • [3mFor Test Fixtures support in non-Kotlin/JVM projects, please add your use-case to https://youtrack.jetbrains.com/issue/KT-63142[0m[0m


> Configure project :prepare:ide-plugin-dependencies:allopen-compiler-plugin-tests-for-ide
Using Kotlin Space bootstrap version 2.3.0-dev-10303 from https://redirector.kotlinlang.org/maven/bootstrap
Redirecting Kotlin/Native compiler download url
Evaluating project ':prepare:ide-plugin-dependencies:allopen-compiler-plugin-tests-for-ide' using build file '/Users/aria/zaedalus/kotlin/prepare/ide-plugin-dependencies/allopen-compiler-plugin-tests-for-ide/build.gradle.kts'.
Resolved plugin [id: 'org.jetbrains.kotlin.jvm', version: '2.3.0-dev-10303']
Using Kotlin Gradle Plugin gradle813 variant
kotlin scripting plugin: created the scripting discovery configuration: kotlinScriptDef
kotlin scripting plugin: created the scripting discovery configuration: testKotlinScriptDef
w: [33m[1m⚠️ Unsupported API dependency types in test source sets[0m[0m
API dependency types are used in test source sets
Dependencies:
    - org.jetbrains.kotlin:incremental-compilation-impl:2.3.0-wit.1 (source sets: test)

Adding API dependency types to test source sets is not supported and will removed in a future version of Kotlin.

API dependencies are transitively exposed to consumers, but test source sets should not be consumable.
[32m[1mSolutions:[0m[0m
[32m • [3mReplace API dependency types in test source sets with implementation dependencies.[0m[0m
[32m • [3mFor Kotlin/JVM projects, consider using Test Fixtures https://docs.gradle.org/current/userguide/java_testing.html#sec:java_test_fixtures[0m[0m
[32m • [3mFor Test Fixtures support in non-Kotlin/JVM projects, please add your use-case to https://youtrack.jetbrains.com/issue/KT-63142[0m[0m


> Configure project :prepare:ide-plugin-dependencies:analysis-api-fe10-for-ide
Using Kotlin Space bootstrap version 2.3.0-dev-10303 from https://redirector.kotlinlang.org/maven/bootstrap
Redirecting Kotlin/Native compiler download url
Evaluating project ':prepare:ide-plugin-dependencies:analysis-api-fe10-for-ide' using build file '/Users/aria/zaedalus/kotlin/prepare/ide-plugin-dependencies/analysis-api-fe10-for-ide/build.gradle.kts'.
Resolved plugin [id: 'org.jetbrains.kotlin.jvm', version: '2.3.0-dev-10303']
Using Kotlin Gradle Plugin gradle813 variant
kotlin scripting plugin: created the scripting discovery configuration: kotlinScriptDef
kotlin scripting plugin: created the scripting discovery configuration: testKotlinScriptDef
w: [33m[1m⚠️ Unsupported API dependency types in test source sets[0m[0m
API dependency types are used in test source sets
Dependencies:
    - org.jetbrains.kotlin:analysis-api-fe10:2.3.0-wit.1 (source sets: test)

Adding API dependency types to test source sets is not supported and will removed in a future version of Kotlin.

API dependencies are transitively exposed to consumers, but test source sets should not be consumable.
[32m[1mSolutions:[0m[0m
[32m • [3mReplace API dependency types in test source sets with implementation dependencies.[0m[0m
[32m • [3mFor Kotlin/JVM projects, consider using Test Fixtures https://docs.gradle.org/current/userguide/java_testing.html#sec:java_test_fixtures[0m[0m
[32m • [3mFor Test Fixtures support in non-Kotlin/JVM projects, please add your use-case to https://youtrack.jetbrains.com/issue/KT-63142[0m[0m


> Configure project :prepare:ide-plugin-dependencies:analysis-api-fe10-tests-for-ide
Using Kotlin Space bootstrap version 2.3.0-dev-10303 from https://redirector.kotlinlang.org/maven/bootstrap
Redirecting Kotlin/Native compiler download url
Evaluating project ':prepare:ide-plugin-dependencies:analysis-api-fe10-tests-for-ide' using build file '/Users/aria/zaedalus/kotlin/prepare/ide-plugin-dependencies/analysis-api-fe10-tests-for-ide/build.gradle.kts'.
Resolved plugin [id: 'org.jetbrains.kotlin.jvm', version: '2.3.0-dev-10303']
Using Kotlin Gradle Plugin gradle813 variant
kotlin scripting plugin: created the scripting discovery configuration: kotlinScriptDef
kotlin scripting plugin: created the scripting discovery configuration: testKotlinScriptDef
w: [33m[1m⚠️ Unsupported API dependency types in test source sets[0m[0m
API dependency types are used in test source sets
Dependencies:
    - org.jetbrains.kotlin:analysis-api-fe10:2.3.0-wit.1 (source sets: test)

Adding API dependency types to test source sets is not supported and will removed in a future version of Kotlin.

API dependencies are transitively exposed to consumers, but test source sets should not be consumable.
[32m[1mSolutions:[0m[0m
[32m • [3mReplace API dependency types in test source sets with implementation dependencies.[0m[0m
[32m • [3mFor Kotlin/JVM projects, consider using Test Fixtures https://docs.gradle.org/current/userguide/java_testing.html#sec:java_test_fixtures[0m[0m
[32m • [3mFor Test Fixtures support in non-Kotlin/JVM projects, please add your use-case to https://youtrack.jetbrains.com/issue/KT-63142[0m[0m


> Configure project :prepare:ide-plugin-dependencies:analysis-api-for-ide
Using Kotlin Space bootstrap version 2.3.0-dev-10303 from https://redirector.kotlinlang.org/maven/bootstrap
Redirecting Kotlin/Native compiler download url
Evaluating project ':prepare:ide-plugin-dependencies:analysis-api-for-ide' using build file '/Users/aria/zaedalus/kotlin/prepare/ide-plugin-dependencies/analysis-api-for-ide/build.gradle.kts'.
Resolved plugin [id: 'org.jetbrains.kotlin.jvm', version: '2.3.0-dev-10303']
Using Kotlin Gradle Plugin gradle813 variant
kotlin scripting plugin: created the scripting discovery configuration: kotlinScriptDef
kotlin scripting plugin: created the scripting discovery configuration: testKotlinScriptDef
w: [33m[1m⚠️ Unsupported API dependency types in test source sets[0m[0m
API dependency types are used in test source sets
Dependencies:
    - org.jetbrains.kotlin:analysis-api:2.3.0-wit.1 (source sets: test)

Adding API dependency types to test source sets is not supported and will removed in a future version of Kotlin.

API dependencies are transitively exposed to consumers, but test source sets should not be consumable.
[32m[1mSolutions:[0m[0m
[32m • [3mReplace API dependency types in test source sets with implementation dependencies.[0m[0m
[32m • [3mFor Kotlin/JVM projects, consider using Test Fixtures https://docs.gradle.org/current/userguide/java_testing.html#sec:java_test_fixtures[0m[0m
[32m • [3mFor Test Fixtures support in non-Kotlin/JVM projects, please add your use-case to https://youtrack.jetbrains.com/issue/KT-63142[0m[0m


> Configure project :prepare:ide-plugin-dependencies:analysis-api-impl-base-for-ide
Using Kotlin Space bootstrap version 2.3.0-dev-10303 from https://redirector.kotlinlang.org/maven/bootstrap
Redirecting Kotlin/Native compiler download url
Evaluating project ':prepare:ide-plugin-dependencies:analysis-api-impl-base-for-ide' using build file '/Users/aria/zaedalus/kotlin/prepare/ide-plugin-dependencies/analysis-api-impl-base-for-ide/build.gradle.kts'.
Resolved plugin [id: 'org.jetbrains.kotlin.jvm', version: '2.3.0-dev-10303']
Using Kotlin Gradle Plugin gradle813 variant
kotlin scripting plugin: created the scripting discovery configuration: kotlinScriptDef
kotlin scripting plugin: created the scripting discovery configuration: testKotlinScriptDef
w: [33m[1m⚠️ Unsupported API dependency types in test source sets[0m[0m
API dependency types are used in test source sets
Dependencies:
    - org.jetbrains.kotlin:analysis-api-impl-base:2.3.0-wit.1 (source sets: test)
    - org.jetbrains.kotlin:analysis-internal-utils:2.3.0-wit.1 (source sets: test)

Adding API dependency types to test source sets is not supported and will removed in a future version of Kotlin.

API dependencies are transitively exposed to consumers, but test source sets should not be consumable.
[32m[1mSolutions:[0m[0m
[32m • [3mReplace API dependency types in test source sets with implementation dependencies.[0m[0m
[32m • [3mFor Kotlin/JVM projects, consider using Test Fixtures https://docs.gradle.org/current/userguide/java_testing.html#sec:java_test_fixtures[0m[0m
[32m • [3mFor Test Fixtures support in non-Kotlin/JVM projects, please add your use-case to https://youtrack.jetbrains.com/issue/KT-63142[0m[0m


> Configure project :prepare:ide-plugin-dependencies:analysis-api-impl-base-tests-for-ide
Using Kotlin Space bootstrap version 2.3.0-dev-10303 from https://redirector.kotlinlang.org/maven/bootstrap
Redirecting Kotlin/Native compiler download url
Evaluating project ':prepare:ide-plugin-dependencies:analysis-api-impl-base-tests-for-ide' using build file '/Users/aria/zaedalus/kotlin/prepare/ide-plugin-dependencies/analysis-api-impl-base-tests-for-ide/build.gradle.kts'.
Resolved plugin [id: 'org.jetbrains.kotlin.jvm', version: '2.3.0-dev-10303']
Using Kotlin Gradle Plugin gradle813 variant
kotlin scripting plugin: created the scripting discovery configuration: kotlinScriptDef
kotlin scripting plugin: created the scripting discovery configuration: testKotlinScriptDef
w: [33m[1m⚠️ Unsupported API dependency types in test source sets[0m[0m
API dependency types are used in test source sets
Dependencies:
    - org.jetbrains.kotlin:analysis-api-impl-base:2.3.0-wit.1 (source sets: test)

Adding API dependency types to test source sets is not supported and will removed in a future version of Kotlin.

API dependencies are transitively exposed to consumers, but test source sets should not be consumable.
[32m[1mSolutions:[0m[0m
[32m • [3mReplace API dependency types in test source sets with implementation dependencies.[0m[0m
[32m • [3mFor Kotlin/JVM projects, consider using Test Fixtures https://docs.gradle.org/current/userguide/java_testing.html#sec:java_test_fixtures[0m[0m
[32m • [3mFor Test Fixtures support in non-Kotlin/JVM projects, please add your use-case to https://youtrack.jetbrains.com/issue/KT-63142[0m[0m


> Configure project :prepare:ide-plugin-dependencies:analysis-api-k2-for-ide
Using Kotlin Space bootstrap version 2.3.0-dev-10303 from https://redirector.kotlinlang.org/maven/bootstrap
Redirecting Kotlin/Native compiler download url
Evaluating project ':prepare:ide-plugin-dependencies:analysis-api-k2-for-ide' using build file '/Users/aria/zaedalus/kotlin/prepare/ide-plugin-dependencies/analysis-api-k2-for-ide/build.gradle.kts'.
Resolved plugin [id: 'org.jetbrains.kotlin.jvm', version: '2.3.0-dev-10303']
Using Kotlin Gradle Plugin gradle813 variant
kotlin scripting plugin: created the scripting discovery configuration: kotlinScriptDef
kotlin scripting plugin: created the scripting discovery configuration: testKotlinScriptDef
w: [33m[1m⚠️ Unsupported API dependency types in test source sets[0m[0m
API dependency types are used in test source sets
Dependencies:
    - org.jetbrains.kotlin:analysis-api-fir:2.3.0-wit.1 (source sets: test)

Adding API dependency types to test source sets is not supported and will removed in a future version of Kotlin.

API dependencies are transitively exposed to consumers, but test source sets should not be consumable.
[32m[1mSolutions:[0m[0m
[32m • [3mReplace API dependency types in test source sets with implementation dependencies.[0m[0m
[32m • [3mFor Kotlin/JVM projects, consider using Test Fixtures https://docs.gradle.org/current/userguide/java_testing.html#sec:java_test_fixtures[0m[0m
[32m • [3mFor Test Fixtures support in non-Kotlin/JVM projects, please add your use-case to https://youtrack.jetbrains.com/issue/KT-63142[0m[0m


> Configure project :prepare:ide-plugin-dependencies:analysis-api-k2-tests-for-ide
Using Kotlin Space bootstrap version 2.3.0-dev-10303 from https://redirector.kotlinlang.org/maven/bootstrap
Redirecting Kotlin/Native compiler download url
Evaluating project ':prepare:ide-plugin-dependencies:analysis-api-k2-tests-for-ide' using build file '/Users/aria/zaedalus/kotlin/prepare/ide-plugin-dependencies/analysis-api-k2-tests-for-ide/build.gradle.kts'.
Resolved plugin [id: 'org.jetbrains.kotlin.jvm', version: '2.3.0-dev-10303']
Using Kotlin Gradle Plugin gradle813 variant
kotlin scripting plugin: created the scripting discovery configuration: kotlinScriptDef
kotlin scripting plugin: created the scripting discovery configuration: testKotlinScriptDef
w: [33m[1m⚠️ Unsupported API dependency types in test source sets[0m[0m
API dependency types are used in test source sets
Dependencies:
    - org.jetbrains.kotlin:analysis-api-fir:2.3.0-wit.1 (source sets: test)

Adding API dependency types to test source sets is not supported and will removed in a future version of Kotlin.

API dependencies are transitively exposed to consumers, but test source sets should not be consumable.
[32m[1mSolutions:[0m[0m
[32m • [3mReplace API dependency types in test source sets with implementation dependencies.[0m[0m
[32m • [3mFor Kotlin/JVM projects, consider using Test Fixtures https://docs.gradle.org/current/userguide/java_testing.html#sec:java_test_fixtures[0m[0m
[32m • [3mFor Test Fixtures support in non-Kotlin/JVM projects, please add your use-case to https://youtrack.jetbrains.com/issue/KT-63142[0m[0m


> Configure project :prepare:ide-plugin-dependencies:analysis-api-platform-interface-for-ide
Using Kotlin Space bootstrap version 2.3.0-dev-10303 from https://redirector.kotlinlang.org/maven/bootstrap
Redirecting Kotlin/Native compiler download url
Evaluating project ':prepare:ide-plugin-dependencies:analysis-api-platform-interface-for-ide' using build file '/Users/aria/zaedalus/kotlin/prepare/ide-plugin-dependencies/analysis-api-platform-interface-for-ide/build.gradle.kts'.
Resolved plugin [id: 'org.jetbrains.kotlin.jvm', version: '2.3.0-dev-10303']
Using Kotlin Gradle Plugin gradle813 variant
kotlin scripting plugin: created the scripting discovery configuration: kotlinScriptDef
kotlin scripting plugin: created the scripting discovery configuration: testKotlinScriptDef
w: [33m[1m⚠️ Unsupported API dependency types in test source sets[0m[0m
API dependency types are used in test source sets
Dependencies:
    - org.jetbrains.kotlin:analysis-api-platform-interface:2.3.0-wit.1 (source sets: test)

Adding API dependency types to test source sets is not supported and will removed in a future version of Kotlin.

API dependencies are transitively exposed to consumers, but test source sets should not be consumable.
[32m[1mSolutions:[0m[0m
[32m • [3mReplace API dependency types in test source sets with implementation dependencies.[0m[0m
[32m • [3mFor Kotlin/JVM projects, consider using Test Fixtures https://docs.gradle.org/current/userguide/java_testing.html#sec:java_test_fixtures[0m[0m
[32m • [3mFor Test Fixtures support in non-Kotlin/JVM projects, please add your use-case to https://youtrack.jetbrains.com/issue/KT-63142[0m[0m


> Configure project :prepare:ide-plugin-dependencies:analysis-api-standalone-for-ide
Using Kotlin Space bootstrap version 2.3.0-dev-10303 from https://redirector.kotlinlang.org/maven/bootstrap
Redirecting Kotlin/Native compiler download url
Evaluating project ':prepare:ide-plugin-dependencies:analysis-api-standalone-for-ide' using build file '/Users/aria/zaedalus/kotlin/prepare/ide-plugin-dependencies/analysis-api-standalone-for-ide/build.gradle.kts'.
Resolved plugin [id: 'org.jetbrains.kotlin.jvm', version: '2.3.0-dev-10303']
Using Kotlin Gradle Plugin gradle813 variant
kotlin scripting plugin: created the scripting discovery configuration: kotlinScriptDef
kotlin scripting plugin: created the scripting discovery configuration: testKotlinScriptDef
w: [33m[1m⚠️ Unsupported API dependency types in test source sets[0m[0m
API dependency types are used in test source sets
Dependencies:
    - org.jetbrains.kotlin:analysis-api-fir-standalone-base:2.3.0-wit.1 (source sets: test)
    - org.jetbrains.kotlin:analysis-api-standalone-base:2.3.0-wit.1 (source sets: test)
    - org.jetbrains.kotlin:analysis-api-standalone:2.3.0-wit.1 (source sets: test)

Adding API dependency types to test source sets is not supported and will removed in a future version of Kotlin.

API dependencies are transitively exposed to consumers, but test source sets should not be consumable.
[32m[1mSolutions:[0m[0m
[32m • [3mReplace API dependency types in test source sets with implementation dependencies.[0m[0m
[32m • [3mFor Kotlin/JVM projects, consider using Test Fixtures https://docs.gradle.org/current/userguide/java_testing.html#sec:java_test_fixtures[0m[0m
[32m • [3mFor Test Fixtures support in non-Kotlin/JVM projects, please add your use-case to https://youtrack.jetbrains.com/issue/KT-63142[0m[0m


> Configure project :prepare:ide-plugin-dependencies:assignment-compiler-plugin-for-ide
Using Kotlin Space bootstrap version 2.3.0-dev-10303 from https://redirector.kotlinlang.org/maven/bootstrap
Redirecting Kotlin/Native compiler download url
Evaluating project ':prepare:ide-plugin-dependencies:assignment-compiler-plugin-for-ide' using build file '/Users/aria/zaedalus/kotlin/prepare/ide-plugin-dependencies/assignment-compiler-plugin-for-ide/build.gradle.kts'.
Resolved plugin [id: 'org.jetbrains.kotlin.jvm', version: '2.3.0-dev-10303']
Using Kotlin Gradle Plugin gradle813 variant
kotlin scripting plugin: created the scripting discovery configuration: kotlinScriptDef
kotlin scripting plugin: created the scripting discovery configuration: testKotlinScriptDef
w: [33m[1m⚠️ Unsupported API dependency types in test source sets[0m[0m
API dependency types are used in test source sets
Dependencies:
    - org.jetbrains.kotlin:kotlin-assignment-compiler-plugin.cli:2.3.0-wit.1 (source sets: test)
    - org.jetbrains.kotlin:kotlin-assignment-compiler-plugin.common:2.3.0-wit.1 (source sets: test)
    - org.jetbrains.kotlin:kotlin-assignment-compiler-plugin.k1:2.3.0-wit.1 (source sets: test)
    - org.jetbrains.kotlin:kotlin-assignment-compiler-plugin.k2:2.3.0-wit.1 (source sets: test)

Adding API dependency types to test source sets is not supported and will removed in a future version of Kotlin.

API dependencies are transitively exposed to consumers, but test source sets should not be consumable.
[32m[1mSolutions:[0m[0m
[32m • [3mReplace API dependency types in test source sets with implementation dependencies.[0m[0m
[32m • [3mFor Kotlin/JVM projects, consider using Test Fixtures https://docs.gradle.org/current/userguide/java_testing.html#sec:java_test_fixtures[0m[0m
[32m • [3mFor Test Fixtures support in non-Kotlin/JVM projects, please add your use-case to https://youtrack.jetbrains.com/issue/KT-63142[0m[0m


> Configure project :prepare:ide-plugin-dependencies:compose-compiler-plugin-for-ide
Using Kotlin Space bootstrap version 2.3.0-dev-10303 from https://redirector.kotlinlang.org/maven/bootstrap
Redirecting Kotlin/Native compiler download url
Evaluating project ':prepare:ide-plugin-dependencies:compose-compiler-plugin-for-ide' using build file '/Users/aria/zaedalus/kotlin/prepare/ide-plugin-dependencies/compose-compiler-plugin-for-ide/build.gradle.kts'.
Resolved plugin [id: 'org.jetbrains.kotlin.jvm', version: '2.3.0-dev-10303']
Using Kotlin Gradle Plugin gradle813 variant
kotlin scripting plugin: created the scripting discovery configuration: kotlinScriptDef
kotlin scripting plugin: created the scripting discovery configuration: testKotlinScriptDef
w: [33m[1m⚠️ Unsupported API dependency types in test source sets[0m[0m
API dependency types are used in test source sets
Dependencies:
    - org.jetbrains.kotlin:compiler-hosted:2.3.0-wit.1 (source sets: test)

Adding API dependency types to test source sets is not supported and will removed in a future version of Kotlin.

API dependencies are transitively exposed to consumers, but test source sets should not be consumable.
[32m[1mSolutions:[0m[0m
[32m • [3mReplace API dependency types in test source sets with implementation dependencies.[0m[0m
[32m • [3mFor Kotlin/JVM projects, consider using Test Fixtures https://docs.gradle.org/current/userguide/java_testing.html#sec:java_test_fixtures[0m[0m
[32m • [3mFor Test Fixtures support in non-Kotlin/JVM projects, please add your use-case to https://youtrack.jetbrains.com/issue/KT-63142[0m[0m


> Configure project :prepare:ide-plugin-dependencies:incremental-compilation-impl-tests-for-ide
Using Kotlin Space bootstrap version 2.3.0-dev-10303 from https://redirector.kotlinlang.org/maven/bootstrap
Redirecting Kotlin/Native compiler download url
Evaluating project ':prepare:ide-plugin-dependencies:incremental-compilation-impl-tests-for-ide' using build file '/Users/aria/zaedalus/kotlin/prepare/ide-plugin-dependencies/incremental-compilation-impl-tests-for-ide/build.gradle.kts'.
Resolved plugin [id: 'org.jetbrains.kotlin.jvm', version: '2.3.0-dev-10303']
Using Kotlin Gradle Plugin gradle813 variant
kotlin scripting plugin: created the scripting discovery configuration: kotlinScriptDef
kotlin scripting plugin: created the scripting discovery configuration: testKotlinScriptDef
w: [33m[1m⚠️ Unsupported API dependency types in test source sets[0m[0m
API dependency types are used in test source sets
Dependencies:
    - org.jetbrains.kotlin:incremental-compilation-impl:2.3.0-wit.1 (source sets: test)

Adding API dependency types to test source sets is not supported and will removed in a future version of Kotlin.

API dependencies are transitively exposed to consumers, but test source sets should not be consumable.
[32m[1mSolutions:[0m[0m
[32m • [3mReplace API dependency types in test source sets with implementation dependencies.[0m[0m
[32m • [3mFor Kotlin/JVM projects, consider using Test Fixtures https://docs.gradle.org/current/userguide/java_testing.html#sec:java_test_fixtures[0m[0m
[32m • [3mFor Test Fixtures support in non-Kotlin/JVM projects, please add your use-case to https://youtrack.jetbrains.com/issue/KT-63142[0m[0m


> Configure project :prepare:ide-plugin-dependencies:js-ir-runtime-for-ide
Using Kotlin Space bootstrap version 2.3.0-dev-10303 from https://redirector.kotlinlang.org/maven/bootstrap
Redirecting Kotlin/Native compiler download url
Evaluating project ':prepare:ide-plugin-dependencies:js-ir-runtime-for-ide' using build file '/Users/aria/zaedalus/kotlin/prepare/ide-plugin-dependencies/js-ir-runtime-for-ide/build.gradle.kts'.
Resolved plugin [id: 'org.gradle.java']

> Configure project :prepare:ide-plugin-dependencies:js-plain-objects-compiler-plugin-for-ide
Using Kotlin Space bootstrap version 2.3.0-dev-10303 from https://redirector.kotlinlang.org/maven/bootstrap
Redirecting Kotlin/Native compiler download url
Evaluating project ':prepare:ide-plugin-dependencies:js-plain-objects-compiler-plugin-for-ide' using build file '/Users/aria/zaedalus/kotlin/prepare/ide-plugin-dependencies/js-plain-objects-compiler-plugin-for-ide/build.gradle.kts'.
Resolved plugin [id: 'org.jetbrains.kotlin.jvm', version: '2.3.0-dev-10303']
Using Kotlin Gradle Plugin gradle813 variant
kotlin scripting plugin: created the scripting discovery configuration: kotlinScriptDef
kotlin scripting plugin: created the scripting discovery configuration: testKotlinScriptDef
w: [33m[1m⚠️ Unsupported API dependency types in test source sets[0m[0m
API dependency types are used in test source sets
Dependencies:
    - org.jetbrains.kotlin:js-plain-objects.backend:2.3.0-wit.1 (source sets: test)
    - org.jetbrains.kotlin:js-plain-objects.cli:2.3.0-wit.1 (source sets: test)
    - org.jetbrains.kotlin:js-plain-objects.common:2.3.0-wit.1 (source sets: test)
    - org.jetbrains.kotlin:js-plain-objects.k2:2.3.0-wit.1 (source sets: test)

Adding API dependency types to test source sets is not supported and will removed in a future version of Kotlin.

API dependencies are transitively exposed to consumers, but test source sets should not be consumable.
[32m[1mSolutions:[0m[0m
[32m • [3mReplace API dependency types in test source sets with implementation dependencies.[0m[0m
[32m • [3mFor Kotlin/JVM projects, consider using Test Fixtures https://docs.gradle.org/current/userguide/java_testing.html#sec:java_test_fixtures[0m[0m
[32m • [3mFor Test Fixtures support in non-Kotlin/JVM projects, please add your use-case to https://youtrack.jetbrains.com/issue/KT-63142[0m[0m


> Configure project :prepare:ide-plugin-dependencies:kotlin-build-common-tests-for-ide
Using Kotlin Space bootstrap version 2.3.0-dev-10303 from https://redirector.kotlinlang.org/maven/bootstrap
Redirecting Kotlin/Native compiler download url
Evaluating project ':prepare:ide-plugin-dependencies:kotlin-build-common-tests-for-ide' using build file '/Users/aria/zaedalus/kotlin/prepare/ide-plugin-dependencies/kotlin-build-common-tests-for-ide/build.gradle.kts'.
Resolved plugin [id: 'org.jetbrains.kotlin.jvm', version: '2.3.0-dev-10303']
Using Kotlin Gradle Plugin gradle813 variant
kotlin scripting plugin: created the scripting discovery configuration: kotlinScriptDef
kotlin scripting plugin: created the scripting discovery configuration: testKotlinScriptDef
w: [33m[1m⚠️ Unsupported API dependency types in test source sets[0m[0m
API dependency types are used in test source sets
Dependencies:
    - org.jetbrains.kotlin:kotlin-build-common:2.3.0-wit.1 (source sets: test, test)

Adding API dependency types to test source sets is not supported and will removed in a future version of Kotlin.

API dependencies are transitively exposed to consumers, but test source sets should not be consumable.
[32m[1mSolutions:[0m[0m
[32m • [3mReplace API dependency types in test source sets with implementation dependencies.[0m[0m
[32m • [3mFor Kotlin/JVM projects, consider using Test Fixtures https://docs.gradle.org/current/userguide/java_testing.html#sec:java_test_fixtures[0m[0m
[32m • [3mFor Test Fixtures support in non-Kotlin/JVM projects, please add your use-case to https://youtrack.jetbrains.com/issue/KT-63142[0m[0m


> Configure project :prepare:ide-plugin-dependencies:kotlin-compiler-cli-for-ide
Using Kotlin Space bootstrap version 2.3.0-dev-10303 from https://redirector.kotlinlang.org/maven/bootstrap
Redirecting Kotlin/Native compiler download url
Evaluating project ':prepare:ide-plugin-dependencies:kotlin-compiler-cli-for-ide' using build file '/Users/aria/zaedalus/kotlin/prepare/ide-plugin-dependencies/kotlin-compiler-cli-for-ide/build.gradle.kts'.
Resolved plugin [id: 'org.jetbrains.kotlin.jvm', version: '2.3.0-dev-10303']
Using Kotlin Gradle Plugin gradle813 variant
kotlin scripting plugin: created the scripting discovery configuration: kotlinScriptDef
kotlin scripting plugin: created the scripting discovery configuration: testKotlinScriptDef
w: [33m[1m⚠️ Unsupported API dependency types in test source sets[0m[0m
API dependency types are used in test source sets
Dependencies:
    - org.jetbrains.kotlin:cli-js:2.3.0-wit.1 (source sets: test)
    - org.jetbrains.kotlin:cli:2.3.0-wit.1 (source sets: test)

Adding API dependency types to test source sets is not supported and will removed in a future version of Kotlin.

API dependencies are transitively exposed to consumers, but test source sets should not be consumable.
[32m[1mSolutions:[0m[0m
[32m • [3mReplace API dependency types in test source sets with implementation dependencies.[0m[0m
[32m • [3mFor Kotlin/JVM projects, consider using Test Fixtures https://docs.gradle.org/current/userguide/java_testing.html#sec:java_test_fixtures[0m[0m
[32m • [3mFor Test Fixtures support in non-Kotlin/JVM projects, please add your use-case to https://youtrack.jetbrains.com/issue/KT-63142[0m[0m


> Configure project :prepare:ide-plugin-dependencies:kotlin-compiler-common-for-ide
Using Kotlin Space bootstrap version 2.3.0-dev-10303 from https://redirector.kotlinlang.org/maven/bootstrap
Redirecting Kotlin/Native compiler download url
Evaluating project ':prepare:ide-plugin-dependencies:kotlin-compiler-common-for-ide' using build file '/Users/aria/zaedalus/kotlin/prepare/ide-plugin-dependencies/kotlin-compiler-common-for-ide/build.gradle.kts'.
Resolved plugin [id: 'org.jetbrains.kotlin.jvm', version: '2.3.0-dev-10303']
Using Kotlin Gradle Plugin gradle813 variant
kotlin scripting plugin: created the scripting discovery configuration: kotlinScriptDef
kotlin scripting plugin: created the scripting discovery configuration: testKotlinScriptDef
w: [33m[1m⚠️ Unsupported API dependency types in test source sets[0m[0m
API dependency types are used in test source sets
Dependencies:
    - org.jetbrains.kotlin:analysis-internal-utils:2.3.0-wit.1 (source sets: test)
    - org.jetbrains.kotlin:arguments.common:2.3.0-wit.1 (source sets: test)
    - org.jetbrains.kotlin:backend.common.jvm:2.3.0-wit.1 (source sets: test)
    - org.jetbrains.kotlin:base:2.3.0-wit.1 (source sets: test)
    - org.jetbrains.kotlin:binary-options:2.3.0-wit.1 (source sets: test)
    - org.jetbrains.kotlin:cli-common:2.3.0-wit.1 (source sets: test)
    - org.jetbrains.kotlin:compiler.common.js:2.3.0-wit.1 (source sets: test)
    - org.jetbrains.kotlin:compiler.common.jvm:2.3.0-wit.1 (source sets: test)
    - org.jetbrains.kotlin:compiler.common.native:2.3.0-wit.1 (source sets: test)
    - org.jetbrains.kotlin:compiler.common.wasm:2.3.0-wit.1 (source sets: test)
    - org.jetbrains.kotlin:compiler.common.web:2.3.0-wit.1 (source sets: test)
    - org.jetbrains.kotlin:compiler.common:2.3.0-wit.1 (source sets: test)
    - org.jetbrains.kotlin:compiler.version:2.3.0-wit.1 (source sets: test)
    - org.jetbrains.kotlin:config.jvm:2.3.0-wit.1 (source sets: test)
    - org.jetbrains.kotlin:config:2.3.0-wit.1 (source sets: test)
    - org.jetbrains.kotlin:daemon-common:2.3.0-wit.1 (source sets: test)
    - org.jetbrains.kotlin:decompiler-js:2.3.0-wit.1 (source sets: test)
    - org.jetbrains.kotlin:decompiler-native:2.3.0-wit.1 (source sets: test)
    - org.jetbrains.kotlin:decompiler-to-file-stubs:2.3.0-wit.1 (source sets: test)
    - org.jetbrains.kotlin:decompiler-to-psi:2.3.0-wit.1 (source sets: test)
    - org.jetbrains.kotlin:decompiler-to-stubs:2.3.0-wit.1 (source sets: test)
    - org.jetbrains.kotlin:deserialization.common.jvm:2.3.0-wit.1 (source sets: test)
    - org.jetbrains.kotlin:deserialization.common:2.3.0-wit.1 (source sets: test)
    - org.jetbrains.kotlin:frontend.common-psi:2.3.0-wit.1 (source sets: test)
    - org.jetbrains.kotlin:frontend.common.jvm:2.3.0-wit.1 (source sets: test)
    - org.jetbrains.kotlin:frontend.common:2.3.0-wit.1 (source sets: test)
    - org.jetbrains.kotlin:frontend.java:2.3.0-wit.1 (source sets: test)
    - org.jetbrains.kotlin:js.config:2.3.0-wit.1 (source sets: test)
    - org.jetbrains.kotlin:js.frontend.common:2.3.0-wit.1 (source sets: test)
    - org.jetbrains.kotlin:kotlin-build-common:2.3.0-wit.1 (source sets: test)
    - org.jetbrains.kotlin:kotlin-build-statistics:2.3.0-wit.1 (source sets: test)
    - org.jetbrains.kotlin:kotlin-build-tools-api:2.3.0-wit.1 (source sets: test)
    - org.jetbrains.kotlin:kotlin-compiler-runner-unshaded:2.3.0-wit.1 (source sets: test)
    - org.jetbrains.kotlin:kotlin-daemon-client:2.3.0-wit.1 (source sets: test)
    - org.jetbrains.kotlin:kotlin-native-utils:2.3.0-wit.1 (source sets: test)
    - org.jetbrains.kotlin:kotlin-preloader:2.3.0-wit.1 (source sets: test)
    - org.jetbrains.kotlin:kotlin-util-io:2.3.0-wit.1 (source sets: test)
    - org.jetbrains.kotlin:kotlin-util-klib-abi:2.3.0-wit.1 (source sets: test)
    - org.jetbrains.kotlin:kotlin-util-klib:2.3.0-wit.1 (source sets: test)
    - org.jetbrains.kotlin:kt-references:2.3.0-wit.1 (source sets: test)
    - org.jetbrains.kotlin:light-classes-base:2.3.0-wit.1 (source sets: test)
    - org.jetbrains.kotlin:light-classes-for-decompiled:2.3.0-wit.1 (source sets: test)
    - org.jetbrains.kotlin:metadata.jvm:2.3.0-wit.1 (source sets: test)
    - org.jetbrains.kotlin:metadata:2.3.0-wit.1 (source sets: test)
    - org.jetbrains.kotlin:parser:2.3.0-wit.1 (source sets: test)
    - org.jetbrains.kotlin:protobuf-relocated:2.6.1-2 (source sets: test)
    - org.jetbrains.kotlin:psi-api:2.3.0-wit.1 (source sets: test)
    - org.jetbrains.kotlin:psi-frontend-utils:2.3.0-wit.1 (source sets: test)
    - org.jetbrains.kotlin:psi-impl:2.3.0-wit.1 (source sets: test)
    - org.jetbrains.kotlin:psi-utils:2.3.0-wit.1 (source sets: test)
    - org.jetbrains.kotlin:resolution.common.jvm:2.3.0-wit.1 (source sets: test)
    - org.jetbrains.kotlin:resolution.common:2.3.0-wit.1 (source sets: test)
    - org.jetbrains.kotlin:util.runtime:2.3.0-wit.1 (source sets: test)
    - org.jetbrains.kotlin:util:2.3.0-wit.1 (source sets: test)
    - org.jetbrains.kotlin:wasm.config:2.3.0-wit.1 (source sets: test)

Adding API dependency types to test source sets is not supported and will removed in a future version of Kotlin.

API dependencies are transitively exposed to consumers, but test source sets should not be consumable.
[32m[1mSolutions:[0m[0m
[32m • [3mReplace API dependency types in test source sets with implementation dependencies.[0m[0m
[32m • [3mFor Kotlin/JVM projects, consider using Test Fixtures https://docs.gradle.org/current/userguide/java_testing.html#sec:java_test_fixtures[0m[0m
[32m • [3mFor Test Fixtures support in non-Kotlin/JVM projects, please add your use-case to https://youtrack.jetbrains.com/issue/KT-63142[0m[0m


> Configure project :prepare:ide-plugin-dependencies:kotlin-compiler-fe10-for-ide
Using Kotlin Space bootstrap version 2.3.0-dev-10303 from https://redirector.kotlinlang.org/maven/bootstrap
Redirecting Kotlin/Native compiler download url
Evaluating project ':prepare:ide-plugin-dependencies:kotlin-compiler-fe10-for-ide' using build file '/Users/aria/zaedalus/kotlin/prepare/ide-plugin-dependencies/kotlin-compiler-fe10-for-ide/build.gradle.kts'.
Resolved plugin [id: 'org.jetbrains.kotlin.jvm', version: '2.3.0-dev-10303']
Using Kotlin Gradle Plugin gradle813 variant
kotlin scripting plugin: created the scripting discovery configuration: kotlinScriptDef
kotlin scripting plugin: created the scripting discovery configuration: testKotlinScriptDef
w: [33m[1m⚠️ Unsupported API dependency types in test source sets[0m[0m
API dependency types are used in test source sets
Dependencies:
    - org.jetbrains.kotlin:backend.common.jvm:2.3.0-wit.1 (source sets: test)
    - org.jetbrains.kotlin:backend.js:2.3.0-wit.1 (source sets: test)
    - org.jetbrains.kotlin:backend.jvm.codegen:2.3.0-wit.1 (source sets: test)
    - org.jetbrains.kotlin:backend.jvm.entrypoint:2.3.0-wit.1 (source sets: test)
    - org.jetbrains.kotlin:backend.jvm.lower:2.3.0-wit.1 (source sets: test)
    - org.jetbrains.kotlin:backend.jvm:2.3.0-wit.1 (source sets: test)
    - org.jetbrains.kotlin:backend.wasm:2.3.0-wit.1 (source sets: test)
    - org.jetbrains.kotlin:backend:2.3.0-wit.1 (source sets: test)
    - org.jetbrains.kotlin:cfg:2.3.0-wit.1 (source sets: test)
    - org.jetbrains.kotlin:cli-base:2.3.0-wit.1 (source sets: test)
    - org.jetbrains.kotlin:compiler:2.3.0-wit.1 (source sets: test)
    - org.jetbrains.kotlin:container:2.3.0-wit.1 (source sets: test)
    - org.jetbrains.kotlin:deprecated-k1-frontend-internals-for-ide-generated:2.3.0-wit.1 (source sets: test)
    - org.jetbrains.kotlin:descriptors.jvm:2.3.0-wit.1 (source sets: test)
    - org.jetbrains.kotlin:descriptors.runtime:2.3.0-wit.1 (source sets: test)
    - org.jetbrains.kotlin:descriptors:2.3.0-wit.1 (source sets: test)
    - org.jetbrains.kotlin:deserialization:2.3.0-wit.1 (source sets: test)
    - org.jetbrains.kotlin:frontend.native:2.3.0-wit.1 (source sets: test)
    - org.jetbrains.kotlin:frontend:2.3.0-wit.1 (source sets: test)
    - org.jetbrains.kotlin:ir.psi2ir:2.3.0-wit.1 (source sets: test)
    - org.jetbrains.kotlin:js.ast:2.3.0-wit.1 (source sets: test)
    - org.jetbrains.kotlin:js.frontend:2.3.0-wit.1 (source sets: test)
    - org.jetbrains.kotlin:js.parser:2.3.0-wit.1 (source sets: test)
    - org.jetbrains.kotlin:js.serializer:2.3.0-wit.1 (source sets: test)
    - org.jetbrains.kotlin:js.sourcemap:2.3.0-wit.1 (source sets: test)
    - org.jetbrains.kotlin:js.translator:2.3.0-wit.1 (source sets: test)
    - org.jetbrains.kotlin:kotlin-util-klib-metadata:2.3.0-wit.1 (source sets: test)
    - org.jetbrains.kotlin:light-classes:2.3.0-wit.1 (source sets: test)
    - org.jetbrains.kotlin:plugin-api:2.3.0-wit.1 (source sets: test)
    - org.jetbrains.kotlin:resolution:2.3.0-wit.1 (source sets: test)
    - org.jetbrains.kotlin:serialization:2.3.0-wit.1 (source sets: test)
    - org.jetbrains.kotlin:wasm.frontend:2.3.0-wit.1 (source sets: test)

Adding API dependency types to test source sets is not supported and will removed in a future version of Kotlin.

API dependencies are transitively exposed to consumers, but test source sets should not be consumable.
[32m[1mSolutions:[0m[0m
[32m • [3mReplace API dependency types in test source sets with implementation dependencies.[0m[0m
[32m • [3mFor Kotlin/JVM projects, consider using Test Fixtures https://docs.gradle.org/current/userguide/java_testing.html#sec:java_test_fixtures[0m[0m
[32m • [3mFor Test Fixtures support in non-Kotlin/JVM projects, please add your use-case to https://youtrack.jetbrains.com/issue/KT-63142[0m[0m


> Configure project :prepare:ide-plugin-dependencies:kotlin-compiler-fir-for-ide
Using Kotlin Space bootstrap version 2.3.0-dev-10303 from https://redirector.kotlinlang.org/maven/bootstrap
Redirecting Kotlin/Native compiler download url
Evaluating project ':prepare:ide-plugin-dependencies:kotlin-compiler-fir-for-ide' using build file '/Users/aria/zaedalus/kotlin/prepare/ide-plugin-dependencies/kotlin-compiler-fir-for-ide/build.gradle.kts'.
Resolved plugin [id: 'org.jetbrains.kotlin.jvm', version: '2.3.0-dev-10303']
Using Kotlin Gradle Plugin gradle813 variant
kotlin scripting plugin: created the scripting discovery configuration: kotlinScriptDef
kotlin scripting plugin: created the scripting discovery configuration: testKotlinScriptDef
w: [33m[1m⚠️ Unsupported API dependency types in test source sets[0m[0m
API dependency types are used in test source sets
Dependencies:
    - org.jetbrains.kotlin:checkers.js:2.3.0-wit.1 (source sets: test)
    - org.jetbrains.kotlin:checkers.jvm:2.3.0-wit.1 (source sets: test)
    - org.jetbrains.kotlin:checkers.native:2.3.0-wit.1 (source sets: test)
    - org.jetbrains.kotlin:checkers.wasm:2.3.0-wit.1 (source sets: test)
    - org.jetbrains.kotlin:checkers.web.common:2.3.0-wit.1 (source sets: test)
    - org.jetbrains.kotlin:checkers:2.3.0-wit.1 (source sets: test)
    - org.jetbrains.kotlin:cones:2.3.0-wit.1 (source sets: test)
    - org.jetbrains.kotlin:entrypoint:2.3.0-wit.1 (source sets: test)
    - org.jetbrains.kotlin:fir-deserialization:2.3.0-wit.1 (source sets: test)
    - org.jetbrains.kotlin:fir-js:2.3.0-wit.1 (source sets: test)
    - org.jetbrains.kotlin:fir-jvm:2.3.0-wit.1 (source sets: test)
    - org.jetbrains.kotlin:fir-native:2.3.0-wit.1 (source sets: test)
    - org.jetbrains.kotlin:fir-serialization:2.3.0-wit.1 (source sets: test)
    - org.jetbrains.kotlin:fir2ir:2.3.0-wit.1 (source sets: test)
    - org.jetbrains.kotlin:jvm-backend:2.3.0-wit.1 (source sets: test)
    - org.jetbrains.kotlin:plugin-utils:2.3.0-wit.1 (source sets: test)
    - org.jetbrains.kotlin:providers:2.3.0-wit.1 (source sets: test)
    - org.jetbrains.kotlin:psi2fir:2.3.0-wit.1 (source sets: test)
    - org.jetbrains.kotlin:raw-fir.common:2.3.0-wit.1 (source sets: test)
    - org.jetbrains.kotlin:resolve:2.3.0-wit.1 (source sets: test)
    - org.jetbrains.kotlin:semantics:2.3.0-wit.1 (source sets: test)
    - org.jetbrains.kotlin:tree:2.3.0-wit.1 (source sets: test)

Adding API dependency types to test source sets is not supported and will removed in a future version of Kotlin.

API dependencies are transitively exposed to consumers, but test source sets should not be consumable.
[32m[1mSolutions:[0m[0m
[32m • [3mReplace API dependency types in test source sets with implementation dependencies.[0m[0m
[32m • [3mFor Kotlin/JVM projects, consider using Test Fixtures https://docs.gradle.org/current/userguide/java_testing.html#sec:java_test_fixtures[0m[0m
[32m • [3mFor Test Fixtures support in non-Kotlin/JVM projects, please add your use-case to https://youtrack.jetbrains.com/issue/KT-63142[0m[0m


> Configure project :prepare:ide-plugin-dependencies:kotlin-compiler-ir-for-ide
Using Kotlin Space bootstrap version 2.3.0-dev-10303 from https://redirector.kotlinlang.org/maven/bootstrap
Redirecting Kotlin/Native compiler download url
Evaluating project ':prepare:ide-plugin-dependencies:kotlin-compiler-ir-for-ide' using build file '/Users/aria/zaedalus/kotlin/prepare/ide-plugin-dependencies/kotlin-compiler-ir-for-ide/build.gradle.kts'.
Resolved plugin [id: 'org.jetbrains.kotlin.jvm', version: '2.3.0-dev-10303']
Using Kotlin Gradle Plugin gradle813 variant
kotlin scripting plugin: created the scripting discovery configuration: kotlinScriptDef
kotlin scripting plugin: created the scripting discovery configuration: testKotlinScriptDef
w: [33m[1m⚠️ Unsupported API dependency types in test source sets[0m[0m
API dependency types are used in test source sets
Dependencies:
    - org.jetbrains.kotlin:ir.actualization:2.3.0-wit.1 (source sets: test)
    - org.jetbrains.kotlin:ir.backend.common:2.3.0-wit.1 (source sets: test)
    - org.jetbrains.kotlin:ir.backend.native:2.3.0-wit.1 (source sets: test)
    - org.jetbrains.kotlin:ir.inline:2.3.0-wit.1 (source sets: test)
    - org.jetbrains.kotlin:ir.interpreter:2.3.0-wit.1 (source sets: test)
    - org.jetbrains.kotlin:ir.objcinterop:2.3.0-wit.1 (source sets: test)
    - org.jetbrains.kotlin:ir.serialization.common:2.3.0-wit.1 (source sets: test)
    - org.jetbrains.kotlin:ir.serialization.js:2.3.0-wit.1 (source sets: test)
    - org.jetbrains.kotlin:ir.serialization.jvm:2.3.0-wit.1 (source sets: test)
    - org.jetbrains.kotlin:ir.tree:2.3.0-wit.1 (source sets: test)
    - org.jetbrains.kotlin:ir.validation:2.3.0-wit.1 (source sets: test)

Adding API dependency types to test source sets is not supported and will removed in a future version of Kotlin.

API dependencies are transitively exposed to consumers, but test source sets should not be consumable.
[32m[1mSolutions:[0m[0m
[32m • [3mReplace API dependency types in test source sets with implementation dependencies.[0m[0m
[32m • [3mFor Kotlin/JVM projects, consider using Test Fixtures https://docs.gradle.org/current/userguide/java_testing.html#sec:java_test_fixtures[0m[0m
[32m • [3mFor Test Fixtures support in non-Kotlin/JVM projects, please add your use-case to https://youtrack.jetbrains.com/issue/KT-63142[0m[0m


> Configure project :prepare:ide-plugin-dependencies:kotlin-compiler-testdata-for-ide
Using Kotlin Space bootstrap version 2.3.0-dev-10303 from https://redirector.kotlinlang.org/maven/bootstrap
Redirecting Kotlin/Native compiler download url
Evaluating project ':prepare:ide-plugin-dependencies:kotlin-compiler-testdata-for-ide' using build file '/Users/aria/zaedalus/kotlin/prepare/ide-plugin-dependencies/kotlin-compiler-testdata-for-ide/build.gradle.kts'.

> Configure project :prepare:ide-plugin-dependencies:kotlin-compiler-tests-for-ide
Using Kotlin Space bootstrap version 2.3.0-dev-10303 from https://redirector.kotlinlang.org/maven/bootstrap
Redirecting Kotlin/Native compiler download url
Evaluating project ':prepare:ide-plugin-dependencies:kotlin-compiler-tests-for-ide' using build file '/Users/aria/zaedalus/kotlin/prepare/ide-plugin-dependencies/kotlin-compiler-tests-for-ide/build.gradle.kts'.
Resolved plugin [id: 'org.jetbrains.kotlin.jvm', version: '2.3.0-dev-10303']
Using Kotlin Gradle Plugin gradle813 variant
kotlin scripting plugin: created the scripting discovery configuration: kotlinScriptDef
kotlin scripting plugin: created the scripting discovery configuration: testKotlinScriptDef
w: [33m[1m⚠️ Unsupported API dependency types in test source sets[0m[0m
API dependency types are used in test source sets
Dependencies:
    - org.jetbrains.kotlin:test-infrastructure-utils:2.3.0-wit.1 (source sets: test)
    - org.jetbrains.kotlin:test-infrastructure:2.3.0-wit.1 (source sets: test)
    - org.jetbrains.kotlin:tests-common-new:2.3.0-wit.1 (source sets: test)
    - org.jetbrains.kotlin:tests-compiler-utils:2.3.0-wit.1 (source sets: test)
    - org.jetbrains.kotlin:tests-spec:2.3.0-wit.1 (source sets: test)

Adding API dependency types to test source sets is not supported and will removed in a future version of Kotlin.

API dependencies are transitively exposed to consumers, but test source sets should not be consumable.
[32m[1mSolutions:[0m[0m
[32m • [3mReplace API dependency types in test source sets with implementation dependencies.[0m[0m
[32m • [3mFor Kotlin/JVM projects, consider using Test Fixtures https://docs.gradle.org/current/userguide/java_testing.html#sec:java_test_fixtures[0m[0m
[32m • [3mFor Test Fixtures support in non-Kotlin/JVM projects, please add your use-case to https://youtrack.jetbrains.com/issue/KT-63142[0m[0m


> Configure project :prepare:ide-plugin-dependencies:kotlin-dataframe-compiler-plugin-for-ide
Using Kotlin Space bootstrap version 2.3.0-dev-10303 from https://redirector.kotlinlang.org/maven/bootstrap
Redirecting Kotlin/Native compiler download url
Evaluating project ':prepare:ide-plugin-dependencies:kotlin-dataframe-compiler-plugin-for-ide' using build file '/Users/aria/zaedalus/kotlin/prepare/ide-plugin-dependencies/kotlin-dataframe-compiler-plugin-for-ide/build.gradle.kts'.
Resolved plugin [id: 'org.jetbrains.kotlin.jvm', version: '2.3.0-dev-10303']
Using Kotlin Gradle Plugin gradle813 variant
kotlin scripting plugin: created the scripting discovery configuration: kotlinScriptDef
kotlin scripting plugin: created the scripting discovery configuration: testKotlinScriptDef
w: [33m[1m⚠️ Unsupported API dependency types in test source sets[0m[0m
API dependency types are used in test source sets
Dependencies:
    - org.jetbrains.kotlin:kotlin-dataframe-compiler-plugin.backend:2.3.0-wit.1 (source sets: test)
    - org.jetbrains.kotlin:kotlin-dataframe-compiler-plugin.cli:2.3.0-wit.1 (source sets: test)
    - org.jetbrains.kotlin:kotlin-dataframe-compiler-plugin.common:2.3.0-wit.1 (source sets: test)
    - org.jetbrains.kotlin:kotlin-dataframe-compiler-plugin.k2:2.3.0-wit.1 (source sets: test)

Adding API dependency types to test source sets is not supported and will removed in a future version of Kotlin.

API dependencies are transitively exposed to consumers, but test source sets should not be consumable.
[32m[1mSolutions:[0m[0m
[32m • [3mReplace API dependency types in test source sets with implementation dependencies.[0m[0m
[32m • [3mFor Kotlin/JVM projects, consider using Test Fixtures https://docs.gradle.org/current/userguide/java_testing.html#sec:java_test_fixtures[0m[0m
[32m • [3mFor Test Fixtures support in non-Kotlin/JVM projects, please add your use-case to https://youtrack.jetbrains.com/issue/KT-63142[0m[0m


> Configure project :prepare:ide-plugin-dependencies:kotlin-dist-for-ide
Using Kotlin Space bootstrap version 2.3.0-dev-10303 from https://redirector.kotlinlang.org/maven/bootstrap
Redirecting Kotlin/Native compiler download url
Evaluating project ':prepare:ide-plugin-dependencies:kotlin-dist-for-ide' using build file '/Users/aria/zaedalus/kotlin/prepare/ide-plugin-dependencies/kotlin-dist-for-ide/build.gradle.kts'.
Resolved plugin [id: 'org.gradle.java']

> Configure project :prepare:ide-plugin-dependencies:kotlin-gradle-statistics-for-ide
Using Kotlin Space bootstrap version 2.3.0-dev-10303 from https://redirector.kotlinlang.org/maven/bootstrap
Redirecting Kotlin/Native compiler download url
Evaluating project ':prepare:ide-plugin-dependencies:kotlin-gradle-statistics-for-ide' using build file '/Users/aria/zaedalus/kotlin/prepare/ide-plugin-dependencies/kotlin-gradle-statistics-for-ide/build.gradle.kts'.
Resolved plugin [id: 'org.jetbrains.kotlin.jvm', version: '2.3.0-dev-10303']
Using Kotlin Gradle Plugin gradle813 variant
kotlin scripting plugin: created the scripting discovery configuration: kotlinScriptDef
kotlin scripting plugin: created the scripting discovery configuration: testKotlinScriptDef
w: [33m[1m⚠️ Unsupported API dependency types in test source sets[0m[0m
API dependency types are used in test source sets
Dependencies:
    - org.jetbrains.kotlin:kotlin-gradle-statistics:2.3.0-wit.1 (source sets: test)

Adding API dependency types to test source sets is not supported and will removed in a future version of Kotlin.

API dependencies are transitively exposed to consumers, but test source sets should not be consumable.
[32m[1mSolutions:[0m[0m
[32m • [3mReplace API dependency types in test source sets with implementation dependencies.[0m[0m
[32m • [3mFor Kotlin/JVM projects, consider using Test Fixtures https://docs.gradle.org/current/userguide/java_testing.html#sec:java_test_fixtures[0m[0m
[32m • [3mFor Test Fixtures support in non-Kotlin/JVM projects, please add your use-case to https://youtrack.jetbrains.com/issue/KT-63142[0m[0m


> Configure project :prepare:ide-plugin-dependencies:kotlin-jps-common-for-ide
Using Kotlin Space bootstrap version 2.3.0-dev-10303 from https://redirector.kotlinlang.org/maven/bootstrap
Redirecting Kotlin/Native compiler download url
Evaluating project ':prepare:ide-plugin-dependencies:kotlin-jps-common-for-ide' using build file '/Users/aria/zaedalus/kotlin/prepare/ide-plugin-dependencies/kotlin-jps-common-for-ide/build.gradle.kts'.
Resolved plugin [id: 'org.jetbrains.kotlin.jvm', version: '2.3.0-dev-10303']
Using Kotlin Gradle Plugin gradle813 variant
kotlin scripting plugin: created the scripting discovery configuration: kotlinScriptDef
kotlin scripting plugin: created the scripting discovery configuration: testKotlinScriptDef
w: [33m[1m⚠️ Unsupported API dependency types in test source sets[0m[0m
API dependency types are used in test source sets
Dependencies:
    - org.jetbrains.kotlin:jps-common:2.3.0-wit.1 (source sets: test)

Adding API dependency types to test source sets is not supported and will removed in a future version of Kotlin.

API dependencies are transitively exposed to consumers, but test source sets should not be consumable.
[32m[1mSolutions:[0m[0m
[32m • [3mReplace API dependency types in test source sets with implementation dependencies.[0m[0m
[32m • [3mFor Kotlin/JVM projects, consider using Test Fixtures https://docs.gradle.org/current/userguide/java_testing.html#sec:java_test_fixtures[0m[0m
[32m • [3mFor Test Fixtures support in non-Kotlin/JVM projects, please add your use-case to https://youtrack.jetbrains.com/issue/KT-63142[0m[0m


> Configure project :prepare:ide-plugin-dependencies:kotlin-jps-plugin-classpath
Using Kotlin Space bootstrap version 2.3.0-dev-10303 from https://redirector.kotlinlang.org/maven/bootstrap
Redirecting Kotlin/Native compiler download url
Evaluating project ':prepare:ide-plugin-dependencies:kotlin-jps-plugin-classpath' using build file '/Users/aria/zaedalus/kotlin/prepare/ide-plugin-dependencies/kotlin-jps-plugin-classpath/build.gradle.kts'.

> Configure project :prepare:ide-plugin-dependencies:kotlin-jps-plugin-testdata-for-ide
Using Kotlin Space bootstrap version 2.3.0-dev-10303 from https://redirector.kotlinlang.org/maven/bootstrap
Redirecting Kotlin/Native compiler download url
Evaluating project ':prepare:ide-plugin-dependencies:kotlin-jps-plugin-testdata-for-ide' using build file '/Users/aria/zaedalus/kotlin/prepare/ide-plugin-dependencies/kotlin-jps-plugin-testdata-for-ide/build.gradle.kts'.

> Configure project :prepare:ide-plugin-dependencies:kotlin-jps-plugin-tests-for-ide
Using Kotlin Space bootstrap version 2.3.0-dev-10303 from https://redirector.kotlinlang.org/maven/bootstrap
Redirecting Kotlin/Native compiler download url
Evaluating project ':prepare:ide-plugin-dependencies:kotlin-jps-plugin-tests-for-ide' using build file '/Users/aria/zaedalus/kotlin/prepare/ide-plugin-dependencies/kotlin-jps-plugin-tests-for-ide/build.gradle.kts'.
Resolved plugin [id: 'org.jetbrains.kotlin.jvm', version: '2.3.0-dev-10303']
Using Kotlin Gradle Plugin gradle813 variant
kotlin scripting plugin: created the scripting discovery configuration: kotlinScriptDef
kotlin scripting plugin: created the scripting discovery configuration: testKotlinScriptDef
w: [33m[1m⚠️ Unsupported API dependency types in test source sets[0m[0m
API dependency types are used in test source sets
Dependencies:
    - org.jetbrains.kotlin:jps-plugin:2.3.0-wit.1 (source sets: test)
    - org.jetbrains.kotlin:kotlin-build-common:2.3.0-wit.1 (source sets: test, test)

Adding API dependency types to test source sets is not supported and will removed in a future version of Kotlin.

API dependencies are transitively exposed to consumers, but test source sets should not be consumable.
[32m[1mSolutions:[0m[0m
[32m • [3mReplace API dependency types in test source sets with implementation dependencies.[0m[0m
[32m • [3mFor Kotlin/JVM projects, consider using Test Fixtures https://docs.gradle.org/current/userguide/java_testing.html#sec:java_test_fixtures[0m[0m
[32m • [3mFor Test Fixtures support in non-Kotlin/JVM projects, please add your use-case to https://youtrack.jetbrains.com/issue/KT-63142[0m[0m


> Configure project :prepare:ide-plugin-dependencies:kotlin-objcexport-header-generator-for-ide
Using Kotlin Space bootstrap version 2.3.0-dev-10303 from https://redirector.kotlinlang.org/maven/bootstrap
Redirecting Kotlin/Native compiler download url
Evaluating project ':prepare:ide-plugin-dependencies:kotlin-objcexport-header-generator-for-ide' using build file '/Users/aria/zaedalus/kotlin/prepare/ide-plugin-dependencies/kotlin-objcexport-header-generator-for-ide/build.gradle.kts'.
Resolved plugin [id: 'org.jetbrains.kotlin.jvm', version: '2.3.0-dev-10303']
Using Kotlin Gradle Plugin gradle813 variant
kotlin scripting plugin: created the scripting discovery configuration: kotlinScriptDef
kotlin scripting plugin: created the scripting discovery configuration: testKotlinScriptDef
w: [33m[1m⚠️ Unsupported API dependency types in test source sets[0m[0m
API dependency types are used in test source sets
Dependencies:
    - org.jetbrains.kotlin:analysis-api-based-export-common:2.3.0-wit.1 (source sets: test)
    - org.jetbrains.kotlin:analysis-api-based-klib-reader:2.3.0-wit.1 (source sets: test)
    - org.jetbrains.kotlin:base:2.3.0-wit.1 (source sets: test)
    - org.jetbrains.kotlin:binary-options:2.3.0-wit.1 (source sets: test)
    - org.jetbrains.kotlin:ir.serialization.native:2.3.0-wit.1 (source sets: test)
    - org.jetbrains.kotlin:objcexport-header-generator-analysis-api:2.3.0-wit.1 (source sets: test)
    - org.jetbrains.kotlin:objcexport-header-generator-k1:2.3.0-wit.1 (source sets: test)
    - org.jetbrains.kotlin:objcexport-header-generator:2.3.0-wit.1 (source sets: test)

Adding API dependency types to test source sets is not supported and will removed in a future version of Kotlin.

API dependencies are transitively exposed to consumers, but test source sets should not be consumable.
[32m[1mSolutions:[0m[0m
[32m • [3mReplace API dependency types in test source sets with implementation dependencies.[0m[0m
[32m • [3mFor Kotlin/JVM projects, consider using Test Fixtures https://docs.gradle.org/current/userguide/java_testing.html#sec:java_test_fixtures[0m[0m
[32m • [3mFor Test Fixtures support in non-Kotlin/JVM projects, please add your use-case to https://youtrack.jetbrains.com/issue/KT-63142[0m[0m


> Configure project :prepare:ide-plugin-dependencies:kotlin-swift-export-for-ide
Using Kotlin Space bootstrap version 2.3.0-dev-10303 from https://redirector.kotlinlang.org/maven/bootstrap
Redirecting Kotlin/Native compiler download url
Evaluating project ':prepare:ide-plugin-dependencies:kotlin-swift-export-for-ide' using build file '/Users/aria/zaedalus/kotlin/prepare/ide-plugin-dependencies/kotlin-swift-export-for-ide/build.gradle.kts'.
Resolved plugin [id: 'org.jetbrains.kotlin.jvm', version: '2.3.0-dev-10303']
Using Kotlin Gradle Plugin gradle813 variant
kotlin scripting plugin: created the scripting discovery configuration: kotlinScriptDef
kotlin scripting plugin: created the scripting discovery configuration: testKotlinScriptDef
w: [33m[1m⚠️ Unsupported API dependency types in test source sets[0m[0m
API dependency types are used in test source sets
Dependencies:
    - org.jetbrains.kotlin:sir-light-classes:2.3.0-wit.1 (source sets: test)
    - org.jetbrains.kotlin:sir-printer:2.3.0-wit.1 (source sets: test)
    - org.jetbrains.kotlin:sir-providers:2.3.0-wit.1 (source sets: test)
    - org.jetbrains.kotlin:sir:2.3.0-wit.1 (source sets: test)
    - org.jetbrains.kotlin:swift-export-ide:2.3.0-wit.1 (source sets: test)

Adding API dependency types to test source sets is not supported and will removed in a future version of Kotlin.

API dependencies are transitively exposed to consumers, but test source sets should not be consumable.
[32m[1mSolutions:[0m[0m
[32m • [3mReplace API dependency types in test source sets with implementation dependencies.[0m[0m
[32m • [3mFor Kotlin/JVM projects, consider using Test Fixtures https://docs.gradle.org/current/userguide/java_testing.html#sec:java_test_fixtures[0m[0m
[32m • [3mFor Test Fixtures support in non-Kotlin/JVM projects, please add your use-case to https://youtrack.jetbrains.com/issue/KT-63142[0m[0m


> Configure project :prepare:ide-plugin-dependencies:kotlinx-serialization-compiler-plugin-for-ide
Using Kotlin Space bootstrap version 2.3.0-dev-10303 from https://redirector.kotlinlang.org/maven/bootstrap
Redirecting Kotlin/Native compiler download url
Evaluating project ':prepare:ide-plugin-dependencies:kotlinx-serialization-compiler-plugin-for-ide' using build file '/Users/aria/zaedalus/kotlin/prepare/ide-plugin-dependencies/kotlinx-serialization-compiler-plugin-for-ide/build.gradle.kts'.
Resolved plugin [id: 'org.jetbrains.kotlin.jvm', version: '2.3.0-dev-10303']
Using Kotlin Gradle Plugin gradle813 variant
kotlin scripting plugin: created the scripting discovery configuration: kotlinScriptDef
kotlin scripting plugin: created the scripting discovery configuration: testKotlinScriptDef
w: [33m[1m⚠️ Unsupported API dependency types in test source sets[0m[0m
API dependency types are used in test source sets
Dependencies:
    - org.jetbrains.kotlin:kotlinx-serialization-compiler-plugin.backend:2.3.0-wit.1 (source sets: test)
    - org.jetbrains.kotlin:kotlinx-serialization-compiler-plugin.cli:2.3.0-wit.1 (source sets: test)
    - org.jetbrains.kotlin:kotlinx-serialization-compiler-plugin.common:2.3.0-wit.1 (source sets: test)
    - org.jetbrains.kotlin:kotlinx-serialization-compiler-plugin.k1:2.3.0-wit.1 (source sets: test)
    - org.jetbrains.kotlin:kotlinx-serialization-compiler-plugin.k2:2.3.0-wit.1 (source sets: test)

Adding API dependency types to test source sets is not supported and will removed in a future version of Kotlin.

API dependencies are transitively exposed to consumers, but test source sets should not be consumable.
[32m[1mSolutions:[0m[0m
[32m • [3mReplace API dependency types in test source sets with implementation dependencies.[0m[0m
[32m • [3mFor Kotlin/JVM projects, consider using Test Fixtures https://docs.gradle.org/current/userguide/java_testing.html#sec:java_test_fixtures[0m[0m
[32m • [3mFor Test Fixtures support in non-Kotlin/JVM projects, please add your use-case to https://youtrack.jetbrains.com/issue/KT-63142[0m[0m


> Configure project :prepare:ide-plugin-dependencies:lombok-compiler-plugin-for-ide
Using Kotlin Space bootstrap version 2.3.0-dev-10303 from https://redirector.kotlinlang.org/maven/bootstrap
Redirecting Kotlin/Native compiler download url
Evaluating project ':prepare:ide-plugin-dependencies:lombok-compiler-plugin-for-ide' using build file '/Users/aria/zaedalus/kotlin/prepare/ide-plugin-dependencies/lombok-compiler-plugin-for-ide/build.gradle.kts'.
Resolved plugin [id: 'org.jetbrains.kotlin.jvm', version: '2.3.0-dev-10303']
Using Kotlin Gradle Plugin gradle813 variant
kotlin scripting plugin: created the scripting discovery configuration: kotlinScriptDef
kotlin scripting plugin: created the scripting discovery configuration: testKotlinScriptDef
w: [33m[1m⚠️ Unsupported API dependency types in test source sets[0m[0m
API dependency types are used in test source sets
Dependencies:
    - org.jetbrains.kotlin:kotlin-lombok-compiler-plugin.cli:2.3.0-wit.1 (source sets: test)
    - org.jetbrains.kotlin:kotlin-lombok-compiler-plugin.common:2.3.0-wit.1 (source sets: test)
    - org.jetbrains.kotlin:kotlin-lombok-compiler-plugin.k1:2.3.0-wit.1 (source sets: test)
    - org.jetbrains.kotlin:kotlin-lombok-compiler-plugin.k2:2.3.0-wit.1 (source sets: test)

Adding API dependency types to test source sets is not supported and will removed in a future version of Kotlin.

API dependencies are transitively exposed to consumers, but test source sets should not be consumable.
[32m[1mSolutions:[0m[0m
[32m • [3mReplace API dependency types in test source sets with implementation dependencies.[0m[0m
[32m • [3mFor Kotlin/JVM projects, consider using Test Fixtures https://docs.gradle.org/current/userguide/java_testing.html#sec:java_test_fixtures[0m[0m
[32m • [3mFor Test Fixtures support in non-Kotlin/JVM projects, please add your use-case to https://youtrack.jetbrains.com/issue/KT-63142[0m[0m


> Configure project :prepare:ide-plugin-dependencies:low-level-api-fir-for-ide
Using Kotlin Space bootstrap version 2.3.0-dev-10303 from https://redirector.kotlinlang.org/maven/bootstrap
Redirecting Kotlin/Native compiler download url
Evaluating project ':prepare:ide-plugin-dependencies:low-level-api-fir-for-ide' using build file '/Users/aria/zaedalus/kotlin/prepare/ide-plugin-dependencies/low-level-api-fir-for-ide/build.gradle.kts'.
Resolved plugin [id: 'org.jetbrains.kotlin.jvm', version: '2.3.0-dev-10303']
Using Kotlin Gradle Plugin gradle813 variant
kotlin scripting plugin: created the scripting discovery configuration: kotlinScriptDef
kotlin scripting plugin: created the scripting discovery configuration: testKotlinScriptDef
w: [33m[1m⚠️ Unsupported API dependency types in test source sets[0m[0m
API dependency types are used in test source sets
Dependencies:
    - org.jetbrains.kotlin:low-level-api-fir:2.3.0-wit.1 (source sets: test)

Adding API dependency types to test source sets is not supported and will removed in a future version of Kotlin.

API dependencies are transitively exposed to consumers, but test source sets should not be consumable.
[32m[1mSolutions:[0m[0m
[32m • [3mReplace API dependency types in test source sets with implementation dependencies.[0m[0m
[32m • [3mFor Kotlin/JVM projects, consider using Test Fixtures https://docs.gradle.org/current/userguide/java_testing.html#sec:java_test_fixtures[0m[0m
[32m • [3mFor Test Fixtures support in non-Kotlin/JVM projects, please add your use-case to https://youtrack.jetbrains.com/issue/KT-63142[0m[0m


> Configure project :prepare:ide-plugin-dependencies:noarg-compiler-plugin-for-ide
Using Kotlin Space bootstrap version 2.3.0-dev-10303 from https://redirector.kotlinlang.org/maven/bootstrap
Redirecting Kotlin/Native compiler download url
Evaluating project ':prepare:ide-plugin-dependencies:noarg-compiler-plugin-for-ide' using build file '/Users/aria/zaedalus/kotlin/prepare/ide-plugin-dependencies/noarg-compiler-plugin-for-ide/build.gradle.kts'.
Resolved plugin [id: 'org.jetbrains.kotlin.jvm', version: '2.3.0-dev-10303']
Using Kotlin Gradle Plugin gradle813 variant
kotlin scripting plugin: created the scripting discovery configuration: kotlinScriptDef
kotlin scripting plugin: created the scripting discovery configuration: testKotlinScriptDef
w: [33m[1m⚠️ Unsupported API dependency types in test source sets[0m[0m
API dependency types are used in test source sets
Dependencies:
    - org.jetbrains.kotlin:kotlin-noarg-compiler-plugin.backend:2.3.0-wit.1 (source sets: test)
    - org.jetbrains.kotlin:kotlin-noarg-compiler-plugin.cli:2.3.0-wit.1 (source sets: test)
    - org.jetbrains.kotlin:kotlin-noarg-compiler-plugin.common:2.3.0-wit.1 (source sets: test)
    - org.jetbrains.kotlin:kotlin-noarg-compiler-plugin.k1:2.3.0-wit.1 (source sets: test)
    - org.jetbrains.kotlin:kotlin-noarg-compiler-plugin.k2:2.3.0-wit.1 (source sets: test)

Adding API dependency types to test source sets is not supported and will removed in a future version of Kotlin.

API dependencies are transitively exposed to consumers, but test source sets should not be consumable.
[32m[1mSolutions:[0m[0m
[32m • [3mReplace API dependency types in test source sets with implementation dependencies.[0m[0m
[32m • [3mFor Kotlin/JVM projects, consider using Test Fixtures https://docs.gradle.org/current/userguide/java_testing.html#sec:java_test_fixtures[0m[0m
[32m • [3mFor Test Fixtures support in non-Kotlin/JVM projects, please add your use-case to https://youtrack.jetbrains.com/issue/KT-63142[0m[0m


> Configure project :prepare:ide-plugin-dependencies:parcelize-compiler-plugin-for-ide
Using Kotlin Space bootstrap version 2.3.0-dev-10303 from https://redirector.kotlinlang.org/maven/bootstrap
Redirecting Kotlin/Native compiler download url
Evaluating project ':prepare:ide-plugin-dependencies:parcelize-compiler-plugin-for-ide' using build file '/Users/aria/zaedalus/kotlin/prepare/ide-plugin-dependencies/parcelize-compiler-plugin-for-ide/build.gradle.kts'.
Resolved plugin [id: 'org.jetbrains.kotlin.jvm', version: '2.3.0-dev-10303']
Using Kotlin Gradle Plugin gradle813 variant
kotlin scripting plugin: created the scripting discovery configuration: kotlinScriptDef
kotlin scripting plugin: created the scripting discovery configuration: testKotlinScriptDef
w: [33m[1m⚠️ Unsupported API dependency types in test source sets[0m[0m
API dependency types are used in test source sets
Dependencies:
    - org.jetbrains.kotlin:parcelize-runtime:2.3.0-wit.1 (source sets: test)
    - org.jetbrains.kotlin:parcelize.backend:2.3.0-wit.1 (source sets: test)
    - org.jetbrains.kotlin:parcelize.cli:2.3.0-wit.1 (source sets: test)
    - org.jetbrains.kotlin:parcelize.common:2.3.0-wit.1 (source sets: test)
    - org.jetbrains.kotlin:parcelize.k1:2.3.0-wit.1 (source sets: test)
    - org.jetbrains.kotlin:parcelize.k2:2.3.0-wit.1 (source sets: test)

Adding API dependency types to test source sets is not supported and will removed in a future version of Kotlin.

API dependencies are transitively exposed to consumers, but test source sets should not be consumable.
[32m[1mSolutions:[0m[0m
[32m • [3mReplace API dependency types in test source sets with implementation dependencies.[0m[0m
[32m • [3mFor Kotlin/JVM projects, consider using Test Fixtures https://docs.gradle.org/current/userguide/java_testing.html#sec:java_test_fixtures[0m[0m
[32m • [3mFor Test Fixtures support in non-Kotlin/JVM projects, please add your use-case to https://youtrack.jetbrains.com/issue/KT-63142[0m[0m


> Configure project :prepare:ide-plugin-dependencies:sam-with-receiver-compiler-plugin-for-ide
Using Kotlin Space bootstrap version 2.3.0-dev-10303 from https://redirector.kotlinlang.org/maven/bootstrap
Redirecting Kotlin/Native compiler download url
Evaluating project ':prepare:ide-plugin-dependencies:sam-with-receiver-compiler-plugin-for-ide' using build file '/Users/aria/zaedalus/kotlin/prepare/ide-plugin-dependencies/sam-with-receiver-compiler-plugin-for-ide/build.gradle.kts'.
Resolved plugin [id: 'org.jetbrains.kotlin.jvm', version: '2.3.0-dev-10303']
Using Kotlin Gradle Plugin gradle813 variant
kotlin scripting plugin: created the scripting discovery configuration: kotlinScriptDef
kotlin scripting plugin: created the scripting discovery configuration: testKotlinScriptDef
w: [33m[1m⚠️ Unsupported API dependency types in test source sets[0m[0m
API dependency types are used in test source sets
Dependencies:
    - org.jetbrains.kotlin:kotlin-sam-with-receiver-compiler-plugin.cli:2.3.0-wit.1 (source sets: test)
    - org.jetbrains.kotlin:kotlin-sam-with-receiver-compiler-plugin.common:2.3.0-wit.1 (source sets: test)
    - org.jetbrains.kotlin:kotlin-sam-with-receiver-compiler-plugin.k1:2.3.0-wit.1 (source sets: test)
    - org.jetbrains.kotlin:kotlin-sam-with-receiver-compiler-plugin.k2:2.3.0-wit.1 (source sets: test)

Adding API dependency types to test source sets is not supported and will removed in a future version of Kotlin.

API dependencies are transitively exposed to consumers, but test source sets should not be consumable.
[32m[1mSolutions:[0m[0m
[32m • [3mReplace API dependency types in test source sets with implementation dependencies.[0m[0m
[32m • [3mFor Kotlin/JVM projects, consider using Test Fixtures https://docs.gradle.org/current/userguide/java_testing.html#sec:java_test_fixtures[0m[0m
[32m • [3mFor Test Fixtures support in non-Kotlin/JVM projects, please add your use-case to https://youtrack.jetbrains.com/issue/KT-63142[0m[0m


> Configure project :prepare:ide-plugin-dependencies:scripting-compiler-plugin-for-ide
Using Kotlin Space bootstrap version 2.3.0-dev-10303 from https://redirector.kotlinlang.org/maven/bootstrap
Redirecting Kotlin/Native compiler download url
Evaluating project ':prepare:ide-plugin-dependencies:scripting-compiler-plugin-for-ide' using build file '/Users/aria/zaedalus/kotlin/prepare/ide-plugin-dependencies/scripting-compiler-plugin-for-ide/build.gradle.kts'.
Resolved plugin [id: 'org.jetbrains.kotlin.jvm', version: '2.3.0-dev-10303']
Using Kotlin Gradle Plugin gradle813 variant
kotlin scripting plugin: created the scripting discovery configuration: kotlinScriptDef
kotlin scripting plugin: created the scripting discovery configuration: testKotlinScriptDef
w: [33m[1m⚠️ Unsupported API dependency types in test source sets[0m[0m
API dependency types are used in test source sets
Dependencies:
    - org.jetbrains.kotlin:kotlin-scripting-compiler:2.3.0-wit.1 (source sets: test)

Adding API dependency types to test source sets is not supported and will removed in a future version of Kotlin.

API dependencies are transitively exposed to consumers, but test source sets should not be consumable.
[32m[1mSolutions:[0m[0m
[32m • [3mReplace API dependency types in test source sets with implementation dependencies.[0m[0m
[32m • [3mFor Kotlin/JVM projects, consider using Test Fixtures https://docs.gradle.org/current/userguide/java_testing.html#sec:java_test_fixtures[0m[0m
[32m • [3mFor Test Fixtures support in non-Kotlin/JVM projects, please add your use-case to https://youtrack.jetbrains.com/issue/KT-63142[0m[0m


> Configure project :prepare:ide-plugin-dependencies:symbol-light-classes-for-ide
Using Kotlin Space bootstrap version 2.3.0-dev-10303 from https://redirector.kotlinlang.org/maven/bootstrap
Redirecting Kotlin/Native compiler download url
Evaluating project ':prepare:ide-plugin-dependencies:symbol-light-classes-for-ide' using build file '/Users/aria/zaedalus/kotlin/prepare/ide-plugin-dependencies/symbol-light-classes-for-ide/build.gradle.kts'.
Resolved plugin [id: 'org.jetbrains.kotlin.jvm', version: '2.3.0-dev-10303']
Using Kotlin Gradle Plugin gradle813 variant
kotlin scripting plugin: created the scripting discovery configuration: kotlinScriptDef
kotlin scripting plugin: created the scripting discovery configuration: testKotlinScriptDef
w: [33m[1m⚠️ Unsupported API dependency types in test source sets[0m[0m
API dependency types are used in test source sets
Dependencies:
    - org.jetbrains.kotlin:symbol-light-classes:2.3.0-wit.1 (source sets: test)

Adding API dependency types to test source sets is not supported and will removed in a future version of Kotlin.

API dependencies are transitively exposed to consumers, but test source sets should not be consumable.
[32m[1mSolutions:[0m[0m
[32m • [3mReplace API dependency types in test source sets with implementation dependencies.[0m[0m
[32m • [3mFor Kotlin/JVM projects, consider using Test Fixtures https://docs.gradle.org/current/userguide/java_testing.html#sec:java_test_fixtures[0m[0m
[32m • [3mFor Test Fixtures support in non-Kotlin/JVM projects, please add your use-case to https://youtrack.jetbrains.com/issue/KT-63142[0m[0m


> Configure project :compiler:fir:analysis-tests:legacy-fir-tests
Using Kotlin Space bootstrap version 2.3.0-dev-10303 from https://redirector.kotlinlang.org/maven/bootstrap
Redirecting Kotlin/Native compiler download url
Evaluating project ':compiler:fir:analysis-tests:legacy-fir-tests' using build file '/Users/aria/zaedalus/kotlin/compiler/fir/analysis-tests/legacy-fir-tests/build.gradle.kts'.
Resolved plugin [id: 'org.jetbrains.kotlin.jvm', version: '2.3.0-dev-10303']
Resolved plugin [id: 'jps-compatible']
Resolved plugin [id: 'java-test-fixtures']
Resolved plugin [id: 'project-tests-convention']
Resolved plugin [id: 'test-inputs-check']
Using Kotlin Gradle Plugin gradle813 variant
kotlin scripting plugin: created the scripting discovery configuration: kotlinScriptDef
kotlin scripting plugin: created the scripting discovery configuration: testKotlinScriptDef
kotlin scripting plugin: created the scripting discovery configuration: testFixturesKotlinScriptDef

> Configure project :compiler:fir:checkers:checkers-component-generator
Using Kotlin Space bootstrap version 2.3.0-dev-10303 from https://redirector.kotlinlang.org/maven/bootstrap
Redirecting Kotlin/Native compiler download url
Evaluating project ':compiler:fir:checkers:checkers-component-generator' using build file '/Users/aria/zaedalus/kotlin/compiler/fir/checkers/checkers-component-generator/build.gradle.kts'.
Resolved plugin [id: 'org.jetbrains.kotlin.jvm', version: '2.3.0-dev-10303']
Resolved plugin [id: 'jps-compatible']
Resolved plugin [id: 'org.gradle.application']
Using Kotlin Gradle Plugin gradle813 variant
kotlin scripting plugin: created the scripting discovery configuration: kotlinScriptDef
kotlin scripting plugin: created the scripting discovery configuration: testKotlinScriptDef

> Configure project :compiler:fir:tree:tree-generator
Using Kotlin Space bootstrap version 2.3.0-dev-10303 from https://redirector.kotlinlang.org/maven/bootstrap
Redirecting Kotlin/Native compiler download url
Evaluating project ':compiler:fir:tree:tree-generator' using build file '/Users/aria/zaedalus/kotlin/compiler/fir/tree/tree-generator/build.gradle.kts'.
Resolved plugin [id: 'org.jetbrains.kotlin.jvm', version: '2.3.0-dev-10303']
Resolved plugin [id: 'jps-compatible']
Resolved plugin [id: 'org.gradle.application']
Using Kotlin Gradle Plugin gradle813 variant
kotlin scripting plugin: created the scripting discovery configuration: kotlinScriptDef
kotlin scripting plugin: created the scripting discovery configuration: testKotlinScriptDef

> Configure project :libraries:tools:abi-validation:abi-tools
Using Kotlin Space bootstrap version 2.3.0-dev-10303 from https://redirector.kotlinlang.org/maven/bootstrap
Redirecting Kotlin/Native compiler download url
Evaluating project ':libraries:tools:abi-validation:abi-tools' using build file '/Users/aria/zaedalus/kotlin/libraries/tools/abi-validation/abi-tools/build.gradle.kts'.
Resolved plugin [id: 'org.jetbrains.kotlin.jvm', version: '2.3.0-dev-10303']
Resolved plugin [id: 'org.jetbrains.kotlinx.binary-compatibility-validator']
Resolved plugin [id: 'project-tests-convention']
Using Kotlin Gradle Plugin gradle813 variant
kotlin scripting plugin: created the scripting discovery configuration: kotlinScriptDef
kotlin scripting plugin: created the scripting discovery configuration: testKotlinScriptDef

> Configure project :libraries:tools:abi-validation:abi-tools-api
Using Kotlin Space bootstrap version 2.3.0-dev-10303 from https://redirector.kotlinlang.org/maven/bootstrap
Redirecting Kotlin/Native compiler download url
Evaluating project ':libraries:tools:abi-validation:abi-tools-api' using build file '/Users/aria/zaedalus/kotlin/libraries/tools/abi-validation/abi-tools-api/build.gradle.kts'.
Resolved plugin [id: 'org.jetbrains.kotlin.jvm', version: '2.3.0-dev-10303']
Resolved plugin [id: 'org.jetbrains.kotlinx.binary-compatibility-validator']
Using Kotlin Gradle Plugin gradle813 variant
kotlin scripting plugin: created the scripting discovery configuration: kotlinScriptDef
kotlin scripting plugin: created the scripting discovery configuration: testKotlinScriptDef

> Configure project :libraries:tools:abi-validation:kgp-integration-tests
Using Kotlin Space bootstrap version 2.3.0-dev-10303 from https://redirector.kotlinlang.org/maven/bootstrap
Redirecting Kotlin/Native compiler download url
Evaluating project ':libraries:tools:abi-validation:kgp-integration-tests' using build file '/Users/aria/zaedalus/kotlin/libraries/tools/abi-validation/kgp-integration-tests/build.gradle.kts'.
Resolved plugin [id: 'org.jetbrains.kotlin.jvm', version: '2.3.0-dev-10303']
Resolved plugin [id: 'project-tests-convention']
Using Kotlin Gradle Plugin gradle813 variant
kotlin scripting plugin: created the scripting discovery configuration: kotlinScriptDef
kotlin scripting plugin: created the scripting discovery configuration: testKotlinScriptDef

> Configure project :libraries:tools:analysis-api-based-klib-reader:testProject
Using Kotlin Space bootstrap version 2.3.0-dev-10303 from https://redirector.kotlinlang.org/maven/bootstrap
Redirecting Kotlin/Native compiler download url
Evaluating project ':libraries:tools:analysis-api-based-klib-reader:testProject' using build file '/Users/aria/zaedalus/kotlin/libraries/tools/analysis-api-based-klib-reader/testProject/build.gradle.kts'.
Resolved plugin [id: 'org.jetbrains.kotlin.multiplatform', version: '2.3.0-dev-10303']
Using Kotlin Gradle Plugin gradle813 variant

> Configure project :native:native.tests:gc-fuzzing-tests:engine
Using Kotlin Space bootstrap version 2.3.0-dev-10303 from https://redirector.kotlinlang.org/maven/bootstrap
Redirecting Kotlin/Native compiler download url
Evaluating project ':native:native.tests:gc-fuzzing-tests:engine' using build file '/Users/aria/zaedalus/kotlin/native/native.tests/gc-fuzzing-tests/engine/build.gradle.kts'.
Resolved plugin [id: 'org.jetbrains.kotlin.jvm', version: '2.3.0-dev-10303']
Resolved plugin [id: 'project-tests-convention']
Resolved plugin [id: 'java-test-fixtures']
Using Kotlin Gradle Plugin gradle813 variant
kotlin scripting plugin: created the scripting discovery configuration: kotlinScriptDef
kotlin scripting plugin: created the scripting discovery configuration: testKotlinScriptDef
kotlin scripting plugin: created the scripting discovery configuration: testFixturesKotlinScriptDef

> Configure project :native:swift:sir:tree-generator
Using Kotlin Space bootstrap version 2.3.0-dev-10303 from https://redirector.kotlinlang.org/maven/bootstrap
Redirecting Kotlin/Native compiler download url
Evaluating project ':native:swift:sir:tree-generator' using build file '/Users/aria/zaedalus/kotlin/native/swift/sir/tree-generator/build.gradle.kts'.
Resolved plugin [id: 'org.jetbrains.kotlin.jvm', version: '2.3.0-dev-10303']
Resolved plugin [id: 'jps-compatible']
Resolved plugin [id: 'org.gradle.application']
Using Kotlin Gradle Plugin gradle813 variant
kotlin scripting plugin: created the scripting discovery configuration: kotlinScriptDef
kotlin scripting plugin: created the scripting discovery configuration: testKotlinScriptDef

> Configure project :native:swift:swift-export-standalone-integration-tests:coroutines
Using Kotlin Space bootstrap version 2.3.0-dev-10303 from https://redirector.kotlinlang.org/maven/bootstrap
Redirecting Kotlin/Native compiler download url
Evaluating project ':native:swift:swift-export-standalone-integration-tests:coroutines' using build file '/Users/aria/zaedalus/kotlin/native/swift/swift-export-standalone-integration-tests/coroutines/build.gradle.kts'.
Resolved plugin [id: 'org.jetbrains.kotlin.jvm', version: '2.3.0-dev-10303']
Resolved plugin [id: 'jps-compatible']
Resolved plugin [id: 'project-tests-convention']
Using Kotlin Gradle Plugin gradle813 variant
kotlin scripting plugin: created the scripting discovery configuration: kotlinScriptDef
kotlin scripting plugin: created the scripting discovery configuration: testKotlinScriptDef

> Configure project :native:swift:swift-export-standalone-integration-tests:external
Using Kotlin Space bootstrap version 2.3.0-dev-10303 from https://redirector.kotlinlang.org/maven/bootstrap
Redirecting Kotlin/Native compiler download url
Evaluating project ':native:swift:swift-export-standalone-integration-tests:external' using build file '/Users/aria/zaedalus/kotlin/native/swift/swift-export-standalone-integration-tests/external/build.gradle.kts'.
Resolved plugin [id: 'org.jetbrains.kotlin.jvm', version: '2.3.0-dev-10303']
Resolved plugin [id: 'jps-compatible']
Resolved plugin [id: 'project-tests-convention']
Using Kotlin Gradle Plugin gradle813 variant
kotlin scripting plugin: created the scripting discovery configuration: kotlinScriptDef
kotlin scripting plugin: created the scripting discovery configuration: testKotlinScriptDef

> Configure project :native:swift:swift-export-standalone-integration-tests:simple
Using Kotlin Space bootstrap version 2.3.0-dev-10303 from https://redirector.kotlinlang.org/maven/bootstrap
Redirecting Kotlin/Native compiler download url
Evaluating project ':native:swift:swift-export-standalone-integration-tests:simple' using build file '/Users/aria/zaedalus/kotlin/native/swift/swift-export-standalone-integration-tests/simple/build.gradle.kts'.
Resolved plugin [id: 'org.jetbrains.kotlin.jvm', version: '2.3.0-dev-10303']
Resolved plugin [id: 'jps-compatible']
Resolved plugin [id: 'project-tests-convention']
Using Kotlin Gradle Plugin gradle813 variant
kotlin scripting plugin: created the scripting discovery configuration: kotlinScriptDef
kotlin scripting plugin: created the scripting discovery configuration: testKotlinScriptDef

> Configure project :plugins:compose-compiler-plugin:compiler-hosted:integration-tests
Using Kotlin Space bootstrap version 2.3.0-dev-10303 from https://redirector.kotlinlang.org/maven/bootstrap
Redirecting Kotlin/Native compiler download url
Evaluating project ':plugins:compose-compiler-plugin:compiler-hosted:integration-tests' using build file '/Users/aria/zaedalus/kotlin/plugins/compose/compiler-hosted/integration-tests/build.gradle.kts'.
Resolved plugin [id: 'org.jetbrains.kotlin.multiplatform', version: '2.3.0-dev-10303']
Using Kotlin Gradle Plugin gradle813 variant
kotlin scripting plugin: created the scripting discovery configuration: kotlinScriptDef
kotlin scripting plugin: created the scripting discovery configuration: testKotlinScriptDef
w: [33m[1m⚠️ Default Kotlin Hierarchy Template Not Applied Correctly[0m[0m
The Default Kotlin Hierarchy Template was not applied to 'project ':plugins:compose-compiler-plugin:compiler-hosted:integration-tests'':
Explicit .dependsOn() edges were configured for the following source sets:
[jvmTest]

Consider removing dependsOn-calls or disabling the default template by adding
    'kotlin.mpp.applyDefaultHierarchyTemplate=false'
to your gradle.properties
[32m[1mSolution:[0m[0m
[32m[3mPlease remove the dependsOn-calls or disable the default template.[0m[0m
[36mLearn more about hierarchy templates: [0m[34mhttps://kotl.in/hierarchy-template[0m[36m[0m


> Configure project :plugins:js-plain-objects:compiler-plugin:js-plain-objects.backend
Using Kotlin Space bootstrap version 2.3.0-dev-10303 from https://redirector.kotlinlang.org/maven/bootstrap
Redirecting Kotlin/Native compiler download url
Evaluating project ':plugins:js-plain-objects:compiler-plugin:js-plain-objects.backend' using build file '/Users/aria/zaedalus/kotlin/plugins/js-plain-objects/compiler-plugin/js-plain-objects.backend/build.gradle.kts'.
Resolved plugin [id: 'org.jetbrains.kotlin.jvm', version: '2.3.0-dev-10303']
Resolved plugin [id: 'jps-compatible']
Using Kotlin Gradle Plugin gradle813 variant
kotlin scripting plugin: created the scripting discovery configuration: kotlinScriptDef
kotlin scripting plugin: created the scripting discovery configuration: testKotlinScriptDef

> Configure project :plugins:js-plain-objects:compiler-plugin:js-plain-objects.cli
Using Kotlin Space bootstrap version 2.3.0-dev-10303 from https://redirector.kotlinlang.org/maven/bootstrap
Redirecting Kotlin/Native compiler download url
Evaluating project ':plugins:js-plain-objects:compiler-plugin:js-plain-objects.cli' using build file '/Users/aria/zaedalus/kotlin/plugins/js-plain-objects/compiler-plugin/js-plain-objects.cli/build.gradle.kts'.
Resolved plugin [id: 'org.jetbrains.kotlin.jvm', version: '2.3.0-dev-10303']
Resolved plugin [id: 'jps-compatible']
Using Kotlin Gradle Plugin gradle813 variant
kotlin scripting plugin: created the scripting discovery configuration: kotlinScriptDef
kotlin scripting plugin: created the scripting discovery configuration: testKotlinScriptDef

> Configure project :plugins:js-plain-objects:compiler-plugin:js-plain-objects.common
Using Kotlin Space bootstrap version 2.3.0-dev-10303 from https://redirector.kotlinlang.org/maven/bootstrap
Redirecting Kotlin/Native compiler download url
Evaluating project ':plugins:js-plain-objects:compiler-plugin:js-plain-objects.common' using build file '/Users/aria/zaedalus/kotlin/plugins/js-plain-objects/compiler-plugin/js-plain-objects.common/build.gradle.kts'.
Resolved plugin [id: 'org.jetbrains.kotlin.jvm', version: '2.3.0-dev-10303']
Resolved plugin [id: 'jps-compatible']
Using Kotlin Gradle Plugin gradle813 variant
kotlin scripting plugin: created the scripting discovery configuration: kotlinScriptDef
kotlin scripting plugin: created the scripting discovery configuration: testKotlinScriptDef

> Configure project :plugins:js-plain-objects:compiler-plugin:js-plain-objects.k2
Using Kotlin Space bootstrap version 2.3.0-dev-10303 from https://redirector.kotlinlang.org/maven/bootstrap
Redirecting Kotlin/Native compiler download url
Evaluating project ':plugins:js-plain-objects:compiler-plugin:js-plain-objects.k2' using build file '/Users/aria/zaedalus/kotlin/plugins/js-plain-objects/compiler-plugin/js-plain-objects.k2/build.gradle.kts'.
Resolved plugin [id: 'org.jetbrains.kotlin.jvm', version: '2.3.0-dev-10303']
Resolved plugin [id: 'jps-compatible']
Using Kotlin Gradle Plugin gradle813 variant
kotlin scripting plugin: created the scripting discovery configuration: kotlinScriptDef
kotlin scripting plugin: created the scripting discovery configuration: testKotlinScriptDef
w: [33m[1m⚠️ Unsupported API dependency types in test source sets[0m[0m
API dependency types are used in test source sets
Dependencies:
    - org.jetbrains.kotlin:plugin-utils:2.3.0-wit.1 (source sets: test)

Adding API dependency types to test source sets is not supported and will removed in a future version of Kotlin.

API dependencies are transitively exposed to consumers, but test source sets should not be consumable.
[32m[1mSolutions:[0m[0m
[32m • [3mReplace API dependency types in test source sets with implementation dependencies.[0m[0m
[32m • [3mFor Kotlin/JVM projects, consider using Test Fixtures https://docs.gradle.org/current/userguide/java_testing.html#sec:java_test_fixtures[0m[0m
[32m • [3mFor Test Fixtures support in non-Kotlin/JVM projects, please add your use-case to https://youtrack.jetbrains.com/issue/KT-63142[0m[0m


> Configure project :plugins:parcelize:parcelize-compiler:parcelize.backend
Using Kotlin Space bootstrap version 2.3.0-dev-10303 from https://redirector.kotlinlang.org/maven/bootstrap
Redirecting Kotlin/Native compiler download url
Evaluating project ':plugins:parcelize:parcelize-compiler:parcelize.backend' using build file '/Users/aria/zaedalus/kotlin/plugins/parcelize/parcelize-compiler/parcelize.backend/build.gradle.kts'.
Resolved plugin [id: 'org.jetbrains.kotlin.jvm', version: '2.3.0-dev-10303']
Resolved plugin [id: 'jps-compatible']
Using Kotlin Gradle Plugin gradle813 variant
kotlin scripting plugin: created the scripting discovery configuration: kotlinScriptDef
kotlin scripting plugin: created the scripting discovery configuration: testKotlinScriptDef

> Configure project :plugins:parcelize:parcelize-compiler:parcelize.cli
Using Kotlin Space bootstrap version 2.3.0-dev-10303 from https://redirector.kotlinlang.org/maven/bootstrap
Redirecting Kotlin/Native compiler download url
Evaluating project ':plugins:parcelize:parcelize-compiler:parcelize.cli' using build file '/Users/aria/zaedalus/kotlin/plugins/parcelize/parcelize-compiler/parcelize.cli/build.gradle.kts'.
Resolved plugin [id: 'org.jetbrains.kotlin.jvm', version: '2.3.0-dev-10303']
Resolved plugin [id: 'jps-compatible']
Using Kotlin Gradle Plugin gradle813 variant
kotlin scripting plugin: created the scripting discovery configuration: kotlinScriptDef
kotlin scripting plugin: created the scripting discovery configuration: testKotlinScriptDef

> Configure project :plugins:parcelize:parcelize-compiler:parcelize.common
Using Kotlin Space bootstrap version 2.3.0-dev-10303 from https://redirector.kotlinlang.org/maven/bootstrap
Redirecting Kotlin/Native compiler download url
Evaluating project ':plugins:parcelize:parcelize-compiler:parcelize.common' using build file '/Users/aria/zaedalus/kotlin/plugins/parcelize/parcelize-compiler/parcelize.common/build.gradle.kts'.
Resolved plugin [id: 'org.jetbrains.kotlin.jvm', version: '2.3.0-dev-10303']
Resolved plugin [id: 'jps-compatible']
Using Kotlin Gradle Plugin gradle813 variant
kotlin scripting plugin: created the scripting discovery configuration: kotlinScriptDef
kotlin scripting plugin: created the scripting discovery configuration: testKotlinScriptDef

> Configure project :plugins:parcelize:parcelize-compiler:parcelize.k1
Using Kotlin Space bootstrap version 2.3.0-dev-10303 from https://redirector.kotlinlang.org/maven/bootstrap
Redirecting Kotlin/Native compiler download url
Evaluating project ':plugins:parcelize:parcelize-compiler:parcelize.k1' using build file '/Users/aria/zaedalus/kotlin/plugins/parcelize/parcelize-compiler/parcelize.k1/build.gradle.kts'.
Resolved plugin [id: 'org.jetbrains.kotlin.jvm', version: '2.3.0-dev-10303']
Resolved plugin [id: 'jps-compatible']
Using Kotlin Gradle Plugin gradle813 variant
kotlin scripting plugin: created the scripting discovery configuration: kotlinScriptDef
kotlin scripting plugin: created the scripting discovery configuration: testKotlinScriptDef

> Configure project :plugins:parcelize:parcelize-compiler:parcelize.k2
Using Kotlin Space bootstrap version 2.3.0-dev-10303 from https://redirector.kotlinlang.org/maven/bootstrap
Redirecting Kotlin/Native compiler download url
Evaluating project ':plugins:parcelize:parcelize-compiler:parcelize.k2' using build file '/Users/aria/zaedalus/kotlin/plugins/parcelize/parcelize-compiler/parcelize.k2/build.gradle.kts'.
Resolved plugin [id: 'org.jetbrains.kotlin.jvm', version: '2.3.0-dev-10303']
Resolved plugin [id: 'jps-compatible']
Using Kotlin Gradle Plugin gradle813 variant
kotlin scripting plugin: created the scripting discovery configuration: kotlinScriptDef
kotlin scripting plugin: created the scripting discovery configuration: testKotlinScriptDef

> Configure project :plugins:compose-compiler-plugin:compiler-hosted:integration-tests:protobuf-test-classes
Using Kotlin Space bootstrap version 2.3.0-dev-10303 from https://redirector.kotlinlang.org/maven/bootstrap
Redirecting Kotlin/Native compiler download url
Evaluating project ':plugins:compose-compiler-plugin:compiler-hosted:integration-tests:protobuf-test-classes' using build file '/Users/aria/zaedalus/kotlin/plugins/compose/compiler-hosted/integration-tests/protobuf-test-classes/build.gradle.kts'.
Resolved plugin [id: 'com.google.protobuf', version: '0.9.4']
Resolved plugin [id: 'java']
------------------------------------------------------------------------
Detecting the operating system and CPU architecture
------------------------------------------------------------------------
os.detected.name=osx
os.detected.arch=aarch_64
os.detected.bitness=64
os.detected.version=26.1
os.detected.version.major=26
os.detected.version.minor=1
os.detected.classifier=osx-aarch_64
All projects evaluated.
Task path ':wit:runtime:compileKotlinWasmWasi' matched project ':wit:runtime'
Task name matched 'compileKotlinWasmWasi'
Selected primary task 'compileKotlinWasmWasi' from project :wit:runtime
Tasks to be executed: [task ':wit:runtime:kmpPartiallyResolvedDependenciesChecker', task ':wit:runtime:checkKotlinGradlePluginConfigurationErrors', task ':wit:runtime:compileKotlinWasmWasi']
Tasks that were excluded: []
Local build profile is active (proguard is off, jar compression is off). Use -Pteamcity=<true|false> to reproduce CI/local build
Build 3f3f8a08-8ccf-4cdc-b177-6c8d621cfb6f is closed
Build 0c776a0b-bf4a-4e7e-82b8-d218fe7144d8 is closed
Build a8d4e5e3-b355-4bb7-83bb-b5a2d499190e is closed
Build bc167581-5c9d-40cb-ad99-e8871315655b is closed
Using local directory build cache for the root build (location = /Users/aria/.gradle/caches/build-cache-1, remove unused entries = after 7 days).
Ignoring listeners of task graph ready event, as this build (:) has already executed work.
Resolve mutations for :wit:runtime:kmpPartiallyResolvedDependenciesChecker (Thread[#867,Execution worker Thread 19,5,main]) started.
:wit:runtime:kmpPartiallyResolvedDependenciesChecker (Thread[#867,Execution worker Thread 19,5,main]) started.

> Task :wit:runtime:kmpPartiallyResolvedDependenciesChecker
Caching disabled for task ':wit:runtime:kmpPartiallyResolvedDependenciesChecker' because:
  This task is not intended for execution
Task ':wit:runtime:kmpPartiallyResolvedDependenciesChecker' is not up-to-date because:
  Task has not declared any outputs despite executing actions.
Execution stopped by some action with message: null
Resolve mutations for :wit:runtime:checkKotlinGradlePluginConfigurationErrors (Thread[#867,Execution worker Thread 19,5,main]) started.
:wit:runtime:checkKotlinGradlePluginConfigurationErrors (Thread[#867,Execution worker Thread 19,5,main]) started.

> Task :wit:runtime:checkKotlinGradlePluginConfigurationErrors SKIPPED
Skipping task ':wit:runtime:checkKotlinGradlePluginConfigurationErrors' as task onlyIf 'errorDiagnostics are present' is false.
Resolve mutations for :wit:runtime:compileKotlinWasmWasi (Thread[#867,Execution worker Thread 19,5,main]) started.
:wit:runtime:compileKotlinWasmWasi (Thread[#867,Execution worker Thread 19,5,main]) started.

> Task :wit:runtime:compileKotlinWasmWasi FAILED
Build cache key for task ':wit:runtime:compileKotlinWasmWasi' is 78d0a9f7ccca2a9a41903f6845123f10
Task ':wit:runtime:compileKotlinWasmWasi' is not up-to-date because:
  Task has failed previously.
The input changes require a full rebuild for incremental task ':wit:runtime:compileKotlinWasmWasi'.
file or directory '/Users/aria/zaedalus/kotlin/wit/runtime/src/wasmWasiMain/kotlin', not found
file or directory '/Users/aria/zaedalus/kotlin/wit/runtime/src/wasmWasiMain/kotlin', not found
file or directory '/Users/aria/zaedalus/kotlin/wit/runtime/src/wasmWasiMain/kotlin', not found
file or directory '/Users/aria/zaedalus/kotlin/wit/runtime/src/wasmWasiMain/kotlin', not found
file or directory '/Users/aria/zaedalus/kotlin/wit/runtime/src/wasmWasiMain/kotlin', not found
Using Kotlin/JS incremental compilation
Options for KOTLIN DAEMON: IncrementalCompilationOptions(super=CompilationOptions(compilerMode=INCREMENTAL_COMPILER, targetPlatform=JS, reportCategories=[0, 3], reportSeverity=2, requestedCompilationResults=[0], kotlinScriptExtensions=[]), sourceChanges=org.jetbrains.kotlin.buildtools.api.SourcesChanges$Unknown@5e3dc57e, classpathChanges=NotAvailableForJSCompiler, workingDir=/Users/aria/zaedalus/kotlin/wit/runtime/build/kotlin/compileKotlinWasmWasi/cacheable, multiModuleICSettings=MultiModuleICSettings(buildHistoryFile=/Users/aria/zaedalus/kotlin/wit/runtime/build/kotlin/compileKotlinWasmWasi/local-state/build-history.bin, useModuleDetection=false), icFeatures=IncrementalCompilationFeatures(usePreciseJavaTracking=false, withAbiSnapshot=false, preciseCompilationResultsBackup=true, keepIncrementalCompilationCachesInMemory=true, enableUnsafeIncrementalCompilationForMultiplatform=false, enableMonotonousIncrementalCompileSetExpansion=true), outputFiles=[/Users/aria/zaedalus/kotlin/wit/runtime/build/classes/kotlin/wasmWasi/main, /Users/aria/zaedalus/kotlin/wit/runtime/build/kotlin/compileKotlinWasmWasi/cacheable, /Users/aria/zaedalus/kotlin/wit/runtime/build/kotlin/compileKotlinWasmWasi/local-state])
e: org.jetbrains.kotlin.util.FileAnalysisException: While analysing /Users/aria/zaedalus/kotlin/wit/runtime/src/commonMain/kotlin/org/jetbrains/kotlin/wit/runtime/BindingSignature.kt:15:5: org.jetbrains.kotlin.utils.exceptions.KotlinIllegalArgumentExceptionWithAttachments: Exception in declaration checkers
	at org.jetbrains.kotlin.util.AnalysisExceptionsKt.wrapIntoFileAnalysisExceptionIfNeeded(AnalysisExceptions.kt:57)
	at org.jetbrains.kotlin.fir.FirCliExceptionHandler.handleExceptionOnFileAnalysis(Utils.kt:269)
	at org.jetbrains.kotlin.fir.pipeline.AnalyseKt.runCheckers(analyse.kt:68)
	at org.jetbrains.kotlin.fir.pipeline.FirUtilsKt.resolveAndCheckFir(firUtils.kt:77)
	at org.jetbrains.kotlin.fir.pipeline.FirUtilsKt.buildResolveAndCheckFirViaLightTree(firUtils.kt:88)
	at org.jetbrains.kotlin.cli.pipeline.web.WebFrontendPipelinePhase.compileModulesToAnalyzedFirWithLightTree(WebFrontendPipelinePhase.kt:197)
	at org.jetbrains.kotlin.cli.pipeline.web.WebFrontendPipelinePhase.executePhase(WebFrontendPipelinePhase.kt:90)
	at org.jetbrains.kotlin.cli.pipeline.web.WebFrontendPipelinePhase.executePhase(WebFrontendPipelinePhase.kt:45)
	at org.jetbrains.kotlin.cli.pipeline.PipelinePhase.phaseBody(PipelinePhase.kt:68)
	at org.jetbrains.kotlin.cli.pipeline.PipelinePhase.phaseBody(PipelinePhase.kt:58)
	at org.jetbrains.kotlin.config.phaser.NamedCompilerPhase.invoke(CompilerPhase.kt:102)
	at org.jetbrains.kotlin.backend.common.phaser.CompositePhase.invoke(PhaseBuilders.kt:22)
	at org.jetbrains.kotlin.config.phaser.CompilerPhaseKt.invokeToplevel(CompilerPhase.kt:53)
	at org.jetbrains.kotlin.cli.pipeline.AbstractCliPipeline.runPhasedPipeline(AbstractCliPipeline.kt:109)
	at org.jetbrains.kotlin.cli.pipeline.AbstractCliPipeline.execute(AbstractCliPipeline.kt:68)
	at org.jetbrains.kotlin.cli.js.K2JSCompiler.doExecutePhased(K2JSCompiler.kt:65)
	at org.jetbrains.kotlin.cli.js.K2JSCompiler.doExecutePhased(K2JSCompiler.kt:52)
	at org.jetbrains.kotlin.cli.common.CLICompiler.execImpl(CLICompiler.kt:89)
	at org.jetbrains.kotlin.cli.common.CLICompiler.exec(CLICompiler.kt:359)
	at org.jetbrains.kotlin.incremental.IncrementalJsCompilerRunner.runCompiler(IncrementalJsCompilerRunner.kt:202)
	at org.jetbrains.kotlin.incremental.IncrementalJsCompilerRunner.runCompiler(IncrementalJsCompilerRunner.kt:77)
	at org.jetbrains.kotlin.incremental.IncrementalCompilerRunner.doCompile(IncrementalCompilerRunner.kt:504)
	at org.jetbrains.kotlin.incremental.IncrementalCompilerRunner.compileImpl(IncrementalCompilerRunner.kt:418)
	at org.jetbrains.kotlin.incremental.IncrementalCompilerRunner.compileNonIncrementally(IncrementalCompilerRunner.kt:301)
	at org.jetbrains.kotlin.incremental.IncrementalCompilerRunner.compile(IncrementalCompilerRunner.kt:128)
	at org.jetbrains.kotlin.incremental.IncrementalCompilerRunner.compile$default(IncrementalCompilerRunner.kt:108)
	at org.jetbrains.kotlin.daemon.CompileServiceImplBase.execJsIncrementalCompiler(CompileServiceImpl.kt:625)
	at org.jetbrains.kotlin.daemon.CompileServiceImplBase.access$execJsIncrementalCompiler(CompileServiceImpl.kt:94)
	at org.jetbrains.kotlin.daemon.CompileServiceImpl.compile(CompileServiceImpl.kt:1907)
	at java.base/jdk.internal.reflect.DirectMethodHandleAccessor.invoke(DirectMethodHandleAccessor.java:103)
	at java.base/java.lang.reflect.Method.invoke(Method.java:580)
	at java.rmi/sun.rmi.server.UnicastServerRef.dispatch(UnicastServerRef.java:360)
	at java.rmi/sun.rmi.transport.Transport$1.run(Transport.java:200)
	at java.rmi/sun.rmi.transport.Transport$1.run(Transport.java:197)
	at java.base/java.security.AccessController.doPrivileged(AccessController.java:714)
	at java.rmi/sun.rmi.transport.Transport.serviceCall(Transport.java:196)
	at java.rmi/sun.rmi.transport.tcp.TCPTransport.handleMessages(TCPTransport.java:598)
	at java.rmi/sun.rmi.transport.tcp.TCPTransport$ConnectionHandler.run0(TCPTransport.java:844)
	at java.rmi/sun.rmi.transport.tcp.TCPTransport$ConnectionHandler.lambda$run$0(TCPTransport.java:721)
	at java.base/java.security.AccessController.doPrivileged(AccessController.java:400)
	at java.rmi/sun.rmi.transport.tcp.TCPTransport$ConnectionHandler.run(TCPTransport.java:720)
	at java.base/java.util.concurrent.ThreadPoolExecutor.runWorker(ThreadPoolExecutor.java:1144)
	at java.base/java.util.concurrent.ThreadPoolExecutor$Worker.run(ThreadPoolExecutor.java:642)
	at java.base/java.lang.Thread.run(Thread.java:1583)
Caused by: org.jetbrains.kotlin.utils.exceptions.KotlinIllegalArgumentExceptionWithAttachments: Exception in declaration checkers
	at org.jetbrains.kotlin.fir.analysis.checkers.declaration.DeclarationCheckersDiagnosticComponent.visitRegularClass(DeclarationCheckersDiagnosticComponent.kt:277)
	at org.jetbrains.kotlin.fir.analysis.checkers.declaration.DeclarationCheckersDiagnosticComponent.visitRegularClass(DeclarationCheckersDiagnosticComponent.kt:25)
	at org.jetbrains.kotlin.fir.declarations.FirRegularClass.accept(FirRegularClass.kt:50)
	at org.jetbrains.kotlin.fir.analysis.collectors.CheckerRunningDiagnosticCollectorVisitor.checkElement(CheckerRunningDiagnosticCollectorVisitor.kt:24)
	at org.jetbrains.kotlin.fir.analysis.collectors.AbstractDiagnosticCollectorVisitor.access$checkElement(AbstractDiagnosticCollectorVisitor.kt:37)
	at org.jetbrains.kotlin.fir.analysis.collectors.AbstractDiagnosticCollectorVisitor.visitRegularClass(AbstractDiagnosticCollectorVisitor.kt:648)
	at org.jetbrains.kotlin.fir.analysis.collectors.AbstractDiagnosticCollectorVisitor.visitRegularClass(AbstractDiagnosticCollectorVisitor.kt:37)
	at org.jetbrains.kotlin.fir.declarations.FirRegularClass.accept(FirRegularClass.kt:50)
	at org.jetbrains.kotlin.fir.declarations.impl.FirRegularClassImpl.acceptChildren(FirRegularClassImpl.kt:69)
	at org.jetbrains.kotlin.fir.analysis.collectors.AbstractDiagnosticCollectorVisitor.visitNestedElements(AbstractDiagnosticCollectorVisitor.kt:45)
	at org.jetbrains.kotlin.fir.analysis.collectors.AbstractDiagnosticCollectorVisitor.visitRegularClass(AbstractDiagnosticCollectorVisitor.kt:658)
	at org.jetbrains.kotlin.fir.analysis.collectors.AbstractDiagnosticCollectorVisitor.visitRegularClass(AbstractDiagnosticCollectorVisitor.kt:37)
	at org.jetbrains.kotlin.fir.declarations.FirRegularClass.accept(FirRegularClass.kt:50)
	at org.jetbrains.kotlin.fir.declarations.impl.FirFileImpl.acceptChildren(FirFileImpl.kt:60)
	at org.jetbrains.kotlin.fir.analysis.collectors.AbstractDiagnosticCollectorVisitor.visitNestedElements(AbstractDiagnosticCollectorVisitor.kt:45)
	at org.jetbrains.kotlin.fir.analysis.collectors.AbstractDiagnosticCollectorVisitor.visitFile(AbstractDiagnosticCollectorVisitor.kt:1349)
	at org.jetbrains.kotlin.fir.analysis.collectors.AbstractDiagnosticCollectorVisitor.visitFile(AbstractDiagnosticCollectorVisitor.kt:37)
	at org.jetbrains.kotlin.fir.declarations.FirFile.accept(FirFile.kt:43)
	at org.jetbrains.kotlin.fir.analysis.collectors.AbstractDiagnosticCollector.collectDiagnostics(AbstractDiagnosticCollector.kt:36)
	at org.jetbrains.kotlin.fir.pipeline.AnalyseKt.runCheckers(analyse.kt:37)
	... 41 more
Caused by: java.lang.IllegalStateException: Symbol for Any not found
	at org.jetbrains.kotlin.fir.resolve.SupertypeUtilsKt.getSuperClassSymbolOrAny(SupertypeUtils.kt:319)
	at org.jetbrains.kotlin.fir.analysis.checkers.declaration.FirObjectConstructorChecker.check(FirObjectConstructorChecker.kt:32)
	at org.jetbrains.kotlin.fir.analysis.checkers.declaration.FirObjectConstructorChecker.check(FirObjectConstructorChecker.kt:24)
	at org.jetbrains.kotlin.fir.analysis.checkers.declaration.DeclarationCheckersDiagnosticComponent.visitRegularClass(DeclarationCheckersDiagnosticComponent.kt:264)
	... 60 more

e: file:///Users/aria/zaedalus/kotlin/wit/runtime/src/commonMain/kotlin/org/jetbrains/kotlin/wit/runtime/BindingDispatcherHooks.kt:11:20 Unresolved reference 'String'.
e: file:///Users/aria/zaedalus/kotlin/wit/runtime/src/commonMain/kotlin/org/jetbrains/kotlin/wit/runtime/BindingDispatcherHooks.kt:12:20 Unresolved reference 'String'.
e: file:///Users/aria/zaedalus/kotlin/wit/runtime/src/commonMain/kotlin/org/jetbrains/kotlin/wit/runtime/BindingDispatcherHooks.kt:13:22 Unresolved reference 'String'.
e: file:///Users/aria/zaedalus/kotlin/wit/runtime/src/commonMain/kotlin/org/jetbrains/kotlin/wit/runtime/BindingDispatcherHooks.kt:19:20 Unresolved reference 'String'.
e: file:///Users/aria/zaedalus/kotlin/wit/runtime/src/commonMain/kotlin/org/jetbrains/kotlin/wit/runtime/BindingDispatcherHooks.kt:20:20 Unresolved reference 'String'.
e: file:///Users/aria/zaedalus/kotlin/wit/runtime/src/commonMain/kotlin/org/jetbrains/kotlin/wit/runtime/BindingDispatcherHooks.kt:21:22 Unresolved reference 'String'.
e: file:///Users/aria/zaedalus/kotlin/wit/runtime/src/commonMain/kotlin/org/jetbrains/kotlin/wit/runtime/BindingDispatcherHooks.kt:28:20 Unresolved reference 'Array'.
e: file:///Users/aria/zaedalus/kotlin/wit/runtime/src/commonMain/kotlin/org/jetbrains/kotlin/wit/runtime/BindingDispatcherHooks.kt:28:30 Unresolved reference 'Any'.
e: file:///Users/aria/zaedalus/kotlin/wit/runtime/src/commonMain/kotlin/org/jetbrains/kotlin/wit/runtime/BindingDispatcherHooks.kt:34:20 Unresolved reference 'Array'.
e: file:///Users/aria/zaedalus/kotlin/wit/runtime/src/commonMain/kotlin/org/jetbrains/kotlin/wit/runtime/BindingDispatcherHooks.kt:34:30 Unresolved reference 'Any'.
e: file:///Users/aria/zaedalus/kotlin/wit/runtime/src/commonMain/kotlin/org/jetbrains/kotlin/wit/runtime/BindingDispatcherHooks.kt:35:17 Unresolved reference 'Any'.
e: file:///Users/aria/zaedalus/kotlin/wit/runtime/src/commonMain/kotlin/org/jetbrains/kotlin/wit/runtime/BindingSignature.kt:8:35 Unresolved reference '<init>'.
e: file:///Users/aria/zaedalus/kotlin/wit/runtime/src/commonMain/kotlin/org/jetbrains/kotlin/wit/runtime/BindingSignature.kt:12:58 Unresolved reference 'isNotEmpty'.
e: file:///Users/aria/zaedalus/kotlin/wit/runtime/src/commonMain/kotlin/org/jetbrains/kotlin/wit/runtime/BindingSignature.kt:13:52 Unresolved reference 'isNotEmpty'.
Finished executing kotlin compiler using DAEMON strategy
Build 9ca0452c-b363-4ea9-8f91-464b540de06e is started
Build 9ca0452c-b363-4ea9-8f91-464b540de06e is closed

0 problems were found storing the configuration cache.

See the complete report at file:///Users/aria/zaedalus/kotlin/build/reports/configuration-cache/4az3zdglcfut5mka9vgln5luc/ayi7ijpomr1tevqyvb0aa9sqp/configuration-cache-report.html

[Incubating] Problems report is available at: file:///Users/aria/zaedalus/kotlin/build/reports/problems/problems-report.html

FAILURE: Build failed with an exception.

* What went wrong:
Execution failed for task ':wit:runtime:compileKotlinWasmWasi'.
> A failure occurred while executing org.jetbrains.kotlin.compilerRunner.GradleCompilerRunnerWithWorkers$GradleKotlinCompilerWorkAction
   > Internal compiler error. See log for more details

* Try:
> Run with --debug option to get more log output.
> Get more help at https://help.gradle.org.

* Exception is:
org.gradle.api.tasks.TaskExecutionException: Execution failed for task ':wit:runtime:compileKotlinWasmWasi'.
	at org.gradle.api.internal.tasks.execution.ExecuteActionsTaskExecuter.lambda$executeIfValid$1(ExecuteActionsTaskExecuter.java:130)
	at org.gradle.internal.Try$Failure.ifSuccessfulOrElse(Try.java:293)
	at org.gradle.api.internal.tasks.execution.ExecuteActionsTaskExecuter.executeIfValid(ExecuteActionsTaskExecuter.java:128)
	at org.gradle.api.internal.tasks.execution.ExecuteActionsTaskExecuter.execute(ExecuteActionsTaskExecuter.java:116)
	at org.gradle.api.internal.tasks.execution.ProblemsTaskPathTrackingTaskExecuter.execute(ProblemsTaskPathTrackingTaskExecuter.java:41)
	at org.gradle.api.internal.tasks.execution.FinalizePropertiesTaskExecuter.execute(FinalizePropertiesTaskExecuter.java:46)
	at org.gradle.api.internal.tasks.execution.ResolveTaskExecutionModeExecuter.execute(ResolveTaskExecutionModeExecuter.java:51)
	at org.gradle.api.internal.tasks.execution.SkipTaskWithNoActionsExecuter.execute(SkipTaskWithNoActionsExecuter.java:57)
	at org.gradle.api.internal.tasks.execution.SkipOnlyIfTaskExecuter.execute(SkipOnlyIfTaskExecuter.java:74)
	at org.gradle.api.internal.tasks.execution.CatchExceptionTaskExecuter.execute(CatchExceptionTaskExecuter.java:36)
	at org.gradle.api.internal.tasks.execution.EventFiringTaskExecuter$1.executeTask(EventFiringTaskExecuter.java:77)
	at org.gradle.api.internal.tasks.execution.EventFiringTaskExecuter$1.call(EventFiringTaskExecuter.java:55)
	at org.gradle.api.internal.tasks.execution.EventFiringTaskExecuter$1.call(EventFiringTaskExecuter.java:52)
	at org.gradle.internal.operations.DefaultBuildOperationRunner$CallableBuildOperationWorker.execute(DefaultBuildOperationRunner.java:210)
	at org.gradle.internal.operations.DefaultBuildOperationRunner$CallableBuildOperationWorker.execute(DefaultBuildOperationRunner.java:205)
	at org.gradle.internal.operations.DefaultBuildOperationRunner$2.execute(DefaultBuildOperationRunner.java:67)
	at org.gradle.internal.operations.DefaultBuildOperationRunner$2.execute(DefaultBuildOperationRunner.java:60)
	at org.gradle.internal.operations.DefaultBuildOperationRunner.execute(DefaultBuildOperationRunner.java:167)
	at org.gradle.internal.operations.DefaultBuildOperationRunner.execute(DefaultBuildOperationRunner.java:60)
	at org.gradle.internal.operations.DefaultBuildOperationRunner.call(DefaultBuildOperationRunner.java:54)
	at org.gradle.api.internal.tasks.execution.EventFiringTaskExecuter.execute(EventFiringTaskExecuter.java:52)
	at org.gradle.execution.plan.LocalTaskNodeExecutor.execute(LocalTaskNodeExecutor.java:42)
	at org.gradle.execution.taskgraph.DefaultTaskExecutionGraph$InvokeNodeExecutorsAction.execute(DefaultTaskExecutionGraph.java:331)
	at org.gradle.execution.taskgraph.DefaultTaskExecutionGraph$InvokeNodeExecutorsAction.execute(DefaultTaskExecutionGraph.java:318)
	at org.gradle.execution.taskgraph.DefaultTaskExecutionGraph$BuildOperationAwareExecutionAction.lambda$execute$0(DefaultTaskExecutionGraph.java:314)
	at org.gradle.internal.operations.CurrentBuildOperationRef.with(CurrentBuildOperationRef.java:85)
	at org.gradle.execution.taskgraph.DefaultTaskExecutionGraph$BuildOperationAwareExecutionAction.execute(DefaultTaskExecutionGraph.java:314)
	at org.gradle.execution.taskgraph.DefaultTaskExecutionGraph$BuildOperationAwareExecutionAction.execute(DefaultTaskExecutionGraph.java:303)
	at org.gradle.execution.plan.DefaultPlanExecutor$ExecutorWorker.execute(DefaultPlanExecutor.java:459)
	at org.gradle.execution.plan.DefaultPlanExecutor$ExecutorWorker.run(DefaultPlanExecutor.java:376)
	at org.gradle.internal.concurrent.ExecutorPolicy$CatchAndRecordFailures.onExecute(ExecutorPolicy.java:64)
	at org.gradle.internal.concurrent.AbstractManagedExecutor$1.run(AbstractManagedExecutor.java:48)
Caused by: org.gradle.workers.internal.DefaultWorkerExecutor$WorkExecutionException: A failure occurred while executing org.jetbrains.kotlin.compilerRunner.GradleCompilerRunnerWithWorkers$GradleKotlinCompilerWorkAction
	at org.gradle.workers.internal.DefaultWorkerExecutor$WorkItemExecution.waitForCompletion(DefaultWorkerExecutor.java:287)
	at org.gradle.internal.work.DefaultAsyncWorkTracker.lambda$waitForItemsAndGatherFailures$2(DefaultAsyncWorkTracker.java:130)
	at org.gradle.internal.Factories$1.create(Factories.java:31)
	at org.gradle.internal.work.DefaultWorkerLeaseService.withoutLocks(DefaultWorkerLeaseService.java:335)
	at org.gradle.internal.work.DefaultWorkerLeaseService.withoutLocks(DefaultWorkerLeaseService.java:318)
	at org.gradle.internal.work.DefaultWorkerLeaseService.withoutLock(DefaultWorkerLeaseService.java:323)
	at org.gradle.internal.work.DefaultAsyncWorkTracker.waitForItemsAndGatherFailures(DefaultAsyncWorkTracker.java:126)
	at org.gradle.internal.work.DefaultAsyncWorkTracker.waitForItemsAndGatherFailures(DefaultAsyncWorkTracker.java:92)
	at org.gradle.internal.work.DefaultAsyncWorkTracker.waitForAll(DefaultAsyncWorkTracker.java:78)
	at org.gradle.internal.work.DefaultAsyncWorkTracker.waitForCompletion(DefaultAsyncWorkTracker.java:66)
	at org.gradle.api.internal.tasks.execution.TaskExecution$3.run(TaskExecution.java:252)
	at org.gradle.internal.operations.DefaultBuildOperationRunner$1.execute(DefaultBuildOperationRunner.java:30)
	at org.gradle.internal.operations.DefaultBuildOperationRunner$1.execute(DefaultBuildOperationRunner.java:27)
	at org.gradle.internal.operations.DefaultBuildOperationRunner$2.execute(DefaultBuildOperationRunner.java:67)
	at org.gradle.internal.operations.DefaultBuildOperationRunner$2.execute(DefaultBuildOperationRunner.java:60)
	at org.gradle.internal.operations.DefaultBuildOperationRunner.execute(DefaultBuildOperationRunner.java:167)
	at org.gradle.internal.operations.DefaultBuildOperationRunner.execute(DefaultBuildOperationRunner.java:60)
	at org.gradle.internal.operations.DefaultBuildOperationRunner.run(DefaultBuildOperationRunner.java:48)
	at org.gradle.api.internal.tasks.execution.TaskExecution.executeAction(TaskExecution.java:229)
	at org.gradle.api.internal.tasks.execution.TaskExecution.executeActions(TaskExecution.java:212)
	at org.gradle.api.internal.tasks.execution.TaskExecution.executeWithPreviousOutputFiles(TaskExecution.java:195)
	at org.gradle.api.internal.tasks.execution.TaskExecution.execute(TaskExecution.java:162)
	at org.gradle.internal.execution.steps.ExecuteStep.executeInternal(ExecuteStep.java:105)
	at org.gradle.internal.execution.steps.ExecuteStep.access$000(ExecuteStep.java:44)
	at org.gradle.internal.execution.steps.ExecuteStep$1.call(ExecuteStep.java:59)
	at org.gradle.internal.execution.steps.ExecuteStep$1.call(ExecuteStep.java:56)
	at org.gradle.internal.operations.DefaultBuildOperationRunner$CallableBuildOperationWorker.execute(DefaultBuildOperationRunner.java:210)
	at org.gradle.internal.operations.DefaultBuildOperationRunner$CallableBuildOperationWorker.execute(DefaultBuildOperationRunner.java:205)
	at org.gradle.internal.operations.DefaultBuildOperationRunner$2.execute(DefaultBuildOperationRunner.java:67)
	at org.gradle.internal.operations.DefaultBuildOperationRunner$2.execute(DefaultBuildOperationRunner.java:60)
	at org.gradle.internal.operations.DefaultBuildOperationRunner.execute(DefaultBuildOperationRunner.java:167)
	at org.gradle.internal.operations.DefaultBuildOperationRunner.execute(DefaultBuildOperationRunner.java:60)
	at org.gradle.internal.operations.DefaultBuildOperationRunner.call(DefaultBuildOperationRunner.java:54)
	at org.gradle.internal.execution.steps.ExecuteStep.execute(ExecuteStep.java:56)
	at org.gradle.internal.execution.steps.ExecuteStep.execute(ExecuteStep.java:44)
	at org.gradle.internal.execution.steps.CancelExecutionStep.execute(CancelExecutionStep.java:42)
	at org.gradle.internal.execution.steps.TimeoutStep.executeWithoutTimeout(TimeoutStep.java:75)
	at org.gradle.internal.execution.steps.TimeoutStep.execute(TimeoutStep.java:55)
	at org.gradle.internal.execution.steps.PreCreateOutputParentsStep.execute(PreCreateOutputParentsStep.java:50)
	at org.gradle.internal.execution.steps.PreCreateOutputParentsStep.execute(PreCreateOutputParentsStep.java:28)
	at org.gradle.internal.execution.steps.RemovePreviousOutputsStep.execute(RemovePreviousOutputsStep.java:67)
	at org.gradle.internal.execution.steps.RemovePreviousOutputsStep.execute(RemovePreviousOutputsStep.java:37)
	at org.gradle.internal.execution.steps.BroadcastChangingOutputsStep.execute(BroadcastChangingOutputsStep.java:61)
	at org.gradle.internal.execution.steps.BroadcastChangingOutputsStep.execute(BroadcastChangingOutputsStep.java:26)
	at org.gradle.internal.execution.steps.CaptureOutputsAfterExecutionStep.execute(CaptureOutputsAfterExecutionStep.java:69)
	at org.gradle.internal.execution.steps.CaptureOutputsAfterExecutionStep.execute(CaptureOutputsAfterExecutionStep.java:46)
	at org.gradle.internal.execution.steps.ResolveInputChangesStep.execute(ResolveInputChangesStep.java:40)
	at org.gradle.internal.execution.steps.ResolveInputChangesStep.execute(ResolveInputChangesStep.java:29)
	at org.gradle.internal.execution.steps.BuildCacheStep.executeWithoutCache(BuildCacheStep.java:189)
	at org.gradle.internal.execution.steps.BuildCacheStep.executeAndStoreInCache(BuildCacheStep.java:145)
	at org.gradle.internal.execution.steps.BuildCacheStep.lambda$executeWithCache$4(BuildCacheStep.java:101)
	at org.gradle.internal.execution.steps.BuildCacheStep.lambda$executeWithCache$5(BuildCacheStep.java:101)
	at org.gradle.internal.Try$Success.map(Try.java:175)
	at org.gradle.internal.execution.steps.BuildCacheStep.executeWithCache(BuildCacheStep.java:85)
	at org.gradle.internal.execution.steps.BuildCacheStep.lambda$execute$0(BuildCacheStep.java:74)
	at org.gradle.internal.Either$Left.fold(Either.java:115)
	at org.gradle.internal.execution.caching.CachingState.fold(CachingState.java:62)
	at org.gradle.internal.execution.steps.BuildCacheStep.execute(BuildCacheStep.java:73)
	at org.gradle.internal.execution.steps.BuildCacheStep.execute(BuildCacheStep.java:48)
	at org.gradle.internal.execution.steps.StoreExecutionStateStep.execute(StoreExecutionStateStep.java:46)
	at org.gradle.internal.execution.steps.StoreExecutionStateStep.execute(StoreExecutionStateStep.java:35)
	at org.gradle.internal.execution.steps.SkipUpToDateStep.executeBecause(SkipUpToDateStep.java:75)
	at org.gradle.internal.execution.steps.SkipUpToDateStep.lambda$execute$2(SkipUpToDateStep.java:53)
	at org.gradle.internal.execution.steps.SkipUpToDateStep.execute(SkipUpToDateStep.java:53)
	at org.gradle.internal.execution.steps.SkipUpToDateStep.execute(SkipUpToDateStep.java:35)
	at org.gradle.internal.execution.steps.legacy.MarkSnapshottingInputsFinishedStep.execute(MarkSnapshottingInputsFinishedStep.java:37)
	at org.gradle.internal.execution.steps.legacy.MarkSnapshottingInputsFinishedStep.execute(MarkSnapshottingInputsFinishedStep.java:27)
	at org.gradle.internal.execution.steps.ResolveIncrementalCachingStateStep.executeDelegate(ResolveIncrementalCachingStateStep.java:49)
	at org.gradle.internal.execution.steps.ResolveIncrementalCachingStateStep.executeDelegate(ResolveIncrementalCachingStateStep.java:27)
	at org.gradle.internal.execution.steps.AbstractResolveCachingStateStep.execute(AbstractResolveCachingStateStep.java:71)
	at org.gradle.internal.execution.steps.AbstractResolveCachingStateStep.execute(AbstractResolveCachingStateStep.java:39)
	at org.gradle.internal.execution.steps.ResolveChangesStep.execute(ResolveChangesStep.java:65)
	at org.gradle.internal.execution.steps.ResolveChangesStep.execute(ResolveChangesStep.java:36)
	at org.gradle.internal.execution.steps.ValidateStep.execute(ValidateStep.java:107)
	at org.gradle.internal.execution.steps.ValidateStep.execute(ValidateStep.java:56)
	at org.gradle.internal.execution.steps.AbstractCaptureStateBeforeExecutionStep.execute(AbstractCaptureStateBeforeExecutionStep.java:64)
	at org.gradle.internal.execution.steps.AbstractCaptureStateBeforeExecutionStep.execute(AbstractCaptureStateBeforeExecutionStep.java:43)
	at org.gradle.internal.execution.steps.AbstractSkipEmptyWorkStep.executeWithNonEmptySources(AbstractSkipEmptyWorkStep.java:125)
	at org.gradle.internal.execution.steps.AbstractSkipEmptyWorkStep.execute(AbstractSkipEmptyWorkStep.java:61)
	at org.gradle.internal.execution.steps.AbstractSkipEmptyWorkStep.execute(AbstractSkipEmptyWorkStep.java:36)
	at org.gradle.internal.execution.steps.legacy.MarkSnapshottingInputsStartedStep.execute(MarkSnapshottingInputsStartedStep.java:38)
	at org.gradle.internal.execution.steps.LoadPreviousExecutionStateStep.execute(LoadPreviousExecutionStateStep.java:36)
	at org.gradle.internal.execution.steps.LoadPreviousExecutionStateStep.execute(LoadPreviousExecutionStateStep.java:23)
	at org.gradle.internal.execution.steps.HandleStaleOutputsStep.execute(HandleStaleOutputsStep.java:75)
	at org.gradle.internal.execution.steps.HandleStaleOutputsStep.execute(HandleStaleOutputsStep.java:41)
	at org.gradle.internal.execution.steps.AssignMutableWorkspaceStep.lambda$execute$0(AssignMutableWorkspaceStep.java:35)
	at org.gradle.api.internal.tasks.execution.TaskExecution$4.withWorkspace(TaskExecution.java:289)
	at org.gradle.internal.execution.steps.AssignMutableWorkspaceStep.execute(AssignMutableWorkspaceStep.java:31)
	at org.gradle.internal.execution.steps.AssignMutableWorkspaceStep.execute(AssignMutableWorkspaceStep.java:22)
	at org.gradle.internal.execution.steps.ChoosePipelineStep.execute(ChoosePipelineStep.java:40)
	at org.gradle.internal.execution.steps.ChoosePipelineStep.execute(ChoosePipelineStep.java:23)
	at org.gradle.internal.execution.steps.ExecuteWorkBuildOperationFiringStep.lambda$execute$2(ExecuteWorkBuildOperationFiringStep.java:67)
	at org.gradle.internal.execution.steps.ExecuteWorkBuildOperationFiringStep.execute(ExecuteWorkBuildOperationFiringStep.java:67)
	at org.gradle.internal.execution.steps.ExecuteWorkBuildOperationFiringStep.execute(ExecuteWorkBuildOperationFiringStep.java:39)
	at org.gradle.internal.execution.steps.IdentityCacheStep.execute(IdentityCacheStep.java:46)
	at org.gradle.internal.execution.steps.IdentityCacheStep.execute(IdentityCacheStep.java:34)
	at org.gradle.internal.execution.steps.IdentifyStep.execute(IdentifyStep.java:48)
	at org.gradle.internal.execution.steps.IdentifyStep.execute(IdentifyStep.java:35)
	at org.gradle.internal.execution.impl.DefaultExecutionEngine$1.execute(DefaultExecutionEngine.java:64)
	at org.gradle.api.internal.tasks.execution.ExecuteActionsTaskExecuter.executeIfValid(ExecuteActionsTaskExecuter.java:127)
	at org.gradle.api.internal.tasks.execution.ExecuteActionsTaskExecuter.execute(ExecuteActionsTaskExecuter.java:116)
	at org.gradle.api.internal.tasks.execution.ProblemsTaskPathTrackingTaskExecuter.execute(ProblemsTaskPathTrackingTaskExecuter.java:41)
	at org.gradle.api.internal.tasks.execution.FinalizePropertiesTaskExecuter.execute(FinalizePropertiesTaskExecuter.java:46)
	at org.gradle.api.internal.tasks.execution.ResolveTaskExecutionModeExecuter.execute(ResolveTaskExecutionModeExecuter.java:51)
	at org.gradle.api.internal.tasks.execution.SkipTaskWithNoActionsExecuter.execute(SkipTaskWithNoActionsExecuter.java:57)
	at org.gradle.api.internal.tasks.execution.SkipOnlyIfTaskExecuter.execute(SkipOnlyIfTaskExecuter.java:74)
	at org.gradle.api.internal.tasks.execution.CatchExceptionTaskExecuter.execute(CatchExceptionTaskExecuter.java:36)
	at org.gradle.api.internal.tasks.execution.EventFiringTaskExecuter$1.executeTask(EventFiringTaskExecuter.java:77)
	at org.gradle.api.internal.tasks.execution.EventFiringTaskExecuter$1.call(EventFiringTaskExecuter.java:55)
	at org.gradle.api.internal.tasks.execution.EventFiringTaskExecuter$1.call(EventFiringTaskExecuter.java:52)
	at org.gradle.internal.operations.DefaultBuildOperationRunner$CallableBuildOperationWorker.execute(DefaultBuildOperationRunner.java:210)
	at org.gradle.internal.operations.DefaultBuildOperationRunner$CallableBuildOperationWorker.execute(DefaultBuildOperationRunner.java:205)
	at org.gradle.internal.operations.DefaultBuildOperationRunner$2.execute(DefaultBuildOperationRunner.java:67)
	at org.gradle.internal.operations.DefaultBuildOperationRunner$2.execute(DefaultBuildOperationRunner.java:60)
	at org.gradle.internal.operations.DefaultBuildOperationRunner.execute(DefaultBuildOperationRunner.java:167)
	at org.gradle.internal.operations.DefaultBuildOperationRunner.execute(DefaultBuildOperationRunner.java:60)
	at org.gradle.internal.operations.DefaultBuildOperationRunner.call(DefaultBuildOperationRunner.java:54)
	at org.gradle.api.internal.tasks.execution.EventFiringTaskExecuter.execute(EventFiringTaskExecuter.java:52)
	at org.gradle.execution.plan.LocalTaskNodeExecutor.execute(LocalTaskNodeExecutor.java:42)
	at org.gradle.execution.taskgraph.DefaultTaskExecutionGraph$InvokeNodeExecutorsAction.execute(DefaultTaskExecutionGraph.java:331)
	at org.gradle.execution.taskgraph.DefaultTaskExecutionGraph$InvokeNodeExecutorsAction.execute(DefaultTaskExecutionGraph.java:318)
	at org.gradle.execution.taskgraph.DefaultTaskExecutionGraph$BuildOperationAwareExecutionAction.lambda$execute$0(DefaultTaskExecutionGraph.java:314)
	at org.gradle.internal.operations.CurrentBuildOperationRef.with(CurrentBuildOperationRef.java:85)
	at org.gradle.execution.taskgraph.DefaultTaskExecutionGraph$BuildOperationAwareExecutionAction.execute(DefaultTaskExecutionGraph.java:314)
	at org.gradle.execution.taskgraph.DefaultTaskExecutionGraph$BuildOperationAwareExecutionAction.execute(DefaultTaskExecutionGraph.java:303)
	at org.gradle.execution.plan.DefaultPlanExecutor$ExecutorWorker.execute(DefaultPlanExecutor.java:459)
	at org.gradle.execution.plan.DefaultPlanExecutor$ExecutorWorker.run(DefaultPlanExecutor.java:376)
	at org.gradle.internal.concurrent.ExecutorPolicy$CatchAndRecordFailures.onExecute(ExecutorPolicy.java:64)
	at org.gradle.internal.concurrent.AbstractManagedExecutor$1.run(AbstractManagedExecutor.java:48)
Caused by: org.jetbrains.kotlin.gradle.tasks.FailedCompilationException: Internal compiler error. See log for more details
	at org.jetbrains.kotlin.gradle.tasks.TasksUtilsKt.throwExceptionIfCompilationFailed(tasksUtils.kt:22)
	at org.jetbrains.kotlin.compilerRunner.GradleKotlinCompilerWork.run(GradleKotlinCompilerWork.kt:112)
	at org.jetbrains.kotlin.compilerRunner.GradleCompilerRunnerWithWorkers$GradleKotlinCompilerWorkAction.execute(GradleCompilerRunnerWithWorkers.kt:74)
	at org.gradle.workers.internal.DefaultWorkerServer.execute(DefaultWorkerServer.java:63)
	at org.gradle.workers.internal.NoIsolationWorkerFactory$1$1.create(NoIsolationWorkerFactory.java:66)
	at org.gradle.workers.internal.NoIsolationWorkerFactory$1$1.create(NoIsolationWorkerFactory.java:62)
	at org.gradle.internal.classloader.ClassLoaderUtils.executeInClassloader(ClassLoaderUtils.java:100)
	at org.gradle.workers.internal.NoIsolationWorkerFactory$1.lambda$execute$0(NoIsolationWorkerFactory.java:62)
	at org.gradle.workers.internal.AbstractWorker$1.call(AbstractWorker.java:44)
	at org.gradle.workers.internal.AbstractWorker$1.call(AbstractWorker.java:41)
	at org.gradle.internal.operations.DefaultBuildOperationRunner$CallableBuildOperationWorker.execute(DefaultBuildOperationRunner.java:210)
	at org.gradle.internal.operations.DefaultBuildOperationRunner$CallableBuildOperationWorker.execute(DefaultBuildOperationRunner.java:205)
	at org.gradle.internal.operations.DefaultBuildOperationRunner$2.execute(DefaultBuildOperationRunner.java:67)
	at org.gradle.internal.operations.DefaultBuildOperationRunner$2.execute(DefaultBuildOperationRunner.java:60)
	at org.gradle.internal.operations.DefaultBuildOperationRunner.execute(DefaultBuildOperationRunner.java:167)
	at org.gradle.internal.operations.DefaultBuildOperationRunner.execute(DefaultBuildOperationRunner.java:60)
	at org.gradle.internal.operations.DefaultBuildOperationRunner.call(DefaultBuildOperationRunner.java:54)
	at org.gradle.workers.internal.AbstractWorker.executeWrappedInBuildOperation(AbstractWorker.java:41)
	at org.gradle.workers.internal.NoIsolationWorkerFactory$1.execute(NoIsolationWorkerFactory.java:59)
	at org.gradle.workers.internal.DefaultWorkerExecutor.lambda$submitWork$0(DefaultWorkerExecutor.java:174)
	at org.gradle.internal.work.DefaultConditionalExecutionQueue$ExecutionRunner.runExecution(DefaultConditionalExecutionQueue.java:194)
	at org.gradle.internal.work.DefaultConditionalExecutionQueue$ExecutionRunner.access$700(DefaultConditionalExecutionQueue.java:127)
	at org.gradle.internal.work.DefaultConditionalExecutionQueue$ExecutionRunner$1.run(DefaultConditionalExecutionQueue.java:169)
	at org.gradle.internal.Factories$1.create(Factories.java:31)
	at org.gradle.internal.work.DefaultWorkerLeaseService.withLocks(DefaultWorkerLeaseService.java:263)
	at org.gradle.internal.work.DefaultWorkerLeaseService.runAsWorkerThread(DefaultWorkerLeaseService.java:127)
	at org.gradle.internal.work.DefaultWorkerLeaseService.runAsWorkerThread(DefaultWorkerLeaseService.java:132)
	at org.gradle.internal.work.DefaultConditionalExecutionQueue$ExecutionRunner.runBatch(DefaultConditionalExecutionQueue.java:164)
	at org.gradle.internal.work.DefaultConditionalExecutionQueue$ExecutionRunner.run(DefaultConditionalExecutionQueue.java:133)
	... 2 more


Deprecated Gradle features were used in this build, making it incompatible with Gradle 9.0.

You can use '--warning-mode all' to show the individual deprecation warnings and determine if they come from your own scripts or plugins.

For more on this, please refer to https://docs.gradle.org/8.14/userguide/command_line_interface.html#sec:command_line_warnings in the Gradle documentation.

BUILD FAILED in 7s
153 actionable tasks: 2 executed, 151 up-to-date
Watched directory hierarchies: [/Users/aria/zaedalus/wit-parser-kotlin, /Users/aria/zaedalus/kotlin]
Configuration cache entry stored.
Configuration Cache (/Users/aria/zaedalus/kotlin/.gradle/configuration-cache) [subdir: /Users/aria/zaedalus/kotlin/.gradle/configuration-cache/8e40ba0a-bf49-4b2f-9a45-0a64f92cd78c] cleanup deleted 7 files/directories.
